8310, 8311, 8312, 8313, 8314, 8315, 8316, 8317, 8318, 8319, 8320, 8321, 8322, 8323, 8324, 8625, 8626, 8627, 8628, 8629, 8630, 8631, 8632, 8633, 8634, 8635, 8636, 8637, 8638, 8639, 8805, 8806, 8807, 8808, 8809, 8810, 8811, 8812, 8813, 8814, 8815, 8816, 8817, 8818, 8819, 8850, 8851, 8852, 8853, 8854, 8855, 8856, 8857, 8858, 8859, 8860, 8861, 8862, 8863, 8864, 9030, 9031, 9032, 9033, 9034, 9035, 9036, 9037, 9038, 9039, 9040, 9041, 9042, 9043, 9044, 9165, 9166, 9167, 9168, 9169, 9170, 9171, 9172, 9173, 9174, 9175, 9176, 9177, 9178, 9179, 9315, 9316, 9317, 9318, 9319, 9320, 9321, 9322, 9323, 9324, 9325, 9326, 9327, 9328, 9329, 9375, 9376, 9377, 9378, 9379, 9380, 9381, 9382, 9383, 9384, 9385, 9386, 9387, 9388, 9389, 9720, 9721, 9722, 9723, 9724, 9725, 9726, 9727, 9728, 9729, 9730, 9731, 9732, 9733, 9734, 9765, 9766, 9767, 9768, 9769, 9770, 9771, 9772, 9773, 9774, 9775, 9776, 9777, 9778, 9779, 9810, 9811, 9812, 9813, 9814, 9815, 9816, 9817, 9818, 9819, 9820, 9821, 9822, 9823, 9824, 9915, 9916, 9917, 9918, 9919, 9920, 9921, 9922, 9923, 9924, 9925, 9926, 9927, 9928, 9929, 10035, 10036, 10037, 10038, 10039, 10040, 10041, 10042, 10043, 10044, 10045, 10046, 10047, 10048, 10049, 10050, 10051, 10052, 10053, 10054, 10055, 10056, 10057, 10058, 10059, 10060, 10061, 10062, 10063, 10064, 10125, 10126, 10127, 10128, 10129, 10130, 10131, 10132, 10133, 10134, 10135, 10136, 10137, 10138, 10139, 10320, 10321, 10322, 10323, 10324, 10325, 10326, 10327, 10328, 10329, 10330, 10331, 10332, 10333, 10334, 10365, 10366, 10367, 10368, 10369, 10370, 10371, 10372, 10373, 10374, 10375, 10376, 10377, 10378, 10379, 10380, 10381, 10382, 10383, 10384, 10385, 10386, 10387, 10388, 10389, 10390, 10391, 10392, 10393, 10394, 10410, 10411, 10412, 10413, 10414, 10415, 10416, 10417, 10418, 10419, 10420, 10421, 10422, 10423, 10424, 10500, 10501, 10502, 10503, 10504, 10505, 10506, 10507, 10508, 10509, 10510, 10511, 10512, 10513, 10514, 10515, 10516, 10517, 10518, 10519, 10520, 10521, 10522, 10523, 10524, 10525, 10526, 10527, 10528, 10529, 10650, 10651, 10652, 10653, 10654, 10655, 10656, 10657, 10658, 10659, 10660, 10661, 10662, 10663, 10664, 10665, 10666, 10667, 10668, 10669, 10670, 10671, 10672, 10673, 10674, 10675, 10676, 10677, 10678, 10679, 10710, 10711, 10712, 10713, 10714, 10715, 10716, 10717, 10718, 10719, 10720, 10721, 10722, 10723, 10724, 10740, 10741, 10742, 10743, 10744, 10745, 10746, 10747, 10748, 10749, 10750, 10751, 10752, 10753, 10754, 10905, 10906, 10907, 10908, 10909, 10910, 10911, 10912, 10913, 10914, 10915, 10916, 10917, 10918, 10919, 10995, 10996, 10997, 10998, 10999, 11000, 11001, 11002, 11003, 11004, 11005, 11006, 11007, 11008, 11009, 11040, 11041, 11042, 11043, 11044, 11045, 11046, 11047, 11048, 11049, 11050, 11051, 11052, 11053, 11054, 11115, 11116, 11117, 11118, 11119, 11120, 11121, 11122, 11123, 11124, 11125, 11126, 11127, 11128, 11129, 11295, 11296, 11297, 11298, 11299, 11300, 11301, 11302, 11303, 11304, 11305, 11306, 11307, 11308, 11309, 11325, 11326, 11327, 11328, 11329, 11330, 11331, 11332, 11333, 11334, 11335, 11336, 11337, 11338, 11339, 11340, 11341, 11342, 11343, 11344, 11345, 11346, 11347, 11348, 11349, 11350, 11351, 11352, 11353, 11354, 11625, 11626, 11627, 11628, 11629, 11630, 11631, 11632, 11633, 11634, 11635, 11636, 11637, 11638, 11639, 11760, 11761, 11762, 11763, 11764, 11765, 11766, 11767, 11768, 11769, 11770, 11771, 11772, 11773, 11774, 11775, 11776, 11777, 11778, 11779, 11780, 11781, 11782, 11783, 11784, 11785, 11786, 11787, 11788, 11789, 11895, 11896, 11897, 11898, 11899, 11900, 11901, 11902, 11903, 11904, 11905, 11906, 11907, 11908, 11909, 11955, 11956, 11957, 11958, 11959, 11960, 11961, 11962, 11963, 11964, 11965, 11966, 11967, 11968, 11969, 11970, 11971, 11972, 11973, 11974, 11975, 11976, 11977, 11978, 11979, 11980, 11981, 11982, 11983, 11984, 12090, 12091, 12092, 12093, 12094, 12095, 12096, 12097, 12098, 12099, 12100, 12101, 12102, 12103, 12104, 12120, 12121, 12122, 12123, 12124, 12125, 12126, 12127, 12128, 12129, 12130, 12131, 12132, 12133, 12134, 
8310, 8311, 8312, 8313, 8314, 8315, 8316, 8317, 8318, 8319, 8320, 8321, 8322, 8323, 8324, 8625, 8626, 8627, 8628, 8629, 8630, 8631, 8632, 8633, 8634, 8635, 8636, 8637, 8638, 8639, 8805, 8806, 8807, 8808, 8809, 8810, 8811, 8812, 8813, 8814, 8815, 8816, 8817, 8818, 8819, 8850, 8851, 8852, 8853, 8854, 8855, 8856, 8857, 8858, 8859, 8860, 8861, 8862, 8863, 8864, 9030, 9031, 9032, 9033, 9034, 9035, 9036, 9037, 9038, 9039, 9040, 9041, 9042, 9043, 9044, 9165, 9166, 9167, 9168, 9169, 9170, 9171, 9172, 9173, 9174, 9175, 9176, 9177, 9178, 9179, 9315, 9316, 9317, 9318, 9319, 9320, 9321, 9322, 9323, 9324, 9325, 9326, 9327, 9328, 9329, 9375, 9376, 9377, 9378, 9379, 9380, 9381, 9382, 9383, 9384, 9385, 9386, 9387, 9388, 9389, 9720, 9721, 9722, 9723, 9724, 9725, 9726, 9727, 9728, 9729, 9730, 9731, 9732, 9733, 9734, 9765, 9766, 9767, 9768, 9769, 9770, 9771, 9772, 9773, 9774, 9775, 9776, 9777, 9778, 9779, 9810, 9811, 9812, 9813, 9814, 9815, 9816, 9817, 9818, 9819, 9820, 9821, 9822, 9823, 9824, 9915, 9916, 9917, 9918, 9919, 9920, 9921, 9922, 9923, 9924, 9925, 9926, 9927, 9928, 9929, 10035, 10036, 10037, 10038, 10039, 10040, 10041, 10042, 10043, 10044, 10045, 10046, 10047, 10048, 10049, 10050, 10051, 10052, 10053, 10054, 10055, 10056, 10057, 10058, 10059, 10060, 10061, 10062, 10063, 10064, 10125, 10126, 10127, 10128, 10129, 10130, 10131, 10132, 10133, 10134, 10135, 10136, 10137, 10138, 10139, 10320, 10321, 10322, 10323, 10324, 10325, 10326, 10327, 10328, 10329, 10330, 10331, 10332, 10333, 10334, 10365, 10366, 10367, 10368, 10369, 10370, 10371, 10372, 10373, 10374, 10375, 10376, 10377, 10378, 10379, 10380, 10381, 10382, 10383, 10384, 10385, 10386, 10387, 10388, 10389, 10390, 10391, 10392, 10393, 10394, 10410, 10411, 10412, 10413, 10414, 10415, 10416, 10417, 10418, 10419, 10420, 10421, 10422, 10423, 10424, 10500, 10501, 10502, 10503, 10504, 10505, 10506, 10507, 10508, 10509, 10510, 10511, 10512, 10513, 10514, 10515, 10516, 10517, 10518, 10519, 10520, 10521, 10522, 10523, 10524, 10525, 10526, 10527, 10528, 10529, 10650, 10651, 10652, 10653, 10654, 10655, 10656, 10657, 10658, 10659, 10660, 10661, 10662, 10663, 10664, 10665, 10666, 10667, 10668, 10669, 10670, 10671, 10672, 10673, 10674, 10675, 10676, 10677, 10678, 10679, 10710, 10711, 10712, 10713, 10714, 10715, 10716, 10717, 10718, 10719, 10720, 10721, 10722, 10723, 10724, 10740, 10741, 10742, 10743, 10744, 10745, 10746, 10747, 10748, 10749, 10750, 10751, 10752, 10753, 10754, 10905, 10906, 10907, 10908, 10909, 10910, 10911, 10912, 10913, 10914, 10915, 10916, 10917, 10918, 10919, 10995, 10996, 10997, 10998, 10999, 11000, 11001, 11002, 11003, 11004, 11005, 11006, 11007, 11008, 11009, 11051, 11115, 11116, 11117, 11118, 11119, 11120, 11121, 11122, 11123, 11124, 11125, 11126, 11127, 11128, 11129, 11295, 11296, 11297, 11298, 11299, 11300, 11301, 11302, 11303, 11304, 11305, 11306, 11307, 11308, 11309, 11325, 11326, 11327, 11328, 11329, 11330, 11331, 11332, 11333, 11334, 11335, 11336, 11337, 11338, 11339, 11340, 11341, 11342, 11343, 11344, 11345, 11346, 11347, 11348, 11349, 11350, 11351, 11352, 11353, 11354, 11625, 11626, 11627, 11628, 11629, 11630, 11631, 11632, 11633, 11634, 11635, 11636, 11637, 11638, 11639, 11760, 11761, 11762, 11763, 11764, 11765, 11766, 11767, 11768, 11769, 11770, 11771, 11772, 11773, 11774, 11775, 11776, 11777, 11778, 11779, 11780, 11781, 11782, 11783, 11784, 11785, 11786, 11787, 11788, 11789, 11895, 11896, 11897, 11898, 11899, 11900, 11901, 11902, 11903, 11904, 11905, 11906, 11907, 11908, 11909, 11955, 11956, 11957, 11958, 11959, 11960, 11961, 11962, 11963, 11964, 11965, 11966, 11967, 11968, 11969, 11970, 11971, 11972, 11973, 11974, 11975, 11976, 11977, 11978, 11979, 11980, 11981, 11982, 11983, 11984, 12090, 12091, 12092, 12093, 12094, 12095, 12096, 12097, 12098, 12099, 12100, 12101, 12102, 12103, 12104, 12120, 12121, 12122, 12123, 12124, 12125, 12126, 12127, 12128, 12129, 12130, 12131, 12132, 12133, 12134, 
8310, 8311, 8312, 8313, 8314, 8315, 8316, 8317, 8318, 8319, 8320, 8321, 8322, 8323, 8324, 8625, 8626, 8627, 8628, 8629, 8630, 8631, 8632, 8633, 8634, 8635, 8636, 8637, 8638, 8639, 8805, 8806, 8807, 8808, 8809, 8810, 8811, 8812, 8813, 8814, 8815, 8816, 8817, 8818, 8819, 8850, 8851, 8852, 8853, 8854, 8855, 8856, 8857, 8858, 8859, 8860, 8861, 8862, 8863, 8864, 9030, 9031, 9032, 9033, 9034, 9035, 9036, 9037, 9038, 9039, 9040, 9041, 9042, 9043, 9044, 9165, 9166, 9167, 9168, 9169, 9170, 9171, 9172, 9173, 9174, 9175, 9176, 9177, 9178, 9179, 9315, 9316, 9317, 9318, 9319, 9320, 9321, 9322, 9323, 9324, 9325, 9326, 9327, 9328, 9329, 9375, 9376, 9377, 9378, 9379, 9380, 9381, 9382, 9383, 9384, 9385, 9386, 9387, 9388, 9389, 9720, 9721, 9722, 9723, 9724, 9725, 9726, 9727, 9728, 9729, 9730, 9731, 9732, 9733, 9734, 9765, 9766, 9767, 9768, 9769, 9770, 9771, 9772, 9773, 9774, 9775, 9776, 9777, 9778, 9779, 9810, 9811, 9812, 9813, 9814, 9815, 9816, 9817, 9818, 9819, 9820, 9821, 9822, 9823, 9824, 9915, 9916, 9917, 9918, 9919, 9920, 9921, 9922, 9923, 9924, 9925, 9926, 9927, 9928, 9929, 10035, 10036, 10037, 10038, 10039, 10040, 10041, 10042, 10043, 10044, 10045, 10046, 10047, 10048, 10049, 10050, 10051, 10052, 10053, 10054, 10055, 10056, 10057, 10058, 10059, 10060, 10061, 10062, 10063, 10064, 10125, 10126, 10127, 10128, 10129, 10130, 10131, 10132, 10133, 10134, 10135, 10136, 10137, 10138, 10139, 10320, 10321, 10322, 10323, 10324, 10325, 10326, 10327, 10328, 10329, 10330, 10331, 10332, 10333, 10334, 10365, 10366, 10367, 10368, 10369, 10370, 10371, 10372, 10373, 10374, 10375, 10376, 10377, 10378, 10379, 10380, 10381, 10382, 10383, 10384, 10385, 10386, 10387, 10388, 10389, 10390, 10391, 10392, 10393, 10394, 10410, 10411, 10412, 10413, 10414, 10415, 10416, 10417, 10418, 10419, 10420, 10421, 10422, 10423, 10424, 10500, 10501, 10502, 10503, 10504, 10505, 10506, 10507, 10508, 10509, 10510, 10511, 10512, 10513, 10514, 10515, 10516, 10517, 10518, 10519, 10520, 10521, 10522, 10523, 10524, 10525, 10526, 10527, 10528, 10529, 10650, 10651, 10652, 10653, 10654, 10655, 10656, 10657, 10658, 10659, 10660, 10661, 10662, 10663, 10664, 10665, 10666, 10667, 10668, 10669, 10670, 10671, 10672, 10673, 10674, 10675, 10676, 10677, 10678, 10679, 10710, 10711, 10712, 10713, 10714, 10715, 10716, 10717, 10718, 10719, 10720, 10721, 10722, 10723, 10724, 10740, 10741, 10742, 10743, 10744, 10745, 10746, 10747, 10748, 10749, 10750, 10751, 10752, 10753, 10754, 10905, 10906, 10907, 10908, 10909, 10910, 10911, 10912, 10913, 10914, 10915, 10916, 10917, 10918, 10919, 10995, 10996, 10997, 10998, 10999, 11000, 11001, 11002, 11003, 11004, 11005, 11006, 11007, 11008, 11009, 11051, 11115, 11116, 11117, 11118, 11119, 11120, 11121, 11122, 11123, 11124, 11125, 11126, 11127, 11128, 11129, 11295, 11296, 11297, 11298, 11299, 11300, 11301, 11302, 11303, 11304, 11305, 11306, 11307, 11308, 11309, 11325, 11326, 11327, 11328, 11329, 11330, 11331, 11332, 11333, 11334, 11335, 11336, 11337, 11338, 11339, 11340, 11341, 11342, 11343, 11344, 11345, 11346, 11347, 11348, 11349, 11350, 11351, 11352, 11353, 11354, 11625, 11626, 11627, 11628, 11629, 11630, 11631, 11632, 11633, 11634, 11635, 11636, 11637, 11638, 11639, 11760, 11761, 11762, 11763, 11764, 11765, 11766, 11767, 11768, 11769, 11770, 11771, 11772, 11773, 11774, 11775, 11776, 11777, 11778, 11779, 11780, 11781, 11782, 11783, 11784, 11785, 11786, 11787, 11788, 11789, 11895, 11896, 11897, 11898, 11899, 11900, 11901, 11902, 11903, 11904, 11905, 11906, 11907, 11908, 11909, 11955, 11956, 11957, 11958, 11959, 11960, 11961, 11962, 11963, 11964, 11965, 11966, 11967, 11968, 11969, 11970, 11971, 11972, 11973, 11974, 11975, 11976, 11977, 11978, 11979, 11980, 11981, 11982, 11983, 11984, 12090, 12091, 12092, 12093, 12094, 12095, 12096, 12097, 12098, 12099, 12100, 12101, 12102, 12103, 12104, 12120, 12121, 12122, 12123, 12124, 12125, 12126, 12127, 12128, 12129, 12130, 12131, 12132, 12133, 12134, 
8310, 8311, 8312, 8313, 8314, 8315, 8316, 8317, 8318, 8319, 8320, 8321, 8322, 8323, 8324, 8625, 8626, 8627, 8628, 8629, 8630, 8631, 8632, 8633, 8634, 8635, 8636, 8637, 8638, 8639, 8805, 8806, 8807, 8808, 8809, 8810, 8811, 8812, 8813, 8814, 8815, 8816, 8817, 8818, 8819, 8850, 8851, 8852, 8853, 8854, 8855, 8856, 8857, 8858, 8859, 8860, 8861, 8862, 8863, 8864, 9030, 9031, 9032, 9033, 9034, 9035, 9036, 9037, 9038, 9039, 9040, 9041, 9042, 9043, 9044, 9165, 9166, 9167, 9168, 9169, 9170, 9171, 9172, 9173, 9174, 9175, 9176, 9177, 9178, 9179, 9315, 9316, 9317, 9318, 9319, 9320, 9321, 9322, 9323, 9324, 9325, 9326, 9327, 9328, 9329, 9375, 9376, 9377, 9378, 9379, 9380, 9381, 9382, 9383, 9384, 9385, 9386, 9387, 9388, 9389, 9720, 9721, 9722, 9723, 9724, 9725, 9726, 9727, 9728, 9729, 9730, 9731, 9732, 9733, 9734, 9770, 9810, 9811, 9812, 9813, 9814, 9815, 9816, 9817, 9818, 9819, 9820, 9821, 9822, 9823, 9824, 9915, 9916, 9917, 9918, 9919, 9920, 9921, 9922, 9923, 9924, 9925, 9926, 9927, 9928, 9929, 10035, 10036, 10037, 10038, 10039, 10040, 10041, 10042, 10043, 10044, 10045, 10046, 10047, 10048, 10049, 10058, 10139, 10327, 10377, 10380, 10381, 10382, 10383, 10384, 10385, 10386, 10387, 10388, 10389, 10390, 10391, 10392, 10393, 10394, 10416, 10500, 10501, 10502, 10503, 10504, 10505, 10506, 10507, 10508, 10509, 10510, 10511, 10512, 10513, 10514, 10518, 10660, 10665, 10666, 10667, 10668, 10669, 10670, 10671, 10672, 10673, 10674, 10675, 10676, 10677, 10678, 10679, 10710, 10711, 10712, 10713, 10714, 10715, 10716, 10717, 10718, 10719, 10720, 10721, 10722, 10723, 10724, 10740, 10741, 10742, 10743, 10744, 10745, 10746, 10747, 10748, 10749, 10750, 10751, 10752, 10753, 10754, 10905, 10906, 10907, 10908, 10909, 10910, 10911, 10912, 10913, 10914, 10915, 10916, 10917, 10918, 10919, 10995, 10996, 10997, 10998, 10999, 11000, 11001, 11002, 11003, 11004, 11005, 11006, 11007, 11008, 11009, 11051, 11115, 11116, 11117, 11118, 11119, 11120, 11121, 11122, 11123, 11124, 11125, 11126, 11127, 11128, 11129, 11295, 11296, 11297, 11298, 11299, 11300, 11301, 11302, 11303, 11304, 11305, 11306, 11307, 11308, 11309, 11325, 11326, 11327, 11328, 11329, 11330, 11331, 11332, 11333, 11334, 11335, 11336, 11337, 11338, 11339, 11340, 11341, 11342, 11343, 11344, 11345, 11346, 11347, 11348, 11349, 11350, 11351, 11352, 11353, 11354, 11625, 11626, 11627, 11628, 11629, 11630, 11631, 11632, 11633, 11634, 11635, 11636, 11637, 11638, 11639, 11761, 11784, 11908, 11969, 11980, 12090, 12128, 
8310, 8311, 8312, 8313, 8314, 8315, 8316, 8317, 8318, 8319, 8320, 8321, 8322, 8323, 8324, 8625, 8626, 8627, 8628, 8629, 8630, 8631, 8632, 8633, 8634, 8635, 8636, 8637, 8638, 8639, 8805, 8806, 8807, 8808, 8809, 8810, 8811, 8812, 8813, 8814, 8815, 8816, 8817, 8818, 8819, 8850, 8851, 8852, 8853, 8854, 8855, 8856, 8857, 8858, 8859, 8860, 8861, 8862, 8863, 8864, 9030, 9031, 9032, 9033, 9034, 9035, 9036, 9037, 9038, 9039, 9040, 9041, 9042, 9043, 9044, 9165, 9166, 9167, 9168, 9169, 9170, 9171, 9172, 9173, 9174, 9175, 9176, 9177, 9178, 9179, 9315, 9316, 9317, 9318, 9319, 9320, 9321, 9322, 9323, 9324, 9325, 9326, 9327, 9328, 9329, 9375, 9376, 9377, 9378, 9379, 9380, 9381, 9382, 9383, 9384, 9385, 9386, 9387, 9388, 9389, 9720, 9721, 9722, 9723, 9724, 9725, 9726, 9727, 9728, 9729, 9730, 9731, 9732, 9733, 9734, 9770, 9810, 9811, 9812, 9813, 9814, 9815, 9816, 9817, 9818, 9819, 9820, 9821, 9822, 9823, 9824, 9915, 9916, 9917, 9918, 9919, 9920, 9921, 9922, 9923, 9924, 9925, 9926, 9927, 9928, 9929, 10035, 10036, 10037, 10038, 10039, 10040, 10041, 10042, 10043, 10044, 10045, 10046, 10047, 10048, 10049, 10058, 10139, 10327, 10377, 10380, 10381, 10382, 10383, 10384, 10385, 10386, 10387, 10388, 10389, 10390, 10391, 10392, 10393, 10394, 10416, 10500, 10501, 10502, 10503, 10504, 10505, 10506, 10507, 10508, 10509, 10510, 10511, 10512, 10513, 10514, 10518, 10660, 10665, 10666, 10667, 10668, 10669, 10670, 10671, 10672, 10673, 10674, 10675, 10676, 10677, 10678, 10679, 10710, 10711, 10712, 10713, 10714, 10715, 10716, 10717, 10718, 10719, 10720, 10721, 10722, 10723, 10724, 10740, 10741, 10742, 10743, 10744, 10745, 10746, 10747, 10748, 10749, 10750, 10751, 10752, 10753, 10754, 10905, 10906, 10907, 10908, 10909, 10910, 10911, 10912, 10913, 10914, 10915, 10916, 10917, 10918, 10919, 10995, 10996, 10997, 10998, 10999, 11000, 11001, 11002, 11003, 11004, 11005, 11006, 11007, 11008, 11009, 11051, 11115, 11116, 11117, 11118, 11119, 11120, 11121, 11122, 11123, 11124, 11125, 11126, 11127, 11128, 11129, 11295, 11296, 11297, 11298, 11299, 11300, 11301, 11302, 11303, 11304, 11305, 11306, 11307, 11308, 11309, 11325, 11326, 11327, 11328, 11329, 11330, 11331, 11332, 11333, 11334, 11335, 11336, 11337, 11338, 11339, 11340, 11341, 11342, 11343, 11344, 11345, 11346, 11347, 11348, 11349, 11350, 11351, 11352, 11353, 11354, 11625, 11626, 11627, 11628, 11629, 11630, 11631, 11632, 11633, 11634, 11635, 11636, 11637, 11638, 11639, 11761, 11784, 11908, 11969, 11980, 12090, 12128, 
8310, 8311, 8312, 8313, 8314, 8315, 8316, 8317, 8318, 8319, 8320, 8321, 8322, 8323, 8324, 8625, 8626, 8627, 8628, 8629, 8630, 8631, 8632, 8633, 8634, 8635, 8636, 8637, 8638, 8639, 8805, 8806, 8807, 8808, 8809, 8810, 8811, 8812, 8813, 8814, 8815, 8816, 8817, 8818, 8819, 8850, 8851, 8852, 8853, 8854, 8855, 8856, 8857, 8858, 8859, 8860, 8861, 8862, 8863, 8864, 9030, 9031, 9032, 9033, 9034, 9035, 9036, 9037, 9038, 9039, 9040, 9041, 9042, 9043, 9044, 9165, 9166, 9167, 9168, 9169, 9170, 9171, 9172, 9173, 9174, 9175, 9176, 9177, 9178, 9179, 9315, 9316, 9317, 9318, 9319, 9320, 9321, 9322, 9323, 9324, 9325, 9326, 9327, 9328, 9329, 9375, 9376, 9377, 9378, 9379, 9380, 9381, 9382, 9383, 9384, 9385, 9386, 9387, 9388, 9389, 9720, 9721, 9722, 9723, 9724, 9725, 9726, 9727, 9728, 9729, 9730, 9731, 9732, 9733, 9734, 9770, 9810, 9811, 9812, 9813, 9814, 9815, 9816, 9817, 9818, 9819, 9820, 9821, 9822, 9823, 9824, 9915, 9916, 9917, 9918, 9919, 9920, 9921, 9922, 9923, 9924, 9925, 9926, 9927, 9928, 9929, 10035, 10036, 10037, 10038, 10039, 10040, 10041, 10042, 10043, 10044, 10045, 10046, 10047, 10048, 10049, 10058, 10139, 10327, 10377, 10380, 10381, 10382, 10383, 10384, 10385, 10386, 10387, 10388, 10389, 10390, 10391, 10392, 10393, 10394, 10416, 10500, 10501, 10502, 10503, 10504, 10505, 10506, 10507, 10508, 10509, 10510, 10511, 10512, 10513, 10514, 10518, 10660, 10665, 10666, 10667, 10668, 10669, 10670, 10671, 10672, 10673, 10674, 10675, 10676, 10677, 10678, 10679, 10710, 10711, 10712, 10713, 10714, 10715, 10716, 10717, 10718, 10719, 10720, 10721, 10722, 10723, 10724, 10740, 10741, 10742, 10743, 10744, 10745, 10746, 10747, 10748, 10749, 10750, 10751, 10752, 10753, 10754, 10905, 10906, 10907, 10908, 10909, 10910, 10911, 10912, 10913, 10914, 10915, 10916, 10917, 10918, 10919, 10995, 10996, 10997, 10998, 10999, 11000, 11001, 11002, 11003, 11004, 11005, 11006, 11007, 11008, 11009, 11051, 11115, 11116, 11117, 11118, 11119, 11120, 11121, 11122, 11123, 11124, 11125, 11126, 11127, 11128, 11129, 11295, 11296, 11297, 11298, 11299, 11300, 11301, 11302, 11303, 11304, 11305, 11306, 11307, 11308, 11309, 11325, 11326, 11327, 11328, 11329, 11330, 11331, 11332, 11333, 11334, 11335, 11336, 11337, 11338, 11339, 11340, 11341, 11342, 11343, 11344, 11345, 11346, 11347, 11348, 11349, 11350, 11351, 11352, 11353, 11354, 11625, 11626, 11627, 11628, 11629, 11630, 11631, 11632, 11633, 11634, 11635, 11636, 11637, 11638, 11639, 11761, 11784, 11908, 11969, 11980, 12090, 12128, 
8310, 8311, 8312, 8313, 8314, 8315, 8316, 8317, 8318, 8319, 8320, 8321, 8322, 8323, 8324, 8625, 8626, 8627, 8628, 8629, 8630, 8631, 8632, 8633, 8634, 8635, 8636, 8637, 8638, 8639, 8805, 8806, 8807, 8808, 8809, 8810, 8811, 8812, 8813, 8814, 8815, 8816, 8817, 8818, 8819, 8850, 8851, 8852, 8853, 8854, 8855, 8856, 8857, 8858, 8859, 8860, 8861, 8862, 8863, 8864, 9030, 9031, 9032, 9033, 9034, 9035, 9036, 9037, 9038, 9039, 9040, 9041, 9042, 9043, 9044, 9165, 9166, 9167, 9168, 9169, 9170, 9171, 9172, 9173, 9174, 9175, 9176, 9177, 9178, 9179, 9315, 9316, 9317, 9318, 9319, 9320, 9321, 9322, 9323, 9324, 9325, 9326, 9327, 9328, 9329, 9375, 9376, 9377, 9378, 9379, 9380, 9381, 9382, 9383, 9384, 9385, 9386, 9387, 9388, 9389, 9720, 9721, 9722, 9723, 9724, 9725, 9726, 9727, 9728, 9729, 9730, 9731, 9732, 9733, 9734, 9770, 9810, 9811, 9812, 9813, 9814, 9815, 9816, 9817, 9818, 9819, 9820, 9821, 9822, 9823, 9824, 9915, 9916, 9917, 9918, 9919, 9920, 9921, 9922, 9923, 9924, 9925, 9926, 9927, 9928, 9929, 10035, 10036, 10037, 10038, 10039, 10040, 10041, 10042, 10043, 10044, 10045, 10046, 10047, 10048, 10049, 10058, 10139, 10327, 10377, 10380, 10381, 10382, 10383, 10384, 10385, 10386, 10387, 10388, 10389, 10390, 10391, 10392, 10393, 10394, 10416, 10500, 10501, 10502, 10503, 10504, 10505, 10506, 10507, 10508, 10509, 10510, 10511, 10512, 10513, 10514, 10518, 10660, 10665, 10666, 10667, 10668, 10669, 10670, 10671, 10672, 10673, 10674, 10675, 10676, 10677, 10678, 10679, 10710, 10711, 10712, 10713, 10714, 10715, 10716, 10717, 10718, 10719, 10720, 10721, 10722, 10723, 10724, 10740, 10741, 10742, 10743, 10744, 10745, 10746, 10747, 10748, 10749, 10750, 10751, 10752, 10753, 10754, 10905, 10906, 10907, 10908, 10909, 10910, 10911, 10912, 10913, 10914, 10915, 10916, 10917, 10918, 10919, 10995, 10996, 10997, 10998, 10999, 11000, 11001, 11002, 11003, 11004, 11005, 11006, 11007, 11008, 11009, 11051, 11115, 11116, 11117, 11118, 11119, 11120, 11121, 11122, 11123, 11124, 11125, 11126, 11127, 11128, 11129, 11295, 11296, 11297, 11298, 11299, 11300, 11301, 11302, 11303, 11304, 11305, 11306, 11307, 11308, 11309, 11325, 11326, 11327, 11328, 11329, 11330, 11331, 11332, 11333, 11334, 11335, 11336, 11337, 11338, 11339, 11340, 11341, 11342, 11343, 11344, 11345, 11346, 11347, 11348, 11349, 11350, 11351, 11352, 11353, 11354, 11625, 11626, 11627, 11628, 11629, 11630, 11631, 11632, 11633, 11634, 11635, 11636, 11637, 11638, 11639, 11761, 11784, 11908, 11969, 11980, 12090, 12128, 
8310, 8311, 8312, 8313, 8314, 8315, 8316, 8317, 8318, 8319, 8320, 8321, 8322, 8323, 8324, 8626, 8815, 8857, 9041, 9165, 9166, 9167, 9168, 9169, 9170, 9171, 9172, 9173, 9174, 9175, 9176, 9177, 9178, 9179, 9322, 9381, 9727, 9770, 9822, 9920, 10041, 10058, 10139, 10327, 10377, 10380, 10381, 10382, 10383, 10384, 10385, 10386, 10387, 10388, 10389, 10390, 10391, 10392, 10393, 10394, 10416, 10509, 10518, 10660, 10665, 10666, 10667, 10668, 10669, 10670, 10671, 10672, 10673, 10674, 10675, 10676, 10677, 10678, 10679, 10714, 10751, 10913, 11005, 11051, 11116, 11295, 11325, 11354, 11625, 11626, 11627, 11628, 11629, 11630, 11631, 11632, 11633, 11634, 11635, 11636, 11637, 11638, 11639, 11761, 11784, 11908, 11969, 11980, 12090, 12128, 
8310, 8311, 8312, 8313, 8314, 8315, 8316, 8317, 8318, 8319, 8320, 8321, 8322, 8323, 8324, 8626, 8815, 8857, 9041, 9165, 9166, 9167, 9168, 9169, 9170, 9171, 9172, 9173, 9174, 9175, 9176, 9177, 9178, 9179, 9322, 9381, 9727, 9770, 9822, 9920, 10041, 10058, 10139, 10327, 10377, 10380, 10381, 10382, 10383, 10384, 10385, 10386, 10387, 10388, 10389, 10390, 10391, 10392, 10393, 10394, 10416, 10509, 10518, 10660, 10665, 10666, 10667, 10668, 10669, 10670, 10671, 10672, 10673, 10674, 10675, 10676, 10677, 10678, 10679, 10714, 10751, 10913, 11005, 11051, 11116, 11295, 11325, 11354, 11625, 11626, 11627, 11628, 11629, 11630, 11631, 11632, 11633, 11634, 11635, 11636, 11637, 11638, 11639, 11761, 11784, 11908, 11969, 11980, 12090, 12128, 
8321, 8626, 8815, 8857, 9041, 9176, 9322, 9381, 9727, 9770, 9822, 9920, 10041, 10058, 10139, 10327, 10377, 10383, 10416, 10509, 10518, 10660, 10668, 10714, 10751, 10913, 11005, 11051, 11116, 11295, 11325, 11354, 11627, 11761, 11784, 11908, 11969, 11980, 12090, 12128, 
8321, 8626, 8815, 8857, 9041, 9176, 9322, 9381, 9727, 9770, 9822, 9920, 10041, 10058, 10139, 10327, 10377, 10383, 10416, 10509, 10518, 10660, 10668, 10714, 10751, 10913, 11005, 11051, 11116, 11295, 11325, 11354, 11627, 11761, 11784, 11908, 11969, 11980, 12090, 12128, 
8321, 8626, 8815, 8857, 9041, 9176, 9322, 9381, 9727, 9770, 9822, 9920, 10041, 10058, 10139, 10327, 10377, 10383, 10416, 10509, 10518, 10660, 10668, 10714, 10751, 10913, 11005, 11051, 11116, 11295, 11325, 11354, 11627, 11761, 11784, 11908, 11969, 11980, 12090, 12128, 
8321, 8626, 8815, 8857, 9041, 9176, 9322, 9381, 9727, 9770, 9822, 9920, 10041, 10058, 10139, 10327, 10377, 10383, 10416, 10509, 10518, 10660, 10668, 10714, 10751, 10913, 11005, 11051, 11116, 11295, 11325, 11354, 11627, 11761, 11784, 11908, 11969, 11980, 12090, 12128, 
8321, 8626, 8815, 8857, 9041, 9176, 9322, 9381, 9727, 9770, 9822, 9920, 10041, 10058, 10139, 10327, 10377, 10383, 10416, 10509, 10518, 10660, 10668, 10714, 10751, 10913, 11005, 11051, 11116, 11295, 11325, 11354, 11627, 11761, 11784, 11908, 11969, 11980, 12090, 12128, 
8321, 8626, 8815, 8857, 9041, 9176, 9322, 9381, 9727, 9770, 9822, 9920, 10041, 10058, 10139, 10327, 10377, 10383, 10416, 10509, 10518, 10660, 10668, 10714, 10751, 10913, 11005, 11051, 11116, 11295, 11325, 11354, 11627, 11761, 11784, 11908, 11969, 11980, 12090, 12128, 
8321, 8626, 8815, 8857, 9041, 9176, 9322, 9381, 9727, 9770, 9822, 9920, 10041, 10058, 10139, 10327, 10377, 10383, 10416, 10509, 10518, 10660, 10668, 10714, 10751, 10913, 11005, 11051, 11116, 11295, 11325, 11354, 11627, 11761, 11784, 11908, 11969, 11980, 12090, 12128, 
8321, 8626, 8815, 8857, 9041, 9176, 9322, 9381, 9727, 9770, 9822, 9920, 10041, 10058, 10139, 10327, 10377, 10383, 10416, 10509, 10518, 10660, 10668, 10714, 10751, 10913, 11005, 11051, 11116, 11295, 11325, 11354, 11627, 11761, 11784, 11908, 11969, 11980, 12090, 12128, 
8321, 8626, 8815, 8857, 9041, 9176, 9322, 9381, 9727, 9770, 9822, 9920, 10041, 10058, 10139, 10327, 10377, 10383, 10416, 10509, 10518, 10660, 10668, 10714, 10751, 10913, 11005, 11051, 11116, 11295, 11325, 11354, 11627, 11761, 11784, 11908, 11969, 11980, 12090, 12128, 
8321, 8626, 8815, 8857, 9041, 9176, 9322, 9381, 9727, 9770, 9822, 9920, 10041, 10058, 10139, 10327, 10377, 10383, 10416, 10509, 10518, 10660, 10668, 10714, 10751, 10913, 11005, 11051, 11116, 11295, 11325, 11354, 11627, 11761, 11784, 11908, 11969, 11980, 12090, 12128, 
8321, 8626, 8815, 8857, 9041, 9176, 9322, 9381, 9727, 9770, 9822, 9920, 10041, 10058, 10139, 10327, 10377, 10383, 10416, 10509, 10518, 10660, 10668, 10714, 10751, 10913, 11005, 11051, 11116, 11295, 11325, 11354, 11627, 11761, 11784, 11908, 11969, 11980, 12090, 12128, 
8321, 8626, 8815, 8857, 9041, 9176, 9322, 9381, 9727, 9770, 9822, 9920, 10041, 10058, 10139, 10327, 10377, 10383, 10416, 10509, 10518, 10660, 10668, 10714, 10751, 10913, 11005, 11051, 11116, 11295, 11325, 11354, 11627, 11761, 11784, 11908, 11969, 11980, 12090, 12128, 
8321, 8626, 8815, 8857, 9041, 9176, 9322, 9381, 9727, 9770, 9822, 9920, 10041, 10058, 10139, 10327, 10377, 10383, 10416, 10509, 10518, 10660, 10668, 10714, 10751, 10913, 11005, 11051, 11116, 11295, 11325, 11354, 11627, 11761, 11784, 11908, 11969, 11980, 12090, 12128, 
8321, 8626, 8815, 8857, 9041, 9176, 9322, 9381, 9727, 9770, 9822, 9920, 10041, 10058, 10139, 10327, 10377, 10383, 10416, 10509, 10518, 10660, 10668, 10714, 10751, 10913, 11005, 11051, 11116, 11295, 11325, 11354, 11627, 11761, 11784, 11908, 11969, 11980, 12090, 12128, 
8321, 8626, 8815, 8857, 9041, 9176, 9322, 9381, 9727, 9770, 9822, 9920, 10041, 10058, 10139, 10327, 10377, 10383, 10416, 10509, 10518, 10660, 10668, 10714, 10751, 10913, 11005, 11051, 11116, 11295, 11325, 11354, 11627, 11761, 11784, 11908, 11969, 11980, 12090, 12128, 
8321, 8626, 8815, 8857, 9041, 9176, 9322, 9381, 9727, 9770, 9822, 9920, 10041, 10058, 10139, 10327, 10377, 10383, 10416, 10509, 10518, 10660, 10668, 10714, 10751, 10913, 11005, 11051, 11116, 11295, 11325, 11354, 11627, 11761, 11784, 11908, 11969, 11980, 12090, 12128, 
8321, 8626, 8815, 8857, 9041, 9176, 9322, 9381, 9727, 9770, 9822, 9920, 10041, 10058, 10139, 10327, 10377, 10383, 10416, 10509, 10518, 10660, 10668, 10714, 10751, 10913, 11005, 11051, 11116, 11295, 11325, 11354, 11627, 11761, 11784, 11908, 11969, 11980, 12090, 12128, 
8321, 8626, 8815, 8857, 9041, 9176, 9322, 9381, 9727, 9770, 9822, 9920, 10041, 10058, 10139, 10327, 10377, 10383, 10416, 10509, 10518, 10660, 10668, 10714, 10751, 10913, 11005, 11051, 11116, 11295, 11325, 11354, 11627, 11761, 11784, 11908, 11969, 11980, 12090, 12128, 
8321, 8626, 8815, 8857, 9041, 9176, 9322, 9381, 9727, 9770, 9822, 9920, 10041, 10058, 10139, 10327, 10377, 10383, 10416, 10509, 10518, 10660, 10668, 10714, 10751, 10913, 11005, 11051, 11116, 11295, 11325, 11354, 11627, 11761, 11784, 11908, 11969, 11980, 12090, 12128, 
8321, 8626, 8815, 8857, 9041, 9176, 9322, 9381, 9727, 9770, 9822, 9920, 10041, 10058, 10139, 10327, 10377, 10383, 10416, 10509, 10518, 10660, 10668, 10714, 10751, 10913, 11005, 11051, 11116, 11295, 11325, 11354, 11627, 11761, 11784, 11908, 11969, 11980, 12090, 12128, 
8321, 8626, 8815, 8857, 9041, 9176, 9322, 9381, 9727, 9770, 9822, 9920, 10041, 10058, 10139, 10327, 10377, 10383, 10416, 10509, 10518, 10660, 10668, 10714, 10751, 10913, 11005, 11051, 11116, 11295, 11325, 11354, 11627, 11761, 11784, 11908, 11969, 11980, 12090, 12128, 
8321, 8626, 8815, 8857, 9041, 9176, 9322, 9381, 9727, 9770, 9822, 9920, 10041, 10058, 10139, 10327, 10377, 10383, 10416, 10509, 10518, 10660, 10668, 10714, 10751, 10913, 11005, 11051, 11116, 11295, 11325, 11354, 11627, 11761, 11784, 11908, 11969, 11980, 12090, 12128, 
8321, 8626, 8815, 8857, 9041, 9176, 9322, 9381, 9727, 9770, 9822, 9920, 10041, 10058, 10139, 10327, 10377, 10383, 10416, 10509, 10518, 10660, 10668, 10714, 10751, 10913, 11005, 11051, 11116, 11295, 11325, 11354, 11627, 11761, 11784, 11908, 11969, 11980, 12090, 12128, 
8321, 8626, 8815, 8857, 9041, 9176, 9322, 9381, 9727, 9770, 9822, 9920, 10041, 10058, 10139, 10327, 10377, 10383, 10416, 10509, 10518, 10660, 10668, 10714, 10751, 10913, 11005, 11051, 11116, 11295, 11325, 11354, 11627, 11761, 11784, 11908, 11969, 11980, 12090, 12128, 
8321, 8626, 8815, 8857, 9041, 9176, 9322, 9381, 9727, 9770, 9822, 9920, 10041, 10058, 10139, 10327, 10377, 10383, 10416, 10509, 10518, 10660, 10668, 10714, 10751, 10913, 11005, 11051, 11116, 11295, 11325, 11354, 11627, 11761, 11784, 11908, 11969, 11980, 12090, 12128, 
8321, 8626, 8815, 8857, 9041, 9176, 9322, 9381, 9727, 9770, 9822, 9920, 10041, 10058, 10139, 10327, 10377, 10383, 10416, 10509, 10518, 10660, 10668, 10714, 10751, 10913, 11005, 11051, 11116, 11295, 11325, 11354, 11627, 11761, 11784, 11908, 11969, 11980, 12090, 12128, 
8321, 8626, 8815, 8857, 9041, 9176, 9322, 9381, 9727, 9770, 9822, 9920, 10041, 10058, 10139, 10327, 10377, 10383, 10416, 10509, 10518, 10660, 10668, 10714, 10751, 10913, 11005, 11051, 11116, 11295, 11325, 11354, 11627, 11761, 11784, 11908, 11969, 11980, 12090, 12128, 
8321, 8626, 8815, 8857, 9041, 9176, 9322, 9381, 9727, 9770, 9822, 9920, 10041, 10058, 10139, 10327, 10377, 10383, 10416, 10509, 10518, 10660, 10668, 10714, 10751, 10913, 11005, 11051, 11116, 11295, 11325, 11354, 11627, 11761, 11784, 11908, 11969, 11980, 12090, 12128, 
8321, 8626, 8815, 8857, 9041, 9176, 9322, 9381, 9727, 9770, 9822, 9920, 10041, 10058, 10139, 10327, 10377, 10383, 10416, 10509, 10518, 10660, 10668, 10714, 10751, 10913, 11005, 11051, 11116, 11295, 11325, 11354, 11627, 11761, 11784, 11908, 11969, 11980, 12090, 12128, 
8321, 8626, 8815, 8857, 9041, 9176, 9322, 9381, 9727, 9770, 9822, 9920, 10041, 10058, 10139, 10327, 10377, 10383, 10416, 10509, 10518, 10660, 10668, 10714, 10751, 10913, 11005, 11051, 11116, 11295, 11325, 11354, 11627, 11761, 11784, 11908, 11969, 11980, 12090, 12128, 
8321, 8626, 8815, 8857, 9041, 9176, 9322, 9381, 9727, 9770, 9822, 9920, 10041, 10058, 10139, 10327, 10377, 10383, 10416, 10509, 10518, 10660, 10668, 10714, 10751, 10913, 11005, 11051, 11116, 11295, 11325, 11354, 11627, 11761, 11784, 11908, 11969, 11980, 12090, 12128, 
8321, 8626, 8815, 8857, 9041, 9176, 9322, 9381, 9727, 9770, 9822, 9920, 10041, 10058, 10139, 10327, 10377, 10383, 10416, 10509, 10518, 10660, 10668, 10714, 10751, 10913, 11005, 11051, 11116, 11295, 11325, 11354, 11627, 11761, 11784, 11908, 11969, 11980, 12090, 12128, 
8321, 8626, 8815, 8857, 9041, 9176, 9322, 9381, 9727, 9770, 9822, 9920, 10041, 10058, 10139, 10327, 10377, 10383, 10416, 10509, 10518, 10660, 10668, 10714, 10751, 10913, 11005, 11051, 11116, 11295, 11325, 11354, 11627, 11761, 11784, 11908, 11969, 11980, 12090, 12128, 
8321, 8626, 8815, 8857, 9041, 9176, 9322, 9381, 9727, 9770, 9822, 9920, 10041, 10058, 10139, 10327, 10377, 10383, 10416, 10509, 10518, 10660, 10668, 10714, 10751, 10913, 11005, 11051, 11116, 11295, 11325, 11354, 11627, 11761, 11784, 11908, 11969, 11980, 12090, 12128, 
8321, 8626, 8815, 8857, 9041, 9176, 9322, 9381, 9727, 9770, 9822, 9920, 10041, 10058, 10139, 10327, 10377, 10383, 10416, 10509, 10518, 10660, 10668, 10714, 10751, 10913, 11005, 11051, 11116, 11295, 11325, 11354, 11627, 11761, 11784, 11908, 11969, 11980, 12090, 12128, 
8321, 8626, 8815, 8857, 9041, 9176, 9322, 9381, 9727, 9770, 9822, 9920, 10041, 10058, 10139, 10327, 10377, 10383, 10416, 10509, 10518, 10660, 10668, 10714, 10751, 10913, 11005, 11051, 11116, 11295, 11325, 11354, 11627, 11761, 11784, 11908, 11969, 11980, 12090, 12128, 
8321, 8626, 8815, 8857, 9041, 9176, 9322, 9381, 9727, 9770, 9822, 9920, 10041, 10058, 10139, 10327, 10377, 10383, 10416, 10509, 10518, 10660, 10668, 10714, 10751, 10913, 11005, 11051, 11116, 11295, 11325, 11354, 11627, 11761, 11784, 11908, 11969, 11980, 12090, 12128, 
8321, 8626, 8815, 8857, 9041, 9176, 9322, 9381, 9727, 9770, 9822, 9920, 10041, 10058, 10139, 10327, 10377, 10383, 10416, 10509, 10518, 10660, 10668, 10714, 10751, 10913, 11005, 11051, 11116, 11295, 11325, 11354, 11627, 11761, 11784, 11908, 11969, 11980, 12090, 12128, 
8321, 8626, 8815, 8857, 9041, 9176, 9322, 9381, 9727, 9770, 9822, 9920, 10041, 10058, 10139, 10327, 10377, 10383, 10416, 10509, 10518, 10660, 10668, 10714, 10751, 10913, 11005, 11051, 11116, 11295, 11325, 11354, 11627, 11761, 11784, 11908, 11969, 11980, 12090, 12128, 
8321, 8626, 8815, 8857, 9041, 9176, 9322, 9381, 9727, 9770, 9822, 9920, 10041, 10058, 10139, 10327, 10377, 10383, 10416, 10509, 10518, 10660, 10668, 10714, 10751, 10913, 11005, 11051, 11116, 11295, 11325, 11354, 11627, 11761, 11784, 11908, 11969, 11980, 12090, 12128, 
8321, 8626, 8815, 8857, 9041, 9176, 9322, 9381, 9727, 9770, 9822, 9920, 10041, 10058, 10139, 10327, 10377, 10383, 10416, 10509, 10518, 10660, 10668, 10714, 10751, 10913, 11005, 11051, 11116, 11295, 11325, 11354, 11627, 11761, 11784, 11908, 11969, 11980, 12090, 12128, 
8321, 8626, 8815, 8857, 9041, 9176, 9322, 9381, 9727, 9770, 9822, 9920, 10041, 10058, 10139, 10327, 10377, 10383, 10416, 10509, 10518, 10660, 10668, 10714, 10751, 10913, 11005, 11051, 11116, 11295, 11325, 11354, 11627, 11761, 11784, 11908, 11969, 11980, 12090, 12128, 
8321, 8626, 8815, 8857, 9041, 9176, 9322, 9381, 9727, 9770, 9822, 9920, 10041, 10058, 10139, 10327, 10377, 10383, 10416, 10509, 10518, 10660, 10668, 10714, 10751, 10913, 11005, 11051, 11116, 11295, 11325, 11354, 11627, 11761, 11784, 11908, 11969, 11980, 12090, 12128, 
8321, 8626, 8815, 8857, 9041, 9176, 9322, 9381, 9727, 9770, 9822, 9920, 10041, 10058, 10139, 10327, 10377, 10383, 10416, 10509, 10518, 10660, 10668, 10714, 10751, 10913, 11005, 11051, 11116, 11295, 11325, 11354, 11627, 11761, 11784, 11908, 11969, 11980, 12090, 12128, 
8321, 8626, 8815, 8857, 9041, 9176, 9322, 9381, 9727, 9770, 9822, 9920, 10041, 10058, 10139, 10327, 10377, 10383, 10416, 10509, 10518, 10660, 10668, 10714, 10751, 10913, 11005, 11051, 11116, 11295, 11325, 11354, 11627, 11761, 11784, 11908, 11969, 11980, 12090, 12128, 
8321, 8626, 8815, 8857, 9041, 9176, 9322, 9381, 9727, 9770, 9822, 9920, 10041, 10058, 10139, 10327, 10377, 10383, 10416, 10509, 10518, 10660, 10668, 10714, 10751, 10913, 11005, 11051, 11116, 11295, 11325, 11354, 11627, 11761, 11784, 11908, 11969, 11980, 12090, 12128, 
8321, 8626, 8815, 8857, 9041, 9176, 9322, 9381, 9727, 9770, 9822, 9920, 10041, 10058, 10139, 10327, 10377, 10383, 10416, 10509, 10518, 10660, 10668, 10714, 10751, 10913, 11005, 11051, 11116, 11295, 11325, 11354, 11627, 11761, 11784, 11908, 11969, 11980, 12090, 12128, 
8321, 8626, 8815, 8857, 9041, 9176, 9322, 9381, 9727, 9770, 9822, 9920, 10041, 10058, 10139, 10327, 10377, 10383, 10416, 10509, 10518, 10660, 10668, 10714, 10751, 10913, 11005, 11051, 11116, 11295, 11325, 11354, 11627, 11761, 11784, 11908, 11969, 11980, 12090, 12128, 
8321, 8626, 8815, 8857, 9041, 9176, 9322, 9381, 9727, 9770, 9822, 9920, 10041, 10058, 10139, 10327, 10377, 10383, 10416, 10509, 10518, 10660, 10668, 10714, 10751, 10913, 11005, 11051, 11116, 11295, 11325, 11354, 11627, 11761, 11784, 11908, 11969, 11980, 12090, 12128, 
8321, 8626, 8815, 8857, 9041, 9176, 9322, 9381, 9727, 9770, 9822, 9920, 10041, 10058, 10139, 10327, 10377, 10383, 10416, 10509, 10518, 10660, 10668, 10714, 10751, 10913, 11005, 11051, 11116, 11295, 11325, 11354, 11627, 11761, 11784, 11908, 11969, 11980, 12090, 12128, 
8321, 8626, 8815, 8857, 9041, 9176, 9322, 9381, 9727, 9770, 9822, 9920, 10041, 10058, 10139, 10327, 10377, 10383, 10416, 10509, 10518, 10660, 10668, 10714, 10751, 10913, 11005, 11051, 11116, 11295, 11325, 11354, 11627, 11761, 11784, 11908, 11969, 11980, 12090, 12128, 
8321, 8626, 8815, 8857, 9041, 9176, 9322, 9381, 9727, 9770, 9822, 9920, 10041, 10058, 10139, 10327, 10377, 10383, 10416, 10509, 10518, 10660, 10668, 10714, 10751, 10913, 11005, 11051, 11116, 11295, 11325, 11354, 11627, 11761, 11784, 11908, 11969, 11980, 12090, 12128, 
8321, 8626, 8815, 8857, 9041, 9176, 9322, 9381, 9727, 9770, 9822, 9920, 10041, 10058, 10139, 10327, 10377, 10383, 10416, 10509, 10518, 10660, 10668, 10714, 10751, 10913, 11005, 11051, 11116, 11295, 11325, 11354, 11627, 11761, 11784, 11908, 11969, 11980, 12090, 12128, 
8321, 8626, 8815, 8857, 9041, 9176, 9322, 9381, 9727, 9770, 9822, 9920, 10041, 10058, 10139, 10327, 10377, 10383, 10416, 10509, 10518, 10660, 10668, 10714, 10751, 10913, 11005, 11051, 11116, 11295, 11325, 11354, 11627, 11761, 11784, 11908, 11969, 11980, 12090, 12128, 
8321, 8626, 8815, 8857, 9041, 9176, 9322, 9381, 9727, 9770, 9822, 9920, 10041, 10058, 10139, 10327, 10377, 10383, 10416, 10509, 10518, 10660, 10668, 10714, 10751, 10913, 11005, 11051, 11116, 11295, 11325, 11354, 11627, 11761, 11784, 11908, 11969, 11980, 12090, 12128, 
8321, 8626, 8815, 8857, 9041, 9176, 9322, 9381, 9727, 9770, 9822, 9920, 10041, 10058, 10139, 10327, 10377, 10383, 10416, 10509, 10518, 10660, 10668, 10714, 10751, 10913, 11005, 11051, 11116, 11295, 11325, 11354, 11627, 11761, 11784, 11908, 11969, 11980, 12090, 12128, 
8321, 8626, 8815, 8857, 9041, 9176, 9322, 9381, 9727, 9770, 9822, 9920, 10041, 10058, 10139, 10327, 10377, 10383, 10416, 10509, 10518, 10660, 10668, 10714, 10751, 10913, 11005, 11051, 11116, 11295, 11325, 11354, 11627, 11761, 11784, 11908, 11969, 11980, 12090, 12128, 
8321, 8626, 8815, 8857, 9041, 9176, 9322, 9381, 9727, 9770, 9822, 9920, 10041, 10058, 10139, 10327, 10377, 10383, 10416, 10509, 10518, 10660, 10668, 10714, 10751, 10913, 11005, 11051, 11116, 11295, 11325, 11354, 11627, 11761, 11784, 11908, 11969, 11980, 12090, 12128, 
8321, 8626, 8815, 8857, 9041, 9176, 9322, 9381, 9727, 9770, 9822, 9920, 10041, 10058, 10139, 10327, 10377, 10383, 10416, 10509, 10518, 10660, 10668, 10714, 10751, 10913, 11005, 11051, 11116, 11295, 11325, 11354, 11627, 11761, 11784, 11908, 11969, 11980, 12090, 12128, 
8321, 8626, 8815, 8857, 9041, 9176, 9322, 9381, 9727, 9770, 9822, 9920, 10041, 10058, 10139, 10327, 10377, 10383, 10416, 10509, 10518, 10660, 10668, 10714, 10751, 10913, 11005, 11051, 11116, 11295, 11325, 11354, 11627, 11761, 11784, 11908, 11969, 11980, 12090, 12128, 
8321, 8626, 8815, 8857, 9041, 9176, 9322, 9381, 9727, 9770, 9822, 9920, 10041, 10058, 10139, 10327, 10377, 10383, 10416, 10509, 10518, 10660, 10668, 10714, 10751, 10913, 11005, 11051, 11116, 11295, 11325, 11354, 11627, 11761, 11784, 11908, 11969, 11980, 12090, 12128, 
8321, 8626, 8815, 8857, 9041, 9176, 9322, 9381, 9727, 9770, 9822, 9920, 10041, 10058, 10139, 10327, 10377, 10383, 10416, 10509, 10518, 10660, 10668, 10714, 10751, 10913, 11005, 11051, 11116, 11295, 11325, 11354, 11627, 11761, 11784, 11908, 11969, 11980, 12090, 12128, 
8321, 8626, 8815, 8857, 9041, 9176, 9322, 9381, 9727, 9770, 9822, 9920, 10041, 10058, 10139, 10327, 10377, 10383, 10416, 10509, 10518, 10660, 10668, 10714, 10751, 10913, 11005, 11051, 11116, 11295, 11325, 11354, 11627, 11761, 11784, 11908, 11969, 11980, 12090, 12128, 
8321, 8626, 8815, 8857, 9041, 9176, 9322, 9381, 9727, 9770, 9822, 9920, 10041, 10058, 10139, 10327, 10377, 10383, 10416, 10509, 10518, 10660, 10668, 10714, 10751, 10913, 11005, 11051, 11116, 11295, 11325, 11354, 11627, 11761, 11784, 11908, 11969, 11980, 12090, 12128, 
8321, 8626, 8815, 8857, 9041, 9176, 9322, 9381, 9727, 9770, 9822, 9920, 10041, 10058, 10139, 10327, 10377, 10383, 10416, 10509, 10518, 10660, 10668, 10714, 10751, 10913, 11005, 11051, 11116, 11295, 11325, 11354, 11627, 11761, 11784, 11908, 11969, 11980, 12090, 12128, 
8321, 8626, 8815, 8857, 9041, 9176, 9322, 9381, 9727, 9770, 9822, 9920, 10041, 10058, 10139, 10327, 10377, 10383, 10416, 10509, 10518, 10660, 10668, 10714, 10751, 10913, 11005, 11051, 11116, 11295, 11325, 11354, 11627, 11761, 11784, 11908, 11969, 11980, 12090, 12128, 
8321, 8626, 8815, 8857, 9041, 9176, 9322, 9381, 9727, 9770, 9822, 9920, 10041, 10058, 10139, 10327, 10377, 10383, 10416, 10509, 10518, 10660, 10668, 10714, 10751, 10913, 11005, 11051, 11116, 11295, 11325, 11354, 11627, 11761, 11784, 11908, 11969, 11980, 12090, 12128, 
8321, 8626, 8815, 8857, 9041, 9176, 9322, 9381, 9727, 9770, 9822, 9920, 10041, 10058, 10139, 10327, 10377, 10383, 10416, 10509, 10518, 10660, 10668, 10714, 10751, 10913, 11005, 11051, 11116, 11295, 11325, 11354, 11627, 11761, 11784, 11908, 11969, 11980, 12090, 12128, 
8321, 8626, 8815, 8857, 9041, 9176, 9322, 9381, 9727, 9770, 9822, 9920, 10041, 10058, 10139, 10327, 10377, 10383, 10416, 10509, 10518, 10660, 10668, 10714, 10751, 10913, 11005, 11051, 11116, 11295, 11325, 11354, 11627, 11761, 11784, 11908, 11969, 11980, 12090, 12128, 
8321, 8626, 8815, 8857, 9041, 9176, 9322, 9381, 9727, 9770, 9822, 9920, 10041, 10058, 10139, 10327, 10377, 10383, 10416, 10509, 10518, 10660, 10668, 10714, 10751, 10913, 11005, 11051, 11116, 11295, 11325, 11354, 11627, 11761, 11784, 11908, 11969, 11980, 12090, 12128, 
8321, 8626, 8815, 8857, 9041, 9176, 9322, 9381, 9727, 9770, 9822, 9920, 10041, 10058, 10139, 10327, 10377, 10383, 10416, 10509, 10518, 10660, 10668, 10714, 10751, 10913, 11005, 11051, 11116, 11295, 11325, 11354, 11627, 11761, 11784, 11908, 11969, 11980, 12090, 12128, 
8321, 8626, 8815, 8857, 9041, 9176, 9322, 9381, 9727, 9770, 9822, 9920, 10041, 10058, 10139, 10327, 10377, 10383, 10416, 10509, 10518, 10660, 10668, 10714, 10751, 10913, 11005, 11051, 11116, 11295, 11325, 11354, 11627, 11761, 11784, 11908, 11969, 11980, 12090, 12128, 
8321, 8626, 8815, 8857, 9041, 9176, 9322, 9381, 9727, 9770, 9822, 9920, 10041, 10058, 10139, 10327, 10377, 10383, 10416, 10509, 10518, 10660, 10668, 10714, 10751, 10913, 11005, 11051, 11116, 11295, 11325, 11354, 11627, 11761, 11784, 11908, 11969, 11980, 12090, 12128, 
8321, 8626, 8815, 8857, 9041, 9176, 9322, 9381, 9727, 9770, 9822, 9920, 10041, 10058, 10139, 10327, 10377, 10383, 10416, 10509, 10518, 10660, 10668, 10714, 10751, 10913, 11005, 11051, 11116, 11295, 11325, 11354, 11627, 11761, 11784, 11908, 11969, 11980, 12090, 12128, 
8321, 8626, 8815, 8857, 9041, 9176, 9322, 9381, 9727, 9770, 9822, 9920, 10041, 10058, 10139, 10327, 10377, 10383, 10416, 10509, 10518, 10660, 10668, 10714, 10751, 10913, 11005, 11051, 11116, 11295, 11325, 11354, 11627, 11761, 11784, 11908, 11969, 11980, 12090, 12128, 
8321, 8626, 8815, 8857, 9041, 9176, 9322, 9381, 9727, 9770, 9822, 9920, 10041, 10058, 10139, 10327, 10377, 10383, 10416, 10509, 10518, 10660, 10668, 10714, 10751, 10913, 11005, 11051, 11116, 11295, 11325, 11354, 11627, 11761, 11784, 11908, 11969, 11980, 12090, 12128, 
8321, 8626, 8815, 8857, 9041, 9176, 9322, 9381, 9727, 9770, 9822, 9920, 10041, 10058, 10139, 10327, 10377, 10383, 10416, 10509, 10518, 10660, 10668, 10714, 10751, 10913, 11005, 11051, 11116, 11295, 11325, 11354, 11627, 11761, 11784, 11908, 11969, 11980, 12090, 12128, 
8321, 8626, 8815, 8857, 9041, 9176, 9322, 9381, 9727, 9770, 9822, 9920, 10041, 10058, 10139, 10327, 10377, 10383, 10416, 10509, 10518, 10660, 10668, 10714, 10751, 10913, 11005, 11051, 11116, 11295, 11325, 11354, 11627, 11761, 11784, 11908, 11969, 11980, 12090, 12128, 
8321, 8626, 8815, 8857, 9041, 9176, 9322, 9381, 9727, 9770, 9822, 9920, 10041, 10058, 10139, 10327, 10377, 10383, 10416, 10509, 10518, 10660, 10668, 10714, 10751, 10913, 11005, 11051, 11116, 11295, 11325, 11354, 11627, 11761, 11784, 11908, 11969, 11980, 12090, 12128, 
8321, 8626, 8815, 8857, 9041, 9176, 9322, 9381, 9727, 9770, 9822, 9920, 10041, 10058, 10139, 10327, 10377, 10383, 10416, 10509, 10518, 10660, 10668, 10714, 10751, 10913, 11005, 11051, 11116, 11295, 11325, 11354, 11627, 11761, 11784, 11908, 11969, 11980, 12090, 12128, 
8321, 8626, 8815, 8857, 9041, 9176, 9322, 9381, 9727, 9770, 9822, 9920, 10041, 10058, 10139, 10327, 10377, 10383, 10416, 10509, 10518, 10660, 10668, 10714, 10751, 10913, 11005, 11051, 11116, 11295, 11325, 11354, 11627, 11761, 11784, 11908, 11969, 11980, 12090, 12128, 
8321, 8626, 8815, 8857, 9041, 9176, 9322, 9381, 9727, 9770, 9822, 9920, 10041, 10058, 10139, 10327, 10377, 10383, 10416, 10509, 10518, 10660, 10668, 10714, 10751, 10913, 11005, 11051, 11116, 11295, 11325, 11354, 11627, 11761, 11784, 11908, 11969, 11980, 12090, 12128, 
8321, 8626, 8815, 8857, 9041, 9176, 9322, 9381, 9727, 9770, 9822, 9920, 10041, 10058, 10139, 10327, 10377, 10383, 10416, 10509, 10518, 10660, 10668, 10714, 10751, 10913, 11005, 11051, 11116, 11295, 11325, 11354, 11627, 11761, 11784, 11908, 11969, 11980, 12090, 12128, 
8321, 8626, 8815, 8857, 9041, 9176, 9322, 9381, 9727, 9770, 9822, 9920, 10041, 10058, 10139, 10327, 10377, 10383, 10416, 10509, 10518, 10660, 10668, 10714, 10751, 10913, 11005, 11051, 11116, 11295, 11325, 11354, 11627, 11761, 11784, 11908, 11969, 11980, 12090, 12128, 
8321, 8626, 8815, 8857, 9041, 9176, 9322, 9381, 9727, 9770, 9822, 9920, 10041, 10058, 10139, 10327, 10377, 10383, 10416, 10509, 10518, 10660, 10668, 10714, 10751, 10913, 11005, 11051, 11116, 11295, 11325, 11354, 11627, 11761, 11784, 11908, 11969, 11980, 12090, 12128, 
8321, 8626, 8815, 8857, 9041, 9176, 9322, 9381, 9727, 9770, 9822, 9920, 10041, 10058, 10139, 10327, 10377, 10383, 10416, 10509, 10518, 10660, 10668, 10714, 10751, 10913, 11005, 11051, 11116, 11295, 11325, 11354, 11627, 11761, 11784, 11908, 11969, 11980, 12090, 12128, 
8321, 8626, 8815, 8857, 9041, 9176, 9322, 9381, 9727, 9770, 9822, 9920, 10041, 10058, 10139, 10327, 10377, 10383, 10416, 10509, 10518, 10660, 10668, 10714, 10751, 10913, 11005, 11051, 11116, 11295, 11325, 11354, 11627, 11761, 11784, 11908, 11969, 11980, 12090, 12128, 
8321, 8626, 8815, 8857, 9041, 9176, 9322, 9381, 9727, 9770, 9822, 9920, 10041, 10058, 10139, 10327, 10377, 10383, 10416, 10509, 10518, 10660, 10668, 10714, 10751, 10913, 11005, 11051, 11116, 11295, 11325, 11354, 11627, 11761, 11784, 11908, 11969, 11980, 12090, 12128, 
8321, 8626, 8815, 8857, 9041, 9176, 9322, 9381, 9727, 9770, 9822, 9920, 10041, 10058, 10139, 10327, 10377, 10383, 10416, 10509, 10518, 10660, 10668, 10714, 10751, 10913, 11005, 11051, 11116, 11295, 11325, 11354, 11627, 11761, 11784, 11908, 11969, 11980, 12090, 12128, 
8321, 8626, 8815, 8857, 9041, 9176, 9322, 9381, 9727, 9770, 9822, 9920, 10041, 10058, 10139, 10327, 10377, 10383, 10416, 10509, 10518, 10660, 10668, 10714, 10751, 10913, 11005, 11051, 11116, 11295, 11325, 11354, 11627, 11761, 11784, 11908, 11969, 11980, 12090, 12128, 
8321, 8626, 8815, 8857, 9041, 9176, 9322, 9381, 9727, 9770, 9822, 9920, 10041, 10058, 10139, 10327, 10377, 10383, 10416, 10509, 10518, 10660, 10668, 10714, 10751, 10913, 11005, 11051, 11116, 11295, 11325, 11354, 11627, 11761, 11784, 11908, 11969, 11980, 12090, 12128, 
8321, 8626, 8815, 8857, 9041, 9176, 9322, 9381, 9727, 9770, 9822, 9920, 10041, 10058, 10139, 10327, 10377, 10383, 10416, 10509, 10518, 10660, 10668, 10714, 10751, 10913, 11005, 11051, 11116, 11295, 11325, 11354, 11627, 11761, 11784, 11908, 11969, 11980, 12090, 12128, 
8321, 8626, 8815, 8857, 9041, 9176, 9322, 9381, 9727, 9770, 9822, 9920, 10041, 10058, 10139, 10327, 10377, 10383, 10416, 10509, 10518, 10660, 10668, 10714, 10751, 10913, 11005, 11051, 11116, 11295, 11325, 11354, 11627, 11761, 11784, 11908, 11969, 11980, 12090, 12128, 
8321, 8626, 8815, 8857, 9041, 9176, 9322, 9381, 9727, 9770, 9822, 9920, 10041, 10058, 10139, 10327, 10377, 10383, 10416, 10509, 10518, 10660, 10668, 10714, 10751, 10913, 11005, 11051, 11116, 11295, 11325, 11354, 11627, 11761, 11784, 11908, 11969, 11980, 12090, 12128, 
8321, 8626, 8815, 8857, 9041, 9176, 9322, 9381, 9727, 9770, 9822, 9920, 10041, 10058, 10139, 10327, 10377, 10383, 10416, 10509, 10518, 10660, 10668, 10714, 10751, 10913, 11005, 11051, 11116, 11295, 11325, 11354, 11627, 11761, 11784, 11908, 11969, 11980, 12090, 12128, 
8321, 8626, 8815, 8857, 9041, 9176, 9322, 9381, 9727, 9770, 9822, 9920, 10041, 10058, 10139, 10327, 10377, 10383, 10416, 10509, 10518, 10660, 10668, 10714, 10751, 10913, 11005, 11051, 11116, 11295, 11325, 11354, 11627, 11761, 11784, 11908, 11969, 11980, 12090, 12128, 
8321, 8626, 8815, 8857, 9041, 9176, 9322, 9381, 9727, 9770, 9822, 9920, 10041, 10058, 10139, 10327, 10377, 10383, 10416, 10509, 10518, 10660, 10668, 10714, 10751, 10913, 11005, 11051, 11116, 11295, 11325, 11354, 11627, 11761, 11784, 11908, 11969, 11980, 12090, 12128, 
8321, 8626, 8815, 8857, 9041, 9176, 9322, 9381, 9727, 9770, 9822, 9920, 10041, 10058, 10139, 10327, 10377, 10383, 10416, 10509, 10518, 10660, 10668, 10714, 10751, 10913, 11005, 11051, 11116, 11295, 11325, 11354, 11627, 11761, 11784, 11908, 11969, 11980, 12090, 12128, 
8321, 8626, 8815, 8857, 9041, 9176, 9322, 9381, 9727, 9770, 9822, 9920, 10041, 10058, 10139, 10327, 10377, 10383, 10416, 10509, 10518, 10660, 10668, 10714, 10751, 10913, 11005, 11051, 11116, 11295, 11325, 11354, 11627, 11761, 11784, 11908, 11969, 11980, 12090, 12128, 
8321, 8626, 8815, 8857, 9041, 9176, 9322, 9381, 9727, 9770, 9822, 9920, 10041, 10058, 10139, 10327, 10377, 10383, 10416, 10509, 10518, 10660, 10668, 10714, 10751, 10913, 11005, 11051, 11116, 11295, 11325, 11354, 11627, 11761, 11784, 11908, 11969, 11980, 12090, 12128, 
8321, 8626, 8815, 8857, 9041, 9176, 9322, 9381, 9727, 9770, 9822, 9920, 10041, 10058, 10139, 10327, 10377, 10383, 10416, 10509, 10518, 10660, 10668, 10714, 10751, 10913, 11005, 11051, 11116, 11295, 11325, 11354, 11627, 11761, 11784, 11908, 11969, 11980, 12090, 12128, 
8321, 8626, 8815, 8857, 9041, 9176, 9322, 9381, 9727, 9770, 9822, 9920, 10041, 10058, 10139, 10327, 10377, 10383, 10416, 10509, 10518, 10660, 10668, 10714, 10751, 10913, 11005, 11051, 11116, 11295, 11325, 11354, 11627, 11761, 11784, 11908, 11969, 11980, 12090, 12128, 
8321, 8626, 8815, 8857, 9041, 9176, 9322, 9381, 9727, 9770, 9822, 9920, 10041, 10058, 10139, 10327, 10377, 10383, 10416, 10509, 10518, 10660, 10668, 10714, 10751, 10913, 11005, 11051, 11116, 11295, 11325, 11354, 11627, 11761, 11784, 11908, 11969, 11980, 12090, 12128, 
8321, 8626, 8815, 8857, 9041, 9176, 9322, 9381, 9727, 9770, 9822, 9920, 10041, 10058, 10139, 10327, 10377, 10383, 10416, 10509, 10518, 10660, 10668, 10714, 10751, 10913, 11005, 11051, 11116, 11295, 11325, 11354, 11627, 11761, 11784, 11908, 11969, 11980, 12090, 12128, 
8321, 8626, 8815, 8857, 9041, 9176, 9322, 9381, 9727, 9770, 9822, 9920, 10041, 10058, 10139, 10327, 10377, 10383, 10416, 10509, 10518, 10660, 10668, 10714, 10751, 10913, 11005, 11051, 11116, 11295, 11325, 11354, 11627, 11761, 11784, 11908, 11969, 11980, 12090, 12128, 
8321, 8626, 8815, 8857, 9041, 9176, 9322, 9381, 9727, 9770, 9822, 9920, 10041, 10058, 10139, 10327, 10377, 10383, 10416, 10509, 10518, 10660, 10668, 10714, 10751, 10913, 11005, 11051, 11116, 11295, 11325, 11354, 11627, 11761, 11784, 11908, 11969, 11980, 12090, 12128, 
8321, 8626, 8815, 8857, 9041, 9176, 9322, 9381, 9727, 9770, 9822, 9920, 10041, 10058, 10139, 10327, 10377, 10383, 10416, 10509, 10518, 10660, 10668, 10714, 10751, 10913, 11005, 11051, 11116, 11295, 11325, 11354, 11627, 11761, 11784, 11908, 11969, 11980, 12090, 12128, 
8321, 8626, 8815, 8857, 9041, 9176, 9322, 9381, 9727, 9770, 9822, 9920, 10041, 10058, 10139, 10327, 10377, 10383, 10416, 10509, 10518, 10660, 10668, 10714, 10751, 10913, 11005, 11051, 11116, 11295, 11325, 11354, 11627, 11761, 11784, 11908, 11969, 11980, 12090, 12128, 
8321, 8626, 8815, 8857, 9041, 9176, 9322, 9381, 9727, 9770, 9822, 9920, 10041, 10058, 10139, 10327, 10377, 10383, 10416, 10509, 10518, 10660, 10668, 10714, 10751, 10913, 11005, 11051, 11116, 11295, 11325, 11354, 11627, 11761, 11784, 11908, 11969, 11980, 12090, 12128, 
8321, 8626, 8815, 8857, 9041, 9176, 9322, 9381, 9727, 9770, 9822, 9920, 10041, 10058, 10139, 10327, 10377, 10383, 10416, 10509, 10518, 10660, 10668, 10714, 10751, 10913, 11005, 11051, 11116, 11295, 11325, 11354, 11627, 11761, 11784, 11908, 11969, 11980, 12090, 12128, 
8321, 8626, 8815, 8857, 9041, 9176, 9322, 9381, 9727, 9770, 9822, 9920, 10041, 10058, 10139, 10327, 10377, 10383, 10416, 10509, 10518, 10660, 10668, 10714, 10751, 10913, 11005, 11051, 11116, 11295, 11325, 11354, 11610, 11611, 11612, 11613, 11614, 11615, 11616, 11617, 11618, 11619, 11620, 11621, 11622, 11623, 11624, 11627, 11730, 11731, 11732, 11733, 11734, 11735, 11736, 11737, 11738, 11739, 11740, 11741, 11742, 11743, 11744, 11761, 11784, 11908, 11969, 11980, 
8321, 8626, 8815, 8857, 9041, 9176, 9322, 9381, 9727, 9770, 9822, 9920, 10041, 10058, 10139, 10327, 10377, 10383, 10416, 10509, 10518, 10660, 10668, 10714, 10751, 10913, 11005, 11051, 11116, 11295, 11325, 11354, 11610, 11611, 11612, 11613, 11614, 11615, 11616, 11617, 11618, 11619, 11620, 11621, 11622, 11623, 11624, 11627, 11730, 11731, 11732, 11733, 11734, 11735, 11736, 11737, 11738, 11739, 11740, 11741, 11742, 11743, 11744, 11761, 11784, 11908, 11969, 11980, 
8460, 8461, 8462, 8463, 8464, 8465, 8466, 8467, 8468, 8469, 8470, 8471, 8472, 8473, 8474, 8626, 8815, 8835, 8836, 8837, 8838, 8839, 8840, 8841, 8842, 8843, 8844, 8845, 8846, 8847, 8848, 8849, 8857, 9465, 9466, 9467, 9468, 9469, 9470, 9471, 9472, 9473, 9474, 9475, 9476, 9477, 9478, 9479, 9920, 10041, 10058, 10139, 10327, 10377, 10383, 10416, 10509, 10518, 10605, 10606, 10607, 10608, 10609, 10610, 10611, 10612, 10613, 10614, 10615, 10616, 10617, 10618, 10619, 10660, 10668, 10714, 10751, 10913, 10965, 10966, 10967, 10968, 10969, 10970, 10971, 10972, 10973, 10974, 10975, 10976, 10977, 10978, 10979, 10980, 10981, 10982, 10983, 10984, 10985, 10986, 10987, 10988, 10989, 10990, 10991, 10992, 10993, 10994, 11005, 11051, 11085, 11086, 11087, 11088, 11089, 11090, 11091, 11092, 11093, 11094, 11095, 11096, 11097, 11098, 11099, 11116, 11145, 11146, 11147, 11148, 11149, 11150, 11151, 11152, 11153, 11154, 11155, 11156, 11157, 11158, 11159, 11265, 11266, 11267, 11268, 11269, 11270, 11271, 11272, 11273, 11274, 11275, 11276, 11277, 11278, 11279, 11295, 11325, 11354, 11627, 11730, 11731, 11732, 11733, 11734, 11735, 11736, 11737, 11738, 11739, 11740, 11741, 11742, 11743, 11744, 11761, 11784, 11908, 11969, 11980, 
8626, 8815, 8857, 9920, 10041, 10058, 10139, 10327, 10377, 10383, 10416, 10509, 10518, 10605, 10606, 10607, 10608, 10609, 10610, 10611, 10612, 10613, 10614, 10615, 10616, 10617, 10618, 10619, 10660, 10668, 10714, 10751, 10913, 10965, 10966, 10967, 10968, 10969, 10970, 10971, 10972, 10973, 10974, 10975, 10976, 10977, 10978, 10979, 10980, 10981, 10982, 10983, 10984, 10985, 10986, 10987, 10988, 10989, 10990, 10991, 10992, 10993, 10994, 11005, 11051, 11085, 11086, 11087, 11088, 11089, 11090, 11091, 11092, 11093, 11094, 11095, 11096, 11097, 11098, 11099, 11116, 11145, 11146, 11147, 11148, 11149, 11150, 11151, 11152, 11153, 11154, 11155, 11156, 11157, 11158, 11159, 11265, 11266, 11267, 11268, 11269, 11270, 11271, 11272, 11273, 11274, 11275, 11276, 11277, 11278, 11279, 11295, 11325, 11354, 11505, 11506, 11507, 11508, 11509, 11510, 11511, 11512, 11513, 11514, 11515, 11516, 11517, 11518, 11519, 11595, 11596, 11597, 11598, 11599, 11600, 11601, 11602, 11603, 11604, 11605, 11606, 11607, 11608, 11609, 11610, 11611, 11612, 11613, 11614, 11615, 11616, 11617, 11618, 11619, 11620, 11621, 11622, 11623, 11624, 11627, 11733, 11761, 11784, 11908, 11969, 11980, 
8626, 8815, 8857, 9920, 10041, 10050, 10051, 10052, 10053, 10054, 10055, 10056, 10057, 10058, 10059, 10060, 10061, 10062, 10063, 10064, 10125, 10126, 10127, 10128, 10129, 10130, 10131, 10132, 10133, 10134, 10135, 10136, 10137, 10138, 10139, 10327, 10377, 10383, 10416, 10509, 10515, 10516, 10517, 10518, 10519, 10520, 10521, 10522, 10523, 10524, 10525, 10526, 10527, 10528, 10529, 10605, 10606, 10607, 10608, 10609, 10610, 10611, 10612, 10613, 10614, 10615, 10616, 10617, 10618, 10619, 10650, 10651, 10652, 10653, 10654, 10655, 10656, 10657, 10658, 10659, 10660, 10661, 10662, 10663, 10664, 10668, 10714, 10751, 10913, 10965, 10966, 10967, 10968, 10969, 10970, 10971, 10972, 10973, 10974, 10975, 10976, 10977, 10978, 10979, 10980, 10981, 10982, 10983, 10984, 10985, 10986, 10987, 10988, 10989, 10990, 10991, 10992, 10993, 10994, 11005, 11051, 11085, 11086, 11087, 11088, 11089, 11090, 11091, 11092, 11093, 11094, 11095, 11096, 11097, 11098, 11099, 11116, 11145, 11146, 11147, 11148, 11149, 11150, 11151, 11152, 11153, 11154, 11155, 11156, 11157, 11158, 11159, 11265, 11266, 11267, 11268, 11269, 11270, 11271, 11272, 11273, 11274, 11275, 11276, 11277, 11278, 11279, 11295, 11325, 11354, 11505, 11506, 11507, 11508, 11509, 11510, 11511, 11512, 11513, 11514, 11515, 11516, 11517, 11518, 11519, 11595, 11596, 11597, 11598, 11599, 11600, 11601, 11602, 11603, 11604, 11605, 11606, 11607, 11608, 11609, 11610, 11611, 11612, 11613, 11614, 11615, 11616, 11617, 11618, 11619, 11620, 11621, 11622, 11623, 11624, 11627, 11733, 11761, 11784, 11908, 11969, 11980, 
8626, 8815, 8857, 9920, 10041, 10050, 10051, 10052, 10053, 10054, 10055, 10056, 10057, 10058, 10059, 10060, 10061, 10062, 10063, 10064, 10125, 10126, 10127, 10128, 10129, 10130, 10131, 10132, 10133, 10134, 10135, 10136, 10137, 10138, 10139, 10320, 10321, 10322, 10323, 10324, 10325, 10326, 10327, 10328, 10329, 10330, 10331, 10332, 10333, 10334, 10365, 10366, 10367, 10368, 10369, 10370, 10371, 10372, 10373, 10374, 10375, 10376, 10377, 10378, 10379, 10383, 10410, 10411, 10412, 10413, 10414, 10415, 10416, 10417, 10418, 10419, 10420, 10421, 10422, 10423, 10424, 10509, 10515, 10516, 10517, 10518, 10519, 10520, 10521, 10522, 10523, 10524, 10525, 10526, 10527, 10528, 10529, 10610, 10650, 10651, 10652, 10653, 10654, 10655, 10656, 10657, 10658, 10659, 10660, 10661, 10662, 10663, 10664, 10668, 10714, 10751, 10913, 10974, 10987, 11005, 11051, 11089, 11116, 11158, 11267, 11295, 11325, 11354, 11685, 11686, 11687, 11688, 11689, 11690, 11691, 11692, 11693, 11694, 11695, 11696, 11697, 11698, 11699, 11820, 11821, 11822, 11823, 11824, 11825, 11826, 11827, 11828, 11829, 11830, 11831, 11832, 11833, 11834, 11880, 11881, 11882, 11883, 11884, 11885, 11886, 11887, 11888, 11889, 11890, 11891, 11892, 11893, 11894, 11910, 11911, 11912, 11913, 11914, 11915, 11916, 11917, 11918, 11919, 11920, 11921, 11922, 11923, 11924, 11940, 11941, 11942, 11943, 11944, 11945, 11946, 11947, 11948, 11949, 11950, 11951, 11952, 11953, 11954, 11985, 11986, 11987, 11988, 11989, 11990, 11991, 11992, 11993, 11994, 11995, 11996, 11997, 11998, 11999, 12150, 12151, 12152, 12153, 12154, 12155, 12156, 12157, 12158, 12159, 12160, 12161, 12162, 12163, 12164, 12210, 12211, 12212, 12213, 12214, 12215, 12216, 12217, 12218, 12219, 12220, 12221, 12222, 12223, 12224, 12480, 12481, 12482, 12483, 12484, 12485, 12486, 12487, 12488, 12489, 12490, 12491, 12492, 12493, 12494, 12555, 12556, 12557, 12558, 12559, 12560, 12561, 12562, 12563, 12564, 12565, 12566, 12567, 12568, 12569, 
8626, 8815, 8857, 9920, 10041, 10050, 10051, 10052, 10053, 10054, 10055, 10056, 10057, 10058, 10059, 10060, 10061, 10062, 10063, 10064, 10125, 10126, 10127, 10128, 10129, 10130, 10131, 10132, 10133, 10134, 10135, 10136, 10137, 10138, 10139, 10320, 10321, 10322, 10323, 10324, 10325, 10326, 10327, 10328, 10329, 10330, 10331, 10332, 10333, 10334, 10365, 10366, 10367, 10368, 10369, 10370, 10371, 10372, 10373, 10374, 10375, 10376, 10377, 10378, 10379, 10383, 10410, 10411, 10412, 10413, 10414, 10415, 10416, 10417, 10418, 10419, 10420, 10421, 10422, 10423, 10424, 10509, 10515, 10516, 10517, 10518, 10519, 10520, 10521, 10522, 10523, 10524, 10525, 10526, 10527, 10528, 10529, 10610, 10650, 10651, 10652, 10653, 10654, 10655, 10656, 10657, 10658, 10659, 10660, 10661, 10662, 10663, 10664, 10668, 10714, 10751, 10913, 10974, 10987, 11005, 11051, 11089, 11116, 11158, 11267, 11295, 11325, 11354, 11610, 11611, 11612, 11613, 11614, 11615, 11616, 11617, 11618, 11619, 11620, 11621, 11622, 11623, 11624, 11627, 11733, 11760, 11761, 11762, 11763, 11764, 11765, 11766, 11767, 11768, 11769, 11770, 11771, 11772, 11773, 11774, 11775, 11776, 11777, 11778, 11779, 11780, 11781, 11782, 11783, 11784, 11785, 11786, 11787, 11788, 11789, 11820, 11821, 11822, 11823, 11824, 11825, 11826, 11827, 11828, 11829, 11830, 11831, 11832, 11833, 11834, 11895, 11896, 11897, 11898, 11899, 11900, 11901, 11902, 11903, 11904, 11905, 11906, 11907, 11908, 11909, 11940, 11941, 11942, 11943, 11944, 11945, 11946, 11947, 11948, 11949, 11950, 11951, 11952, 11953, 11954, 11955, 11956, 11957, 11958, 11959, 11960, 11961, 11962, 11963, 11964, 11965, 11966, 11967, 11968, 11969, 11970, 11971, 11972, 11973, 11974, 11975, 11976, 11977, 11978, 11979, 11980, 11981, 11982, 11983, 11984, 
8580, 8581, 8582, 8583, 8584, 8585, 8586, 8587, 8588, 8589, 8590, 8591, 8592, 8593, 8594, 8626, 8815, 8857, 8955, 8956, 8957, 8958, 8959, 8960, 8961, 8962, 8963, 8964, 8965, 8966, 8967, 8968, 8969, 9920, 9960, 9961, 9962, 9963, 9964, 9965, 9966, 9967, 9968, 9969, 9970, 9971, 9972, 9973, 9974, 10041, 10050, 10051, 10052, 10053, 10054, 10055, 10056, 10057, 10058, 10059, 10060, 10061, 10062, 10063, 10064, 10125, 10126, 10127, 10128, 10129, 10130, 10131, 10132, 10133, 10134, 10135, 10136, 10137, 10138, 10139, 10140, 10141, 10142, 10143, 10144, 10145, 10146, 10147, 10148, 10149, 10150, 10151, 10152, 10153, 10154, 10260, 10261, 10262, 10263, 10264, 10265, 10266, 10267, 10268, 10269, 10270, 10271, 10272, 10273, 10274, 10320, 10321, 10322, 10323, 10324, 10325, 10326, 10327, 10328, 10329, 10330, 10331, 10332, 10333, 10334, 10365, 10366, 10367, 10368, 10369, 10370, 10371, 10372, 10373, 10374, 10375, 10376, 10377, 10378, 10379, 10383, 10410, 10411, 10412, 10413, 10414, 10415, 10416, 10417, 10418, 10419, 10420, 10421, 10422, 10423, 10424, 10509, 10515, 10516, 10517, 10518, 10519, 10520, 10521, 10522, 10523, 10524, 10525, 10526, 10527, 10528, 10529, 10610, 10650, 10651, 10652, 10653, 10654, 10655, 10656, 10657, 10658, 10659, 10660, 10661, 10662, 10663, 10664, 10668, 10714, 10751, 10913, 10974, 10987, 11005, 11051, 11055, 11056, 11057, 11058, 11059, 11060, 11061, 11062, 11063, 11064, 11065, 11066, 11067, 11068, 11069, 11089, 11116, 11158, 11175, 11176, 11177, 11178, 11179, 11180, 11181, 11182, 11183, 11184, 11185, 11186, 11187, 11188, 11189, 11190, 11191, 11192, 11193, 11194, 11195, 11196, 11197, 11198, 11199, 11200, 11201, 11202, 11203, 11204, 11267, 11295, 11310, 11311, 11312, 11313, 11314, 11315, 11316, 11317, 11318, 11319, 11320, 11321, 11322, 11323, 11324, 11325, 11354, 11970, 11971, 11972, 11973, 11974, 11975, 11976, 11977, 11978, 11979, 11980, 11981, 11982, 11983, 11984, 
8626, 8815, 8857, 9920, 9960, 9961, 9962, 9963, 9964, 9965, 9966, 9967, 9968, 9969, 9970, 9971, 9972, 9973, 9974, 10041, 10050, 10051, 10052, 10053, 10054, 10055, 10056, 10057, 10058, 10059, 10060, 10061, 10062, 10063, 10064, 10125, 10126, 10127, 10128, 10129, 10130, 10131, 10132, 10133, 10134, 10135, 10136, 10137, 10138, 10139, 10140, 10141, 10142, 10143, 10144, 10145, 10146, 10147, 10148, 10149, 10150, 10151, 10152, 10153, 10154, 10260, 10261, 10262, 10263, 10264, 10265, 10266, 10267, 10268, 10269, 10270, 10271, 10272, 10273, 10274, 10320, 10321, 10322, 10323, 10324, 10325, 10326, 10327, 10328, 10329, 10330, 10331, 10332, 10333, 10334, 10365, 10366, 10367, 10368, 10369, 10370, 10371, 10372, 10373, 10374, 10375, 10376, 10377, 10378, 10379, 10383, 10410, 10411, 10412, 10413, 10414, 10415, 10416, 10417, 10418, 10419, 10420, 10421, 10422, 10423, 10424, 10509, 10515, 10516, 10517, 10518, 10519, 10520, 10521, 10522, 10523, 10524, 10525, 10526, 10527, 10528, 10529, 10610, 10650, 10651, 10652, 10653, 10654, 10655, 10656, 10657, 10658, 10659, 10660, 10661, 10662, 10663, 10664, 10668, 10714, 10751, 10913, 10974, 10987, 11005, 11051, 11055, 11056, 11057, 11058, 11059, 11060, 11061, 11062, 11063, 11064, 11065, 11066, 11067, 11068, 11069, 11089, 11116, 11158, 11175, 11176, 11177, 11178, 11179, 11180, 11181, 11182, 11183, 11184, 11185, 11186, 11187, 11188, 11189, 11190, 11191, 11192, 11193, 11194, 11195, 11196, 11197, 11198, 11199, 11200, 11201, 11202, 11203, 11204, 11267, 11295, 11310, 11311, 11312, 11313, 11314, 11315, 11316, 11317, 11318, 11319, 11320, 11321, 11322, 11323, 11324, 11325, 11354, 11940, 11941, 11942, 11943, 11944, 11945, 11946, 11947, 11948, 11949, 11950, 11951, 11952, 11953, 11954, 11955, 11956, 11957, 11958, 11959, 11960, 11961, 11962, 11963, 11964, 11965, 11966, 11967, 11968, 11969, 11970, 11971, 11972, 11973, 11974, 11975, 11976, 11977, 11978, 11979, 11980, 11981, 11982, 11983, 11984, 
8626, 8815, 8857, 9920, 9960, 9961, 9962, 9963, 9964, 9965, 9966, 9967, 9968, 9969, 9970, 9971, 9972, 9973, 9974, 10041, 10050, 10051, 10052, 10053, 10054, 10055, 10056, 10057, 10058, 10059, 10060, 10061, 10062, 10063, 10064, 10125, 10126, 10127, 10128, 10129, 10130, 10131, 10132, 10133, 10134, 10135, 10136, 10137, 10138, 10139, 10140, 10141, 10142, 10143, 10144, 10145, 10146, 10147, 10148, 10149, 10150, 10151, 10152, 10153, 10154, 10260, 10261, 10262, 10263, 10264, 10265, 10266, 10267, 10268, 10269, 10270, 10271, 10272, 10273, 10274, 10320, 10321, 10322, 10323, 10324, 10325, 10326, 10327, 10328, 10329, 10330, 10331, 10332, 10333, 10334, 10365, 10366, 10367, 10368, 10369, 10370, 10371, 10372, 10373, 10374, 10375, 10376, 10377, 10378, 10379, 10383, 10410, 10411, 10412, 10413, 10414, 10415, 10416, 10417, 10418, 10419, 10420, 10421, 10422, 10423, 10424, 10509, 10515, 10516, 10517, 10518, 10519, 10520, 10521, 10522, 10523, 10524, 10525, 10526, 10527, 10528, 10529, 10610, 10650, 10651, 10652, 10653, 10654, 10655, 10656, 10657, 10658, 10659, 10660, 10661, 10662, 10663, 10664, 10668, 10714, 10751, 10913, 10974, 10987, 11005, 11051, 11055, 11056, 11057, 11058, 11059, 11060, 11061, 11062, 11063, 11064, 11065, 11066, 11067, 11068, 11069, 11089, 11116, 11158, 11175, 11176, 11177, 11178, 11179, 11180, 11181, 11182, 11183, 11184, 11185, 11186, 11187, 11188, 11189, 11190, 11191, 11192, 11193, 11194, 11195, 11196, 11197, 11198, 11199, 11200, 11201, 11202, 11203, 11204, 11267, 11295, 11310, 11311, 11312, 11313, 11314, 11315, 11316, 11317, 11318, 11319, 11320, 11321, 11322, 11323, 11324, 11325, 11354, 11940, 11941, 11942, 11943, 11944, 11945, 11946, 11947, 11948, 11949, 11950, 11951, 11952, 11953, 11954, 11955, 11956, 11957, 11958, 11959, 11960, 11961, 11962, 11963, 11964, 11965, 11966, 11967, 11968, 11969, 11970, 11971, 11972, 11973, 11974, 11975, 11976, 11977, 11978, 11979, 11980, 11981, 11982, 11983, 11984, 
8626, 8815, 8857, 9920, 9960, 10041, 10058, 10139, 10146, 10270, 10320, 10321, 10322, 10323, 10324, 10325, 10326, 10327, 10328, 10329, 10330, 10331, 10332, 10333, 10334, 10365, 10366, 10367, 10368, 10369, 10370, 10371, 10372, 10373, 10374, 10375, 10376, 10377, 10378, 10379, 10383, 10410, 10411, 10412, 10413, 10414, 10415, 10416, 10417, 10418, 10419, 10420, 10421, 10422, 10423, 10424, 10509, 10518, 10610, 10660, 10668, 10714, 10751, 10913, 10974, 10987, 11005, 11051, 11069, 11089, 11116, 11158, 11177, 11190, 11267, 11295, 11322, 11325, 11354, 11945, 11955, 11956, 11957, 11958, 11959, 11960, 11961, 11962, 11963, 11964, 11965, 11966, 11967, 11968, 11969, 11970, 11971, 11972, 11973, 11974, 11975, 11976, 11977, 11978, 11979, 11980, 11981, 11982, 11983, 11984, 
8626, 8815, 8857, 9920, 9960, 10041, 10058, 10139, 10146, 10270, 10320, 10321, 10322, 10323, 10324, 10325, 10326, 10327, 10328, 10329, 10330, 10331, 10332, 10333, 10334, 10365, 10366, 10367, 10368, 10369, 10370, 10371, 10372, 10373, 10374, 10375, 10376, 10377, 10378, 10379, 10383, 10410, 10411, 10412, 10413, 10414, 10415, 10416, 10417, 10418, 10419, 10420, 10421, 10422, 10423, 10424, 10509, 10518, 10610, 10660, 10668, 10714, 10751, 10913, 10974, 10987, 11005, 11051, 11069, 11089, 11116, 11158, 11177, 11190, 11267, 11295, 11322, 11325, 11354, 11945, 11957, 11970, 11971, 11972, 11973, 11974, 11975, 11976, 11977, 11978, 11979, 11980, 11981, 11982, 11983, 11984, 
8626, 8815, 8857, 9920, 9960, 10041, 10058, 10139, 10146, 10270, 10320, 10321, 10322, 10323, 10324, 10325, 10326, 10327, 10328, 10329, 10330, 10331, 10332, 10333, 10334, 10365, 10366, 10367, 10368, 10369, 10370, 10371, 10372, 10373, 10374, 10375, 10376, 10377, 10378, 10379, 10383, 10410, 10411, 10412, 10413, 10414, 10415, 10416, 10417, 10418, 10419, 10420, 10421, 10422, 10423, 10424, 10509, 10518, 10610, 10660, 10668, 10714, 10751, 10913, 10974, 10987, 11005, 11051, 11069, 11089, 11116, 11158, 11177, 11190, 11267, 11295, 11322, 11325, 11354, 11945, 11957, 11970, 11971, 11972, 11973, 11974, 11975, 11976, 11977, 11978, 11979, 11980, 11981, 11982, 11983, 11984, 
8626, 8815, 8857, 9920, 9960, 10041, 10058, 10139, 10146, 10270, 10320, 10321, 10322, 10323, 10324, 10325, 10326, 10327, 10328, 10329, 10330, 10331, 10332, 10333, 10334, 10365, 10366, 10367, 10368, 10369, 10370, 10371, 10372, 10373, 10374, 10375, 10376, 10377, 10378, 10379, 10383, 10410, 10411, 10412, 10413, 10414, 10415, 10416, 10417, 10418, 10419, 10420, 10421, 10422, 10423, 10424, 10509, 10518, 10610, 10660, 10668, 10714, 10751, 10913, 10974, 10987, 11005, 11051, 11069, 11089, 11116, 11158, 11177, 11190, 11267, 11295, 11322, 11325, 11354, 11945, 11957, 11970, 11971, 11972, 11973, 11974, 11975, 11976, 11977, 11978, 11979, 11980, 11981, 11982, 11983, 11984, 
8626, 8815, 8857, 9920, 9960, 10041, 10058, 10139, 10146, 10270, 10320, 10321, 10322, 10323, 10324, 10325, 10326, 10327, 10328, 10329, 10330, 10331, 10332, 10333, 10334, 10365, 10366, 10367, 10368, 10369, 10370, 10371, 10372, 10373, 10374, 10375, 10376, 10377, 10378, 10379, 10383, 10410, 10411, 10412, 10413, 10414, 10415, 10416, 10417, 10418, 10419, 10420, 10421, 10422, 10423, 10424, 10509, 10518, 10610, 10660, 10668, 10714, 10751, 10913, 10974, 10987, 11005, 11051, 11069, 11089, 11116, 11158, 11177, 11190, 11267, 11295, 11322, 11325, 11354, 11790, 11791, 11792, 11793, 11794, 11795, 11796, 11797, 11798, 11799, 11800, 11801, 11802, 11803, 11804, 12075, 12076, 12077, 12078, 12079, 12080, 12081, 12082, 12083, 12084, 12085, 12086, 12087, 12088, 12089, 12135, 12136, 12137, 12138, 12139, 12140, 12141, 12142, 12143, 12144, 12145, 12146, 12147, 12148, 12149, 
8626, 8815, 8857, 9920, 9960, 10041, 10058, 10139, 10146, 10270, 10320, 10321, 10322, 10323, 10324, 10325, 10326, 10327, 10328, 10329, 10330, 10331, 10332, 10333, 10334, 10365, 10366, 10367, 10368, 10369, 10370, 10371, 10372, 10373, 10374, 10375, 10376, 10377, 10378, 10379, 10383, 10410, 10411, 10412, 10413, 10414, 10415, 10416, 10417, 10418, 10419, 10420, 10421, 10422, 10423, 10424, 10509, 10518, 10610, 10660, 10668, 10714, 10751, 10890, 10891, 10892, 10893, 10894, 10895, 10896, 10897, 10898, 10899, 10900, 10901, 10902, 10903, 10904, 10913, 10974, 10987, 11005, 11051, 11069, 11089, 11116, 11158, 11177, 11190, 11267, 11295, 11322, 11325, 11354, 11957, 11970, 11971, 11972, 11973, 11974, 11975, 11976, 11977, 11978, 11979, 11980, 11981, 11982, 11983, 11984, 
8355, 8356, 8357, 8358, 8359, 8360, 8361, 8362, 8363, 8364, 8365, 8366, 8367, 8368, 8369, 8626, 8815, 8857, 9920, 9960, 10041, 10058, 10139, 10146, 10270, 10320, 10321, 10322, 10323, 10324, 10325, 10326, 10327, 10328, 10329, 10330, 10331, 10332, 10333, 10334, 10365, 10366, 10367, 10368, 10369, 10370, 10371, 10372, 10373, 10374, 10375, 10376, 10377, 10378, 10379, 10383, 10410, 10411, 10412, 10413, 10414, 10415, 10416, 10417, 10418, 10419, 10420, 10421, 10422, 10423, 10424, 10509, 10518, 10610, 10620, 10621, 10622, 10623, 10624, 10625, 10626, 10627, 10628, 10629, 10630, 10631, 10632, 10633, 10634, 10660, 10668, 10714, 10751, 10890, 10891, 10892, 10893, 10894, 10895, 10896, 10897, 10898, 10899, 10900, 10901, 10902, 10903, 10904, 10913, 10974, 10987, 11005, 11051, 11069, 11089, 11116, 11158, 11177, 11190, 11267, 11295, 11322, 11325, 11354, 
7815, 7816, 7817, 7818, 7819, 7820, 7821, 7822, 7823, 7824, 7825, 7826, 7827, 7828, 7829, 8626, 8815, 8857, 9920, 9960, 10041, 10058, 10139, 10146, 10270, 10320, 10321, 10322, 10323, 10324, 10325, 10326, 10327, 10328, 10329, 10330, 10331, 10332, 10333, 10334, 10365, 10366, 10367, 10368, 10369, 10370, 10371, 10372, 10373, 10374, 10375, 10376, 10377, 10378, 10379, 10383, 10410, 10411, 10412, 10413, 10414, 10415, 10416, 10417, 10418, 10419, 10420, 10421, 10422, 10423, 10424, 10509, 10518, 10610, 10620, 10621, 10622, 10623, 10624, 10625, 10626, 10627, 10628, 10629, 10630, 10631, 10632, 10633, 10634, 10660, 10668, 10714, 10751, 10890, 10891, 10892, 10893, 10894, 10895, 10896, 10897, 10898, 10899, 10900, 10901, 10902, 10903, 10904, 10913, 10974, 10987, 11005, 11051, 11069, 11089, 11116, 11158, 11177, 11190, 11267, 11295, 11322, 11325, 11354, 
8626, 8815, 8857, 9920, 9960, 10041, 10058, 10139, 10146, 10270, 10320, 10321, 10322, 10323, 10324, 10325, 10326, 10327, 10328, 10329, 10330, 10331, 10332, 10333, 10334, 10365, 10366, 10367, 10368, 10369, 10370, 10371, 10372, 10373, 10374, 10375, 10376, 10377, 10378, 10379, 10383, 10410, 10411, 10412, 10413, 10414, 10415, 10416, 10417, 10418, 10419, 10420, 10421, 10422, 10423, 10424, 10509, 10518, 10610, 10620, 10621, 10622, 10623, 10624, 10625, 10626, 10627, 10628, 10629, 10630, 10631, 10632, 10633, 10634, 10660, 10668, 10714, 10751, 10894, 10913, 10974, 10987, 11005, 11051, 11069, 11089, 11116, 11158, 11177, 11190, 11267, 11295, 11322, 11325, 11354, 11970, 11971, 11972, 11973, 11974, 11975, 11976, 11977, 11978, 11979, 11980, 11981, 11982, 11983, 11984, 
8626, 8815, 8857, 9920, 9960, 10041, 10058, 10139, 10146, 10270, 10320, 10321, 10322, 10323, 10324, 10325, 10326, 10327, 10328, 10329, 10330, 10331, 10332, 10333, 10334, 10365, 10366, 10367, 10368, 10369, 10370, 10371, 10372, 10373, 10374, 10375, 10376, 10377, 10378, 10379, 10383, 10410, 10411, 10412, 10413, 10414, 10415, 10416, 10417, 10418, 10419, 10420, 10421, 10422, 10423, 10424, 10509, 10518, 10610, 10630, 10660, 10668, 10714, 10751, 10894, 10913, 10974, 10987, 11005, 11051, 11069, 11089, 11116, 11158, 11177, 11190, 11267, 11295, 11322, 11325, 11354, 11970, 11971, 11972, 11973, 11974, 11975, 11976, 11977, 11978, 11979, 11980, 11981, 11982, 11983, 11984, 
8626, 8815, 8857, 9920, 9960, 10041, 10058, 10139, 10146, 10270, 10320, 10321, 10322, 10323, 10324, 10325, 10326, 10327, 10328, 10329, 10330, 10331, 10332, 10333, 10334, 10365, 10366, 10367, 10368, 10369, 10370, 10371, 10372, 10373, 10374, 10375, 10376, 10377, 10378, 10379, 10383, 10410, 10411, 10412, 10413, 10414, 10415, 10416, 10417, 10418, 10419, 10420, 10421, 10422, 10423, 10424, 10509, 10518, 10610, 10630, 10660, 10668, 10714, 10751, 10894, 10913, 10974, 10987, 11005, 11051, 11069, 11089, 11116, 11158, 11177, 11190, 11267, 11295, 11322, 11325, 11354, 11970, 11971, 11972, 11973, 11974, 11975, 11976, 11977, 11978, 11979, 11980, 11981, 11982, 11983, 11984, 
8626, 8815, 8857, 9920, 9960, 10041, 10058, 10139, 10146, 10270, 10320, 10321, 10322, 10323, 10324, 10325, 10326, 10327, 10328, 10329, 10330, 10331, 10332, 10333, 10334, 10365, 10366, 10367, 10368, 10369, 10370, 10371, 10372, 10373, 10374, 10375, 10376, 10377, 10378, 10379, 10383, 10410, 10411, 10412, 10413, 10414, 10415, 10416, 10417, 10418, 10419, 10420, 10421, 10422, 10423, 10424, 10509, 10518, 10610, 10630, 10660, 10668, 10714, 10751, 10894, 10913, 10974, 10987, 11005, 11051, 11069, 11089, 11116, 11158, 11177, 11190, 11267, 11295, 11322, 11325, 11354, 11972, 
8626, 8815, 8857, 9920, 9960, 10041, 10058, 10139, 10146, 10270, 10320, 10321, 10322, 10323, 10324, 10325, 10326, 10327, 10328, 10329, 10330, 10331, 10332, 10333, 10334, 10365, 10366, 10367, 10368, 10369, 10370, 10371, 10372, 10373, 10374, 10375, 10376, 10377, 10378, 10379, 10383, 10410, 10411, 10412, 10413, 10414, 10415, 10416, 10417, 10418, 10419, 10420, 10421, 10422, 10423, 10424, 10509, 10518, 10610, 10630, 10660, 10668, 10714, 10751, 10894, 10913, 10974, 10987, 11005, 11051, 11069, 11089, 11116, 11158, 11177, 11190, 11267, 11295, 11322, 11325, 11354, 11972, 
8626, 8815, 8857, 9920, 9960, 10041, 10058, 10139, 10146, 10270, 10320, 10321, 10322, 10323, 10324, 10325, 10326, 10327, 10328, 10329, 10330, 10331, 10332, 10333, 10334, 10365, 10366, 10367, 10368, 10369, 10370, 10371, 10372, 10373, 10374, 10375, 10376, 10377, 10378, 10379, 10383, 10410, 10411, 10412, 10413, 10414, 10415, 10416, 10417, 10418, 10419, 10420, 10421, 10422, 10423, 10424, 10509, 10518, 10610, 10630, 10660, 10668, 10714, 10751, 10894, 10913, 10974, 10987, 11005, 11051, 11069, 11089, 11116, 11158, 11177, 11190, 11267, 11295, 11322, 11325, 11354, 11972, 
8626, 8815, 8857, 9920, 9960, 10041, 10058, 10139, 10146, 10270, 10320, 10321, 10322, 10323, 10324, 10325, 10326, 10327, 10328, 10329, 10330, 10331, 10332, 10333, 10334, 10365, 10366, 10367, 10368, 10369, 10370, 10371, 10372, 10373, 10374, 10375, 10376, 10377, 10378, 10379, 10383, 10410, 10411, 10412, 10413, 10414, 10415, 10416, 10417, 10418, 10419, 10420, 10421, 10422, 10423, 10424, 10509, 10518, 10610, 10630, 10660, 10668, 10714, 10751, 10894, 10913, 10974, 10987, 11005, 11051, 11069, 11089, 11116, 11158, 11177, 11190, 11267, 11295, 11322, 11325, 11354, 11972, 
8626, 8815, 8857, 9920, 9960, 10041, 10058, 10139, 10146, 10270, 10320, 10321, 10322, 10323, 10324, 10325, 10326, 10327, 10328, 10329, 10330, 10331, 10332, 10333, 10334, 10365, 10366, 10367, 10368, 10369, 10370, 10371, 10372, 10373, 10374, 10375, 10376, 10377, 10378, 10379, 10383, 10410, 10411, 10412, 10413, 10414, 10415, 10416, 10417, 10418, 10419, 10420, 10421, 10422, 10423, 10424, 10509, 10518, 10610, 10630, 10660, 10668, 10714, 10751, 10894, 10913, 10974, 10987, 11005, 11051, 11069, 11089, 11116, 11158, 11177, 11190, 11267, 11295, 11322, 11325, 11354, 11972, 
8626, 8815, 8857, 9920, 9960, 10041, 10058, 10139, 10146, 10270, 10320, 10321, 10322, 10323, 10324, 10325, 10326, 10327, 10328, 10329, 10330, 10331, 10332, 10333, 10334, 10365, 10366, 10367, 10368, 10369, 10370, 10371, 10372, 10373, 10374, 10375, 10376, 10377, 10378, 10379, 10383, 10410, 10411, 10412, 10413, 10414, 10415, 10416, 10417, 10418, 10419, 10420, 10421, 10422, 10423, 10424, 10509, 10518, 10610, 10630, 10660, 10668, 10714, 10751, 10894, 10913, 10974, 10987, 11005, 11051, 11069, 11089, 11116, 11158, 11177, 11190, 11267, 11295, 11322, 11325, 11354, 11972, 
8626, 8815, 8857, 9920, 9960, 10041, 10058, 10139, 10146, 10270, 10320, 10321, 10322, 10323, 10324, 10325, 10326, 10327, 10328, 10329, 10330, 10331, 10332, 10333, 10334, 10365, 10366, 10367, 10368, 10369, 10370, 10371, 10372, 10373, 10374, 10375, 10376, 10377, 10378, 10379, 10383, 10410, 10411, 10412, 10413, 10414, 10415, 10416, 10417, 10418, 10419, 10420, 10421, 10422, 10423, 10424, 10509, 10518, 10610, 10630, 10660, 10668, 10714, 10751, 10894, 10913, 10974, 10987, 11005, 11051, 11069, 11089, 11116, 11158, 11177, 11190, 11267, 11295, 11322, 11325, 11354, 12645, 12646, 12647, 12648, 12649, 12650, 12651, 12652, 12653, 12654, 12655, 12656, 12657, 12658, 12659, 
8626, 8815, 8857, 9920, 9960, 10041, 10058, 10139, 10146, 10270, 10320, 10321, 10322, 10323, 10324, 10325, 10326, 10327, 10328, 10329, 10330, 10331, 10332, 10333, 10334, 10365, 10366, 10367, 10368, 10369, 10370, 10371, 10372, 10373, 10374, 10375, 10376, 10377, 10378, 10379, 10383, 10410, 10411, 10412, 10413, 10414, 10415, 10416, 10417, 10418, 10419, 10420, 10421, 10422, 10423, 10424, 10509, 10518, 10610, 10630, 10660, 10668, 10714, 10751, 10894, 10913, 10974, 10987, 11005, 11051, 11069, 11089, 11116, 11158, 11177, 11190, 11267, 11295, 11322, 11325, 11354, 11972, 
8626, 8815, 8857, 9920, 9960, 10041, 10058, 10139, 10146, 10270, 10320, 10321, 10322, 10323, 10324, 10325, 10326, 10327, 10328, 10329, 10330, 10331, 10332, 10333, 10334, 10365, 10366, 10367, 10368, 10369, 10370, 10371, 10372, 10373, 10374, 10375, 10376, 10377, 10378, 10379, 10383, 10410, 10411, 10412, 10413, 10414, 10415, 10416, 10417, 10418, 10419, 10420, 10421, 10422, 10423, 10424, 10509, 10518, 10610, 10630, 10660, 10668, 10714, 10751, 10894, 10913, 10974, 10987, 11005, 11051, 11069, 11089, 11116, 11158, 11177, 11190, 11267, 11295, 11322, 11325, 11354, 12390, 12391, 12392, 12393, 12394, 12395, 12396, 12397, 12398, 12399, 12400, 12401, 12402, 12403, 12404, 
8626, 8815, 8857, 9920, 9960, 10041, 10058, 10139, 10146, 10270, 10320, 10321, 10322, 10323, 10324, 10325, 10326, 10327, 10328, 10329, 10330, 10331, 10332, 10333, 10334, 10365, 10366, 10367, 10368, 10369, 10370, 10371, 10372, 10373, 10374, 10375, 10376, 10377, 10378, 10379, 10383, 10410, 10411, 10412, 10413, 10414, 10415, 10416, 10417, 10418, 10419, 10420, 10421, 10422, 10423, 10424, 10509, 10518, 10610, 10630, 10660, 10668, 10714, 10751, 10894, 10913, 10974, 10987, 11005, 11051, 11069, 11089, 11116, 11158, 11177, 11190, 11267, 11295, 11322, 11325, 11354, 12225, 12226, 12227, 12228, 12229, 12230, 12231, 12232, 12233, 12234, 12235, 12236, 12237, 12238, 12239, 
8626, 8815, 8857, 9920, 9960, 10041, 10058, 10139, 10146, 10270, 10320, 10321, 10322, 10323, 10324, 10325, 10326, 10327, 10328, 10329, 10330, 10331, 10332, 10333, 10334, 10365, 10366, 10367, 10368, 10369, 10370, 10371, 10372, 10373, 10374, 10375, 10376, 10377, 10378, 10379, 10383, 10410, 10411, 10412, 10413, 10414, 10415, 10416, 10417, 10418, 10419, 10420, 10421, 10422, 10423, 10424, 10509, 10518, 10610, 10630, 10660, 10668, 10714, 10751, 10894, 10913, 10974, 10987, 11005, 11051, 11069, 11089, 11116, 11158, 11177, 11190, 11267, 11295, 11322, 11325, 11354, 11490, 11491, 11492, 11493, 11494, 11495, 11496, 11497, 11498, 11499, 11500, 11501, 11502, 11503, 11504, 
8626, 8815, 8857, 9920, 9960, 10041, 10058, 10139, 10146, 10270, 10320, 10321, 10322, 10323, 10324, 10325, 10326, 10327, 10328, 10329, 10330, 10331, 10332, 10333, 10334, 10365, 10366, 10367, 10368, 10369, 10370, 10371, 10372, 10373, 10374, 10375, 10376, 10377, 10378, 10379, 10383, 10410, 10411, 10412, 10413, 10414, 10415, 10416, 10417, 10418, 10419, 10420, 10421, 10422, 10423, 10424, 10509, 10518, 10610, 10630, 10660, 10668, 10714, 10751, 10894, 10913, 10974, 10987, 11005, 11051, 11069, 11089, 11116, 11158, 11177, 11190, 11267, 11295, 11322, 11325, 11354, 11355, 11356, 11357, 11358, 11359, 11360, 11361, 11362, 11363, 11364, 11365, 11366, 11367, 11368, 11369, 
8626, 8815, 8857, 9920, 9960, 10041, 10058, 10139, 10146, 10270, 10320, 10321, 10322, 10323, 10324, 10325, 10326, 10327, 10328, 10329, 10330, 10331, 10332, 10333, 10334, 10365, 10366, 10367, 10368, 10369, 10370, 10371, 10372, 10373, 10374, 10375, 10376, 10377, 10378, 10379, 10383, 10410, 10411, 10412, 10413, 10414, 10415, 10416, 10417, 10418, 10419, 10420, 10421, 10422, 10423, 10424, 10509, 10518, 10610, 10630, 10660, 10668, 10714, 10751, 10894, 10913, 10974, 10987, 11005, 11051, 11069, 11089, 11116, 11158, 11177, 11190, 11205, 11206, 11207, 11208, 11209, 11210, 11211, 11212, 11213, 11214, 11215, 11216, 11217, 11218, 11219, 11267, 11295, 11322, 11325, 11354, 
8626, 8815, 8857, 9920, 9960, 10041, 10058, 10139, 10146, 10270, 10320, 10321, 10322, 10323, 10324, 10325, 10326, 10327, 10328, 10329, 10330, 10331, 10332, 10333, 10334, 10365, 10366, 10367, 10368, 10369, 10370, 10371, 10372, 10373, 10374, 10375, 10376, 10377, 10378, 10379, 10383, 10410, 10411, 10412, 10413, 10414, 10415, 10416, 10417, 10418, 10419, 10420, 10421, 10422, 10423, 10424, 10509, 10518, 10610, 10630, 10660, 10668, 10714, 10751, 10894, 10913, 10974, 10987, 11005, 11051, 11069, 11089, 11116, 11158, 11177, 11190, 11205, 11206, 11207, 11208, 11209, 11210, 11211, 11212, 11213, 11214, 11215, 11216, 11217, 11218, 11219, 11267, 11295, 11322, 11325, 11354, 
8626, 8815, 8857, 9920, 9960, 10041, 10058, 10139, 10146, 10270, 10320, 10321, 10322, 10323, 10324, 10325, 10326, 10327, 10328, 10329, 10330, 10331, 10332, 10333, 10334, 10365, 10366, 10367, 10368, 10369, 10370, 10371, 10372, 10373, 10374, 10375, 10376, 10377, 10378, 10379, 10383, 10410, 10411, 10412, 10413, 10414, 10415, 10416, 10417, 10418, 10419, 10420, 10421, 10422, 10423, 10424, 10509, 10518, 10610, 10630, 10660, 10668, 10714, 10751, 10894, 10913, 10974, 10987, 11005, 11051, 11069, 11089, 11116, 11158, 11177, 11190, 11205, 11206, 11207, 11208, 11209, 11210, 11211, 11212, 11213, 11214, 11215, 11216, 11217, 11218, 11219, 11267, 11295, 11322, 11325, 11354, 
6330, 6331, 6332, 6333, 6334, 6335, 6336, 6337, 6338, 6339, 6340, 6341, 6342, 6343, 6344, 7020, 7021, 7022, 7023, 7024, 7025, 7026, 7027, 7028, 7029, 7030, 7031, 7032, 7033, 7034, 9225, 9226, 9227, 9228, 9229, 9230, 9231, 9232, 9233, 9234, 9235, 9236, 9237, 9238, 9239, 10041, 10058, 10139, 10146, 10270, 10320, 10321, 10322, 10323, 10324, 10325, 10326, 10327, 10328, 10329, 10330, 10331, 10332, 10333, 10334, 10365, 10366, 10367, 10368, 10369, 10370, 10371, 10372, 10373, 10374, 10375, 10376, 10377, 10378, 10379, 10383, 10410, 10411, 10412, 10413, 10414, 10415, 10416, 10417, 10418, 10419, 10420, 10421, 10422, 10423, 10424, 10509, 10518, 10610, 10630, 10660, 10668, 10714, 10751, 10894, 10913, 10974, 10987, 11005, 11051, 11069, 11070, 11071, 11072, 11073, 11074, 11075, 11076, 11077, 11078, 11079, 11080, 11081, 11082, 11083, 11084, 11089, 11116, 11130, 11131, 11132, 11133, 11134, 11135, 11136, 11137, 11138, 11139, 11140, 11141, 11142, 11143, 11144, 11158, 11177, 11190, 11211, 11267, 11295, 11322, 11325, 11354, 
8626, 8815, 8857, 9920, 9960, 10041, 10058, 10139, 10146, 10270, 10320, 10321, 10322, 10323, 10324, 10325, 10326, 10327, 10328, 10329, 10330, 10331, 10332, 10333, 10334, 10365, 10366, 10367, 10368, 10369, 10370, 10371, 10372, 10373, 10374, 10375, 10376, 10377, 10378, 10379, 10383, 10410, 10411, 10412, 10413, 10414, 10415, 10416, 10417, 10418, 10419, 10420, 10421, 10422, 10423, 10424, 10509, 10518, 10610, 10630, 10660, 10668, 10714, 10751, 10894, 10913, 10974, 10987, 11005, 11051, 11069, 11089, 11116, 11158, 11177, 11190, 11211, 11267, 11295, 11322, 11325, 11354, 
8626, 8815, 8857, 9920, 9960, 10041, 10058, 10139, 10146, 10270, 10320, 10321, 10322, 10323, 10324, 10325, 10326, 10327, 10328, 10329, 10330, 10331, 10332, 10333, 10334, 10365, 10366, 10367, 10368, 10369, 10370, 10371, 10372, 10373, 10374, 10375, 10376, 10377, 10378, 10379, 10383, 10410, 10411, 10412, 10413, 10414, 10415, 10416, 10417, 10418, 10419, 10420, 10421, 10422, 10423, 10424, 10509, 10518, 10610, 10630, 10660, 10668, 10714, 10751, 10894, 10913, 10974, 10987, 11005, 11051, 11069, 11089, 11116, 11158, 11177, 11190, 11211, 11267, 11295, 11322, 11325, 11354, 
8626, 8815, 8857, 9920, 9960, 10041, 10058, 10139, 10146, 10270, 10320, 10321, 10322, 10323, 10324, 10325, 10326, 10327, 10328, 10329, 10330, 10331, 10332, 10333, 10334, 10365, 10366, 10367, 10368, 10369, 10370, 10371, 10372, 10373, 10374, 10375, 10376, 10377, 10378, 10379, 10383, 10410, 10411, 10412, 10413, 10414, 10415, 10416, 10417, 10418, 10419, 10420, 10421, 10422, 10423, 10424, 10509, 10518, 10610, 10630, 10660, 10668, 10714, 10751, 10894, 10913, 10974, 10987, 11005, 11051, 11069, 11089, 11116, 11158, 11177, 11190, 11211, 11267, 11295, 11322, 11325, 11354, 
8626, 8815, 8857, 9920, 9960, 10041, 10058, 10139, 10146, 10270, 10320, 10321, 10322, 10323, 10324, 10325, 10326, 10327, 10328, 10329, 10330, 10331, 10332, 10333, 10334, 10365, 10366, 10367, 10368, 10369, 10370, 10371, 10372, 10373, 10374, 10375, 10376, 10377, 10378, 10379, 10383, 10410, 10411, 10412, 10413, 10414, 10415, 10416, 10417, 10418, 10419, 10420, 10421, 10422, 10423, 10424, 10509, 10518, 10610, 10630, 10660, 10668, 10714, 10751, 10894, 10913, 10974, 10987, 11005, 11051, 11069, 11089, 11116, 11158, 11177, 11190, 11211, 11267, 11295, 11322, 11325, 11354, 
8626, 8815, 8857, 9920, 9960, 10041, 10058, 10139, 10146, 10270, 10320, 10321, 10322, 10323, 10324, 10325, 10326, 10327, 10328, 10329, 10330, 10331, 10332, 10333, 10334, 10365, 10366, 10367, 10368, 10369, 10370, 10371, 10372, 10373, 10374, 10375, 10376, 10377, 10378, 10379, 10383, 10410, 10411, 10412, 10413, 10414, 10415, 10416, 10417, 10418, 10419, 10420, 10421, 10422, 10423, 10424, 10509, 10518, 10610, 10630, 10660, 10668, 10714, 10751, 10894, 10913, 10974, 10987, 11005, 11051, 11069, 11089, 11116, 11158, 11177, 11190, 11211, 11267, 11295, 11322, 11325, 11354, 
8626, 8815, 8857, 9920, 9960, 10041, 10058, 10139, 10146, 10270, 10320, 10321, 10322, 10323, 10324, 10325, 10326, 10327, 10328, 10329, 10330, 10331, 10332, 10333, 10334, 10365, 10366, 10367, 10368, 10369, 10370, 10371, 10372, 10373, 10374, 10375, 10376, 10377, 10378, 10379, 10383, 10410, 10411, 10412, 10413, 10414, 10415, 10416, 10417, 10418, 10419, 10420, 10421, 10422, 10423, 10424, 10509, 10518, 10610, 10630, 10660, 10668, 10714, 10751, 10894, 10913, 10974, 10987, 11005, 11051, 11069, 11089, 11116, 11158, 11177, 11190, 11211, 11267, 11295, 11322, 11325, 11354, 
8626, 8815, 8857, 9920, 9960, 10041, 10058, 10139, 10146, 10270, 10320, 10321, 10322, 10323, 10324, 10325, 10326, 10327, 10328, 10329, 10330, 10331, 10332, 10333, 10334, 10365, 10366, 10367, 10368, 10369, 10370, 10371, 10372, 10373, 10374, 10375, 10376, 10377, 10378, 10379, 10383, 10410, 10411, 10412, 10413, 10414, 10415, 10416, 10417, 10418, 10419, 10420, 10421, 10422, 10423, 10424, 10509, 10518, 10610, 10630, 10660, 10668, 10714, 10751, 10894, 10913, 10974, 10987, 11005, 11051, 11069, 11089, 11116, 11158, 11177, 11190, 11211, 11267, 11295, 11322, 11325, 11354, 
8626, 8815, 8857, 9920, 9960, 10041, 10058, 10139, 10146, 10270, 10327, 10377, 10383, 10416, 10509, 10518, 10610, 10630, 10660, 10668, 10714, 10751, 10894, 10913, 10974, 10987, 11005, 11051, 11069, 11089, 11116, 11158, 11177, 11190, 11211, 11267, 11295, 11322, 11325, 11354, 
8626, 8815, 8857, 9920, 9960, 10041, 10058, 10139, 10146, 10270, 10327, 10377, 10383, 10416, 10509, 10518, 10610, 10630, 10660, 10668, 10714, 10751, 10894, 10913, 10974, 10987, 11005, 11051, 11069, 11089, 11116, 11158, 11177, 11190, 11211, 11267, 11295, 11322, 11325, 11354, 
8626, 8815, 8857, 9920, 9960, 10041, 10058, 10139, 10146, 10270, 10327, 10377, 10383, 10416, 10509, 10518, 10610, 10630, 10660, 10668, 10714, 10751, 10894, 10913, 10974, 10987, 11005, 11051, 11069, 11089, 11116, 11158, 11177, 11190, 11211, 11267, 11295, 11322, 11325, 11354, 
8626, 8815, 8857, 9920, 9960, 10041, 10058, 10139, 10146, 10270, 10327, 10377, 10383, 10416, 10509, 10518, 10610, 10630, 10660, 10668, 10714, 10751, 10894, 10913, 10974, 10987, 11005, 11051, 11069, 11089, 11116, 11158, 11177, 11190, 11211, 11267, 11295, 11322, 11325, 11354, 
8626, 8815, 8857, 9920, 9960, 10041, 10058, 10139, 10146, 10270, 10327, 10377, 10383, 10416, 10509, 10518, 10610, 10630, 10660, 10668, 10714, 10751, 10894, 10913, 10974, 10987, 11005, 11051, 11069, 11089, 11116, 11158, 11177, 11190, 11211, 11267, 11295, 11322, 11325, 11354, 
8626, 8815, 8857, 9920, 9960, 10041, 10058, 10139, 10146, 10270, 10327, 10377, 10383, 10416, 10509, 10518, 10610, 10630, 10660, 10668, 10714, 10751, 10894, 10913, 10974, 10987, 11005, 11051, 11069, 11089, 11116, 11158, 11177, 11190, 11211, 11267, 11295, 11322, 11325, 11354, 
8626, 8815, 8857, 9920, 9960, 10041, 10058, 10139, 10146, 10270, 10327, 10377, 10383, 10416, 10509, 10518, 10610, 10630, 10660, 10668, 10714, 10751, 10894, 10913, 10974, 10987, 11005, 11051, 11069, 11089, 11116, 11158, 11177, 11190, 11211, 11267, 11295, 11322, 11325, 11354, 
8626, 8815, 8857, 9920, 9960, 10041, 10058, 10139, 10146, 10270, 10327, 10377, 10383, 10416, 10509, 10518, 10610, 10630, 10660, 10668, 10714, 10751, 10894, 10913, 10974, 10987, 11005, 11051, 11069, 11089, 11116, 11158, 11177, 11190, 11211, 11267, 11295, 11322, 11325, 11354, 
8626, 8815, 8857, 9920, 9960, 10041, 10058, 10139, 10146, 10270, 10327, 10377, 10383, 10416, 10509, 10518, 10610, 10630, 10660, 10668, 10714, 10751, 10894, 10913, 10974, 10987, 11005, 11051, 11069, 11089, 11116, 11158, 11177, 11190, 11211, 11267, 11295, 11322, 11325, 11354, 
8626, 8815, 8857, 9920, 9960, 10041, 10058, 10139, 10146, 10270, 10327, 10377, 10383, 10416, 10509, 10518, 10610, 10630, 10660, 10668, 10714, 10751, 10894, 10913, 10974, 10987, 11005, 11051, 11069, 11089, 11116, 11158, 11177, 11190, 11211, 11267, 11295, 11322, 11325, 11354, 
8626, 8815, 8857, 9920, 9960, 10041, 10058, 10139, 10146, 10270, 10327, 10377, 10383, 10416, 10509, 10518, 10610, 10630, 10660, 10668, 10714, 10751, 10894, 10913, 10974, 10987, 11005, 11051, 11069, 11089, 11116, 11158, 11177, 11190, 11211, 11267, 11295, 11322, 11325, 11354, 
8626, 8815, 8857, 9920, 9960, 10041, 10058, 10139, 10146, 10270, 10327, 10377, 10383, 10416, 10509, 10518, 10610, 10630, 10660, 10668, 10714, 10751, 10894, 10913, 10974, 10987, 11005, 11051, 11069, 11089, 11116, 11158, 11177, 11190, 11211, 11267, 11295, 11322, 11325, 11354, 
8626, 8815, 8857, 9920, 9960, 10041, 10058, 10139, 10146, 10270, 10327, 10377, 10383, 10416, 10509, 10518, 10610, 10630, 10660, 10668, 10714, 10751, 10894, 10913, 10974, 10987, 11005, 11051, 11069, 11089, 11116, 11158, 11177, 11190, 11211, 11267, 11295, 11322, 11325, 11354, 
8626, 8815, 8857, 9920, 9960, 10041, 10058, 10139, 10146, 10270, 10327, 10377, 10383, 10416, 10509, 10518, 10610, 10630, 10660, 10668, 10714, 10751, 10894, 10913, 10974, 10987, 11005, 11051, 11069, 11089, 11116, 11158, 11177, 11190, 11211, 11267, 11295, 11322, 11325, 11354, 
8626, 8815, 8857, 9920, 9960, 10041, 10058, 10139, 10146, 10270, 10327, 10377, 10383, 10416, 10509, 10518, 10610, 10630, 10660, 10668, 10714, 10751, 10894, 10913, 10974, 10987, 11005, 11051, 11069, 11089, 11116, 11158, 11177, 11190, 11211, 11267, 11295, 11322, 11325, 11354, 
