305, 308, 336, 337, 367, 369, 379, 383, 389, 397, 426, 435, 445, 449, 451, 459, 462, 463, 466, 473, 510, 511, 513, 518, 530, 532, 534, 537, 538, 539, 540, 542, 548, 559, 560, 563, 565, 569, 578, 584, 
305, 308, 336, 337, 367, 369, 379, 383, 389, 397, 426, 435, 445, 449, 451, 459, 462, 463, 466, 473, 510, 511, 513, 518, 530, 532, 534, 537, 538, 539, 540, 542, 548, 559, 560, 563, 565, 569, 578, 584, 
305, 308, 336, 337, 367, 369, 379, 383, 389, 397, 426, 435, 445, 449, 451, 459, 462, 463, 466, 473, 510, 511, 513, 518, 530, 532, 534, 537, 538, 539, 540, 542, 548, 559, 560, 563, 565, 569, 578, 584, 
305, 308, 336, 337, 367, 369, 379, 383, 389, 397, 426, 435, 445, 449, 451, 459, 462, 463, 466, 473, 510, 511, 513, 518, 530, 532, 534, 537, 538, 539, 540, 542, 548, 559, 560, 563, 565, 569, 578, 584, 
305, 308, 336, 337, 367, 369, 379, 383, 389, 397, 426, 435, 445, 449, 451, 459, 462, 463, 466, 473, 510, 511, 513, 518, 530, 532, 534, 537, 538, 539, 540, 542, 548, 559, 560, 563, 565, 569, 578, 584, 
305, 308, 336, 337, 367, 369, 379, 383, 389, 397, 426, 435, 445, 449, 451, 459, 462, 463, 466, 473, 510, 511, 513, 518, 530, 532, 534, 537, 538, 539, 540, 542, 548, 559, 560, 563, 565, 569, 578, 584, 
305, 308, 336, 337, 367, 369, 379, 383, 389, 397, 426, 435, 445, 449, 451, 459, 462, 463, 466, 473, 510, 511, 513, 518, 530, 532, 534, 537, 538, 539, 540, 542, 548, 559, 560, 563, 565, 569, 578, 584, 
305, 308, 336, 337, 367, 369, 379, 383, 389, 397, 426, 435, 445, 449, 451, 459, 462, 463, 466, 473, 510, 511, 513, 518, 530, 532, 534, 537, 538, 539, 540, 542, 548, 559, 560, 563, 565, 569, 578, 584, 
305, 308, 336, 337, 367, 369, 379, 383, 389, 397, 426, 435, 445, 449, 451, 459, 462, 463, 466, 473, 510, 511, 513, 518, 530, 532, 534, 537, 538, 539, 540, 542, 548, 559, 560, 563, 565, 569, 578, 584, 
305, 308, 336, 337, 367, 369, 379, 383, 389, 397, 426, 435, 445, 449, 451, 459, 462, 463, 466, 473, 510, 511, 513, 518, 530, 532, 534, 537, 538, 539, 540, 542, 548, 559, 560, 563, 565, 569, 578, 584, 
305, 308, 336, 337, 367, 369, 379, 383, 389, 397, 426, 435, 445, 449, 451, 459, 462, 463, 466, 473, 510, 511, 513, 518, 530, 532, 534, 537, 538, 539, 540, 542, 548, 559, 560, 563, 565, 569, 578, 584, 
305, 308, 336, 337, 367, 369, 379, 383, 389, 397, 426, 435, 445, 449, 451, 459, 462, 463, 466, 473, 510, 511, 513, 518, 530, 532, 534, 537, 538, 539, 540, 542, 548, 559, 560, 563, 565, 569, 578, 584, 
305, 308, 336, 337, 367, 369, 379, 383, 389, 397, 426, 435, 445, 449, 451, 459, 462, 463, 466, 473, 510, 511, 513, 518, 530, 532, 534, 537, 538, 539, 540, 542, 548, 559, 560, 563, 565, 569, 578, 584, 
305, 308, 336, 337, 367, 369, 379, 383, 389, 397, 426, 435, 445, 449, 451, 459, 462, 463, 466, 473, 510, 511, 513, 518, 530, 532, 534, 537, 538, 539, 540, 542, 548, 559, 560, 563, 565, 569, 578, 584, 
305, 308, 336, 337, 367, 369, 379, 383, 389, 397, 426, 435, 445, 449, 451, 459, 462, 463, 466, 473, 510, 511, 513, 518, 530, 532, 534, 537, 538, 539, 540, 542, 548, 559, 560, 563, 565, 569, 578, 584, 
305, 308, 336, 337, 367, 369, 379, 383, 389, 397, 426, 435, 445, 449, 451, 459, 462, 463, 466, 473, 510, 511, 513, 518, 530, 532, 534, 537, 538, 539, 540, 542, 548, 559, 560, 563, 565, 569, 578, 584, 
305, 308, 336, 337, 367, 369, 379, 383, 389, 397, 426, 435, 445, 449, 451, 459, 462, 463, 466, 473, 510, 511, 513, 518, 530, 532, 534, 537, 538, 539, 540, 542, 548, 559, 560, 563, 565, 569, 578, 584, 
305, 308, 336, 337, 367, 369, 379, 383, 389, 397, 426, 435, 445, 449, 451, 459, 462, 463, 466, 473, 510, 511, 513, 518, 530, 532, 534, 537, 538, 539, 540, 542, 548, 559, 560, 563, 565, 569, 578, 584, 
305, 308, 336, 337, 367, 369, 379, 383, 389, 397, 426, 435, 445, 449, 451, 459, 462, 463, 466, 473, 510, 511, 513, 518, 530, 532, 534, 537, 538, 539, 540, 542, 548, 559, 560, 563, 565, 569, 578, 584, 
305, 308, 336, 337, 367, 369, 379, 383, 389, 397, 426, 435, 445, 449, 451, 459, 462, 463, 466, 473, 510, 511, 513, 518, 530, 532, 534, 537, 538, 539, 540, 542, 548, 559, 560, 563, 565, 569, 578, 584, 
305, 308, 336, 337, 367, 369, 379, 383, 389, 397, 426, 435, 445, 449, 451, 459, 462, 463, 466, 473, 510, 511, 513, 518, 530, 532, 534, 537, 538, 539, 540, 542, 548, 559, 560, 563, 565, 569, 578, 584, 
305, 308, 336, 337, 367, 369, 379, 383, 389, 397, 426, 435, 445, 449, 451, 459, 462, 463, 466, 473, 510, 511, 513, 518, 530, 532, 534, 537, 538, 539, 540, 542, 548, 559, 560, 563, 565, 569, 578, 584, 
305, 308, 336, 337, 367, 369, 379, 383, 389, 397, 426, 435, 445, 449, 451, 459, 462, 463, 466, 473, 510, 511, 513, 518, 530, 532, 534, 537, 538, 539, 540, 542, 548, 559, 560, 563, 565, 569, 578, 584, 
305, 308, 336, 337, 367, 369, 379, 383, 389, 397, 426, 435, 445, 449, 451, 459, 462, 463, 466, 473, 510, 511, 513, 518, 530, 532, 534, 537, 538, 539, 540, 542, 548, 559, 560, 563, 565, 569, 578, 584, 
305, 308, 336, 337, 367, 369, 379, 383, 389, 397, 426, 435, 445, 449, 451, 459, 462, 463, 466, 473, 510, 511, 513, 518, 530, 532, 534, 537, 538, 539, 540, 542, 548, 559, 560, 563, 565, 569, 578, 584, 
305, 308, 336, 337, 367, 369, 379, 383, 389, 397, 426, 435, 445, 449, 451, 459, 462, 463, 466, 473, 510, 511, 513, 518, 530, 532, 534, 537, 538, 539, 540, 542, 548, 559, 560, 563, 565, 569, 578, 584, 
305, 308, 336, 337, 367, 369, 379, 383, 389, 397, 426, 435, 445, 449, 451, 459, 462, 463, 466, 473, 510, 511, 513, 518, 530, 532, 534, 537, 538, 539, 540, 542, 548, 559, 560, 563, 565, 569, 578, 584, 
305, 308, 336, 337, 367, 369, 379, 383, 389, 397, 426, 435, 445, 449, 451, 459, 462, 463, 466, 473, 510, 511, 513, 518, 530, 532, 534, 537, 538, 539, 540, 542, 548, 559, 560, 563, 565, 569, 578, 584, 
305, 308, 336, 337, 367, 369, 379, 383, 389, 397, 426, 435, 445, 449, 451, 459, 462, 463, 466, 473, 510, 511, 513, 518, 530, 532, 534, 537, 538, 539, 540, 542, 548, 559, 560, 563, 565, 569, 578, 584, 
305, 308, 336, 337, 367, 369, 379, 383, 389, 397, 426, 435, 445, 449, 451, 459, 462, 463, 466, 473, 510, 511, 513, 518, 530, 532, 534, 537, 538, 539, 540, 542, 548, 559, 560, 563, 565, 569, 578, 584, 
305, 308, 336, 337, 367, 369, 379, 383, 389, 397, 426, 435, 445, 449, 451, 459, 462, 463, 466, 473, 510, 511, 513, 518, 530, 532, 534, 537, 538, 539, 540, 542, 548, 559, 560, 563, 565, 569, 578, 584, 
305, 308, 336, 337, 367, 369, 379, 383, 389, 397, 426, 435, 445, 449, 451, 459, 462, 463, 466, 473, 510, 511, 513, 518, 530, 532, 534, 537, 538, 539, 540, 542, 548, 559, 560, 563, 565, 569, 578, 584, 
305, 308, 336, 337, 367, 369, 379, 383, 389, 397, 426, 435, 445, 449, 451, 459, 462, 463, 466, 473, 510, 511, 513, 518, 530, 532, 534, 537, 538, 539, 540, 542, 548, 559, 560, 563, 565, 569, 578, 584, 
305, 308, 336, 337, 367, 369, 379, 383, 389, 397, 426, 435, 445, 449, 451, 459, 462, 463, 466, 473, 510, 511, 513, 518, 530, 532, 534, 537, 538, 539, 540, 542, 548, 559, 560, 563, 565, 569, 578, 584, 
305, 308, 336, 337, 367, 369, 379, 383, 389, 397, 426, 435, 445, 449, 451, 459, 462, 463, 466, 473, 510, 511, 513, 518, 530, 532, 534, 537, 538, 539, 540, 542, 548, 559, 560, 563, 565, 569, 578, 584, 
305, 308, 336, 337, 367, 369, 379, 383, 389, 397, 426, 435, 445, 449, 451, 459, 462, 463, 466, 473, 510, 511, 513, 518, 530, 532, 534, 537, 538, 539, 540, 542, 548, 559, 560, 563, 565, 569, 578, 584, 
305, 308, 336, 337, 367, 369, 379, 383, 389, 397, 426, 435, 445, 449, 451, 459, 462, 463, 466, 473, 510, 511, 513, 518, 530, 532, 534, 537, 538, 539, 540, 542, 548, 559, 560, 563, 565, 569, 578, 584, 
305, 308, 336, 337, 367, 369, 379, 383, 389, 397, 426, 435, 445, 449, 451, 459, 462, 463, 466, 473, 510, 511, 513, 518, 530, 532, 534, 537, 538, 539, 540, 542, 548, 559, 560, 563, 565, 569, 578, 584, 
305, 308, 336, 337, 367, 369, 379, 383, 389, 397, 426, 435, 445, 449, 451, 459, 462, 463, 466, 473, 510, 511, 513, 518, 530, 532, 534, 537, 538, 539, 540, 542, 548, 559, 560, 563, 565, 569, 578, 584, 
305, 308, 336, 337, 367, 369, 379, 383, 389, 397, 426, 435, 445, 449, 451, 459, 462, 463, 466, 473, 510, 511, 513, 518, 530, 532, 534, 537, 538, 539, 540, 542, 548, 559, 560, 563, 565, 569, 578, 584, 
305, 308, 336, 337, 367, 369, 379, 383, 389, 397, 426, 435, 445, 449, 451, 459, 462, 463, 466, 473, 510, 511, 513, 518, 530, 532, 534, 537, 538, 539, 540, 542, 548, 559, 560, 563, 565, 569, 578, 584, 
305, 308, 336, 337, 367, 369, 379, 383, 389, 397, 426, 435, 445, 449, 451, 459, 462, 463, 466, 473, 510, 511, 513, 518, 530, 532, 534, 537, 538, 539, 540, 542, 548, 559, 560, 563, 565, 569, 578, 584, 
305, 308, 336, 337, 367, 369, 379, 383, 389, 397, 426, 435, 445, 449, 451, 459, 462, 463, 466, 473, 510, 511, 513, 518, 530, 532, 534, 537, 538, 539, 540, 542, 548, 559, 560, 563, 565, 569, 578, 584, 
305, 308, 336, 337, 367, 369, 379, 383, 389, 397, 426, 435, 445, 449, 451, 459, 462, 463, 466, 473, 510, 511, 513, 518, 530, 532, 534, 537, 538, 539, 540, 542, 548, 559, 560, 563, 565, 569, 578, 584, 
305, 308, 336, 337, 367, 369, 379, 383, 389, 397, 426, 435, 445, 449, 451, 459, 462, 463, 466, 473, 510, 511, 513, 518, 530, 532, 534, 537, 538, 539, 540, 542, 548, 559, 560, 563, 565, 569, 578, 584, 
305, 308, 336, 337, 367, 369, 379, 383, 389, 397, 426, 435, 445, 449, 451, 459, 462, 463, 466, 473, 510, 511, 513, 518, 530, 532, 534, 537, 538, 539, 540, 542, 548, 559, 560, 563, 565, 569, 578, 584, 
305, 308, 336, 337, 367, 369, 379, 383, 389, 397, 426, 435, 445, 449, 451, 459, 462, 463, 466, 473, 510, 511, 513, 518, 530, 532, 534, 537, 538, 539, 540, 542, 548, 559, 560, 563, 565, 569, 578, 584, 
305, 308, 336, 337, 367, 369, 379, 383, 389, 397, 426, 435, 445, 449, 451, 459, 462, 463, 466, 473, 510, 511, 513, 518, 530, 532, 534, 537, 538, 539, 540, 542, 548, 559, 560, 563, 565, 569, 578, 584, 
305, 308, 336, 337, 367, 369, 379, 383, 389, 397, 426, 435, 445, 449, 451, 459, 462, 463, 466, 473, 510, 511, 513, 518, 530, 532, 534, 537, 538, 539, 540, 542, 548, 559, 560, 563, 565, 569, 578, 584, 
305, 308, 336, 337, 367, 369, 379, 383, 389, 397, 426, 435, 445, 449, 451, 459, 462, 463, 466, 473, 510, 511, 513, 518, 530, 532, 534, 537, 538, 539, 540, 542, 548, 559, 560, 563, 565, 569, 578, 584, 
305, 308, 336, 337, 367, 369, 379, 383, 389, 397, 426, 435, 445, 449, 451, 459, 462, 463, 466, 473, 510, 511, 513, 518, 530, 532, 534, 537, 538, 539, 540, 542, 548, 559, 560, 563, 565, 569, 578, 584, 
305, 308, 336, 337, 367, 369, 379, 383, 389, 397, 426, 435, 445, 449, 451, 459, 462, 463, 466, 473, 510, 511, 513, 518, 530, 532, 534, 537, 538, 539, 540, 542, 548, 559, 560, 563, 565, 569, 578, 584, 
305, 308, 336, 337, 367, 369, 379, 383, 389, 397, 426, 435, 445, 449, 451, 459, 462, 463, 466, 473, 510, 511, 513, 518, 530, 532, 534, 537, 538, 539, 540, 542, 548, 559, 560, 563, 565, 569, 578, 584, 
305, 308, 336, 337, 367, 369, 379, 383, 389, 397, 426, 435, 445, 449, 451, 459, 462, 463, 466, 473, 510, 511, 513, 518, 530, 532, 534, 537, 538, 539, 540, 542, 548, 559, 560, 563, 565, 569, 578, 584, 
305, 308, 336, 337, 367, 369, 379, 383, 389, 397, 426, 435, 445, 449, 451, 459, 462, 463, 466, 473, 510, 511, 513, 518, 530, 532, 534, 537, 538, 539, 540, 542, 548, 559, 560, 563, 565, 569, 578, 584, 
305, 308, 336, 337, 367, 369, 379, 383, 389, 397, 426, 435, 445, 449, 451, 459, 462, 463, 466, 473, 510, 511, 513, 518, 530, 532, 534, 537, 538, 539, 540, 542, 548, 559, 560, 563, 565, 569, 578, 584, 
305, 308, 336, 337, 367, 369, 379, 383, 389, 397, 426, 435, 445, 449, 451, 459, 462, 463, 466, 473, 510, 511, 513, 518, 530, 532, 534, 537, 538, 539, 540, 542, 548, 559, 560, 563, 565, 569, 578, 584, 
305, 308, 336, 337, 367, 369, 379, 383, 389, 397, 426, 435, 445, 449, 451, 459, 462, 463, 466, 473, 510, 511, 513, 518, 530, 532, 534, 537, 538, 539, 540, 542, 548, 559, 560, 563, 565, 569, 578, 584, 
305, 308, 336, 337, 367, 369, 379, 383, 389, 397, 426, 435, 445, 449, 451, 459, 462, 463, 466, 473, 510, 511, 513, 518, 530, 532, 534, 537, 538, 539, 540, 542, 548, 559, 560, 563, 565, 569, 578, 584, 
305, 308, 336, 337, 367, 369, 379, 383, 389, 397, 426, 435, 445, 449, 451, 459, 462, 463, 466, 473, 510, 511, 513, 518, 530, 532, 534, 537, 538, 539, 540, 542, 548, 559, 560, 563, 565, 569, 578, 584, 
305, 308, 336, 337, 367, 369, 379, 383, 389, 397, 426, 435, 445, 449, 451, 459, 462, 463, 466, 473, 510, 511, 513, 518, 530, 532, 534, 537, 538, 539, 540, 542, 548, 559, 560, 563, 565, 569, 578, 584, 
305, 308, 336, 337, 367, 369, 379, 383, 389, 397, 426, 435, 445, 449, 451, 459, 462, 463, 466, 473, 510, 511, 513, 518, 530, 532, 534, 537, 538, 539, 540, 542, 548, 559, 560, 563, 565, 569, 578, 584, 
305, 308, 336, 337, 367, 369, 379, 383, 389, 397, 426, 435, 445, 449, 451, 459, 462, 463, 466, 473, 510, 511, 513, 518, 530, 532, 534, 537, 538, 539, 540, 542, 548, 559, 560, 563, 565, 569, 578, 584, 
305, 308, 336, 337, 367, 369, 379, 383, 389, 397, 426, 435, 445, 449, 451, 459, 462, 463, 466, 473, 510, 511, 513, 518, 530, 532, 534, 537, 538, 539, 540, 542, 548, 559, 560, 563, 565, 569, 578, 584, 
305, 308, 336, 337, 367, 369, 379, 383, 389, 397, 426, 435, 445, 449, 451, 459, 462, 463, 466, 473, 510, 511, 513, 518, 530, 532, 534, 537, 538, 539, 540, 542, 548, 559, 560, 563, 565, 569, 578, 584, 
305, 308, 336, 337, 367, 369, 379, 383, 389, 397, 426, 435, 445, 449, 451, 459, 462, 463, 466, 473, 510, 511, 513, 518, 530, 532, 534, 537, 538, 539, 540, 542, 548, 559, 560, 563, 565, 569, 578, 584, 
305, 308, 336, 337, 367, 369, 379, 383, 389, 397, 426, 435, 445, 449, 451, 459, 462, 463, 466, 473, 510, 511, 513, 518, 530, 532, 534, 537, 538, 539, 540, 542, 548, 559, 560, 563, 565, 569, 578, 584, 
305, 308, 336, 337, 367, 369, 379, 383, 389, 397, 426, 435, 445, 449, 451, 459, 462, 463, 466, 473, 510, 511, 513, 518, 530, 532, 534, 537, 538, 539, 540, 542, 548, 559, 560, 563, 565, 569, 578, 584, 
305, 308, 336, 337, 367, 369, 379, 383, 389, 397, 426, 435, 445, 449, 451, 459, 462, 463, 466, 473, 510, 511, 513, 518, 530, 532, 534, 537, 538, 539, 540, 542, 548, 559, 560, 563, 565, 569, 578, 584, 
305, 308, 336, 337, 367, 369, 379, 383, 389, 397, 426, 435, 445, 449, 451, 459, 462, 463, 466, 473, 510, 511, 513, 518, 530, 532, 534, 537, 538, 539, 540, 542, 548, 559, 560, 563, 565, 569, 578, 584, 
305, 308, 336, 337, 367, 369, 379, 383, 389, 397, 426, 435, 445, 449, 451, 459, 462, 463, 466, 473, 510, 511, 513, 518, 530, 532, 534, 537, 538, 539, 540, 542, 548, 559, 560, 563, 565, 569, 578, 584, 
305, 308, 336, 337, 367, 369, 379, 383, 389, 397, 426, 435, 445, 449, 451, 459, 462, 463, 466, 473, 510, 511, 513, 518, 530, 532, 534, 537, 538, 539, 540, 542, 548, 559, 560, 563, 565, 569, 578, 584, 
305, 308, 336, 337, 367, 369, 379, 383, 389, 397, 426, 435, 445, 449, 451, 459, 462, 463, 466, 473, 510, 511, 513, 518, 530, 532, 534, 537, 538, 539, 540, 542, 548, 559, 560, 563, 565, 569, 578, 584, 
305, 308, 336, 337, 367, 369, 379, 383, 389, 397, 426, 435, 445, 449, 451, 459, 462, 463, 466, 473, 510, 511, 513, 518, 530, 532, 534, 537, 538, 539, 540, 542, 548, 559, 560, 563, 565, 569, 578, 584, 
305, 308, 336, 337, 367, 369, 379, 383, 389, 397, 426, 435, 445, 449, 451, 459, 462, 463, 466, 473, 510, 511, 513, 518, 530, 532, 534, 537, 538, 539, 540, 542, 548, 559, 560, 563, 565, 569, 578, 584, 
305, 308, 336, 337, 367, 369, 379, 383, 389, 397, 426, 435, 445, 449, 451, 459, 462, 463, 466, 473, 510, 511, 513, 518, 530, 532, 534, 537, 538, 539, 540, 542, 548, 559, 560, 563, 565, 569, 578, 584, 
305, 308, 336, 337, 367, 369, 379, 383, 389, 397, 426, 435, 445, 449, 451, 459, 462, 463, 466, 473, 510, 511, 513, 518, 530, 532, 534, 537, 538, 539, 540, 542, 548, 559, 560, 563, 565, 569, 578, 584, 
305, 308, 336, 337, 367, 369, 379, 383, 389, 397, 426, 435, 445, 449, 451, 459, 462, 463, 466, 473, 510, 511, 513, 518, 530, 532, 534, 537, 538, 539, 540, 542, 548, 559, 560, 563, 565, 569, 578, 584, 
305, 308, 336, 337, 367, 369, 379, 383, 389, 397, 426, 435, 445, 449, 451, 459, 462, 463, 466, 473, 510, 511, 513, 518, 530, 532, 534, 537, 538, 539, 540, 542, 548, 559, 560, 563, 565, 569, 578, 584, 
305, 308, 336, 337, 367, 369, 379, 383, 389, 397, 426, 435, 445, 449, 451, 459, 462, 463, 466, 473, 510, 511, 513, 518, 530, 532, 534, 537, 538, 539, 540, 542, 548, 559, 560, 563, 565, 569, 578, 584, 
305, 308, 336, 337, 367, 369, 379, 383, 389, 397, 426, 435, 445, 449, 451, 459, 462, 463, 466, 473, 510, 511, 513, 518, 530, 532, 534, 537, 538, 539, 540, 542, 548, 559, 560, 563, 565, 569, 578, 584, 
305, 308, 336, 337, 367, 369, 379, 383, 389, 397, 426, 435, 445, 449, 451, 459, 462, 463, 466, 473, 510, 511, 513, 518, 530, 532, 534, 537, 538, 539, 540, 542, 548, 559, 560, 563, 565, 569, 578, 584, 
305, 308, 336, 337, 367, 369, 379, 383, 389, 397, 426, 435, 445, 449, 451, 459, 462, 463, 466, 473, 510, 511, 513, 518, 530, 532, 534, 537, 538, 539, 540, 542, 548, 559, 560, 563, 565, 569, 578, 584, 
305, 308, 336, 337, 367, 369, 379, 383, 389, 397, 426, 435, 445, 449, 451, 459, 462, 463, 466, 473, 510, 511, 513, 518, 530, 532, 534, 537, 538, 539, 540, 542, 548, 559, 560, 563, 565, 569, 578, 584, 
305, 308, 336, 337, 367, 369, 379, 383, 389, 397, 426, 435, 445, 449, 451, 459, 462, 463, 466, 473, 510, 511, 513, 518, 530, 532, 534, 537, 538, 539, 540, 542, 548, 559, 560, 563, 565, 569, 578, 584, 
305, 308, 336, 337, 367, 369, 379, 383, 389, 397, 426, 435, 445, 449, 451, 459, 462, 463, 466, 473, 510, 511, 513, 518, 530, 532, 534, 537, 538, 539, 540, 542, 548, 559, 560, 563, 565, 569, 578, 584, 
305, 308, 336, 337, 367, 369, 379, 383, 389, 397, 426, 435, 445, 449, 451, 459, 462, 463, 466, 473, 510, 511, 513, 518, 530, 532, 534, 537, 538, 539, 540, 542, 548, 559, 560, 563, 565, 569, 578, 584, 
305, 308, 336, 337, 367, 369, 379, 383, 389, 397, 426, 435, 445, 449, 451, 459, 462, 463, 466, 473, 510, 511, 513, 518, 530, 532, 534, 537, 538, 539, 540, 542, 548, 559, 560, 563, 565, 569, 578, 584, 
305, 308, 336, 337, 367, 369, 379, 383, 389, 397, 426, 435, 445, 449, 451, 459, 462, 463, 466, 473, 510, 511, 513, 518, 530, 532, 534, 537, 538, 539, 540, 542, 548, 559, 560, 563, 565, 569, 578, 584, 
305, 308, 336, 337, 367, 369, 379, 383, 389, 397, 426, 435, 445, 449, 451, 459, 462, 463, 466, 473, 510, 511, 513, 518, 530, 532, 534, 537, 538, 539, 540, 542, 548, 559, 560, 563, 565, 569, 578, 584, 
305, 308, 336, 337, 367, 369, 379, 383, 389, 397, 426, 435, 445, 449, 451, 459, 462, 463, 466, 473, 510, 511, 513, 518, 530, 532, 534, 537, 538, 539, 540, 542, 548, 559, 560, 563, 565, 569, 578, 584, 
305, 308, 336, 337, 367, 369, 379, 383, 389, 397, 426, 435, 445, 449, 451, 459, 462, 463, 466, 473, 510, 511, 513, 518, 530, 532, 534, 537, 538, 539, 540, 542, 548, 559, 560, 563, 565, 569, 578, 584, 
305, 308, 336, 337, 367, 369, 379, 383, 389, 397, 426, 435, 445, 449, 451, 459, 462, 463, 466, 473, 510, 511, 513, 518, 530, 532, 534, 537, 538, 539, 540, 542, 548, 559, 560, 563, 565, 569, 578, 584, 
305, 308, 336, 337, 367, 369, 379, 383, 389, 397, 426, 435, 445, 449, 451, 459, 462, 463, 466, 473, 510, 511, 513, 518, 530, 532, 534, 537, 538, 539, 540, 542, 548, 559, 560, 563, 565, 569, 578, 584, 
305, 308, 336, 337, 367, 369, 379, 383, 389, 397, 426, 435, 445, 449, 451, 459, 462, 463, 466, 473, 510, 511, 513, 518, 530, 532, 534, 537, 538, 539, 540, 542, 548, 559, 560, 563, 565, 569, 578, 584, 
305, 308, 336, 337, 367, 369, 379, 383, 389, 397, 426, 435, 445, 449, 451, 459, 462, 463, 466, 473, 510, 511, 513, 518, 530, 532, 534, 537, 538, 539, 540, 542, 548, 559, 560, 563, 565, 569, 578, 584, 
305, 308, 336, 337, 367, 369, 379, 383, 389, 397, 426, 435, 445, 449, 451, 459, 462, 463, 466, 473, 510, 511, 513, 518, 530, 532, 534, 537, 538, 539, 540, 542, 548, 559, 560, 563, 565, 569, 578, 584, 
305, 308, 336, 337, 367, 369, 379, 383, 389, 397, 426, 435, 445, 449, 451, 459, 462, 463, 466, 473, 510, 511, 513, 518, 530, 532, 534, 537, 538, 539, 540, 542, 548, 559, 560, 563, 565, 569, 578, 584, 
305, 308, 336, 337, 367, 369, 379, 383, 389, 397, 426, 435, 445, 449, 451, 459, 462, 463, 466, 473, 510, 511, 513, 518, 530, 532, 534, 537, 538, 539, 540, 542, 548, 559, 560, 563, 565, 569, 578, 584, 
305, 308, 336, 337, 367, 369, 379, 383, 389, 397, 426, 435, 445, 449, 451, 459, 462, 463, 466, 473, 510, 511, 513, 518, 530, 532, 534, 537, 538, 539, 540, 542, 548, 559, 560, 563, 565, 569, 578, 584, 
305, 308, 336, 337, 367, 369, 379, 383, 389, 397, 426, 435, 445, 449, 451, 459, 462, 463, 466, 473, 510, 511, 513, 518, 530, 532, 534, 537, 538, 539, 540, 542, 548, 559, 560, 563, 565, 569, 578, 584, 
305, 308, 336, 337, 367, 369, 379, 383, 389, 397, 426, 435, 445, 449, 451, 459, 462, 463, 466, 473, 510, 511, 513, 518, 530, 532, 534, 537, 538, 539, 540, 542, 548, 559, 560, 563, 565, 569, 578, 584, 
305, 308, 336, 337, 367, 369, 379, 383, 389, 397, 426, 435, 445, 449, 451, 459, 462, 463, 466, 473, 510, 511, 513, 518, 530, 532, 534, 537, 538, 539, 540, 542, 548, 559, 560, 563, 565, 569, 578, 584, 
305, 308, 336, 337, 367, 369, 379, 383, 389, 397, 426, 435, 445, 449, 451, 459, 462, 463, 466, 473, 510, 511, 513, 518, 530, 532, 534, 537, 538, 539, 540, 542, 548, 559, 560, 563, 565, 569, 578, 584, 
305, 308, 336, 337, 367, 369, 379, 383, 389, 397, 426, 435, 445, 449, 451, 459, 462, 463, 466, 473, 510, 511, 513, 518, 530, 532, 534, 537, 538, 539, 540, 542, 548, 559, 560, 563, 565, 569, 578, 584, 
305, 308, 336, 337, 367, 369, 379, 383, 389, 397, 426, 435, 445, 449, 451, 459, 462, 463, 466, 473, 510, 511, 513, 518, 530, 532, 534, 537, 538, 539, 540, 542, 548, 559, 560, 563, 565, 569, 578, 584, 
305, 308, 336, 337, 367, 369, 379, 383, 389, 397, 426, 435, 445, 449, 451, 459, 462, 463, 466, 473, 510, 511, 513, 518, 530, 532, 534, 537, 538, 539, 540, 542, 548, 559, 560, 563, 565, 569, 578, 584, 
305, 308, 336, 337, 367, 369, 379, 383, 389, 397, 426, 435, 445, 449, 451, 459, 462, 463, 466, 473, 510, 511, 513, 518, 530, 532, 534, 537, 538, 539, 540, 542, 548, 559, 560, 563, 565, 569, 578, 584, 
305, 308, 336, 337, 367, 369, 379, 383, 389, 397, 426, 435, 445, 449, 451, 459, 462, 463, 466, 473, 510, 511, 513, 518, 530, 532, 534, 537, 538, 539, 540, 542, 548, 559, 560, 563, 565, 569, 578, 584, 
305, 308, 336, 337, 367, 369, 379, 383, 389, 397, 426, 435, 445, 449, 451, 459, 462, 463, 466, 473, 510, 511, 513, 518, 530, 532, 534, 537, 538, 539, 540, 542, 548, 559, 560, 563, 565, 569, 578, 584, 
305, 308, 336, 337, 367, 369, 379, 383, 389, 397, 426, 435, 445, 449, 451, 459, 462, 463, 466, 473, 510, 511, 513, 518, 530, 532, 534, 537, 538, 539, 540, 542, 548, 559, 560, 563, 565, 569, 578, 584, 
305, 308, 336, 337, 367, 369, 379, 383, 389, 397, 426, 435, 445, 449, 451, 459, 462, 463, 466, 473, 510, 511, 513, 518, 530, 532, 534, 537, 538, 539, 540, 542, 548, 559, 560, 563, 565, 569, 578, 584, 
305, 308, 336, 337, 367, 369, 379, 383, 389, 397, 426, 435, 445, 449, 451, 459, 462, 463, 466, 473, 510, 511, 513, 518, 530, 532, 534, 537, 538, 539, 540, 542, 548, 559, 560, 563, 565, 569, 578, 584, 
305, 308, 336, 337, 367, 369, 379, 383, 389, 397, 426, 435, 445, 449, 451, 459, 462, 463, 466, 473, 510, 511, 513, 518, 530, 532, 534, 537, 538, 539, 540, 542, 548, 559, 560, 563, 565, 569, 578, 584, 
305, 308, 336, 337, 367, 369, 379, 383, 389, 397, 426, 435, 445, 449, 451, 459, 462, 463, 466, 473, 510, 511, 513, 518, 530, 532, 534, 537, 538, 539, 540, 542, 548, 559, 560, 563, 565, 569, 578, 584, 
305, 308, 336, 337, 367, 369, 379, 383, 389, 397, 426, 435, 445, 449, 451, 459, 462, 463, 466, 473, 510, 511, 513, 518, 530, 532, 534, 537, 538, 539, 540, 542, 548, 559, 560, 563, 565, 569, 578, 584, 
305, 308, 336, 337, 367, 369, 379, 383, 389, 397, 426, 435, 445, 449, 451, 459, 462, 463, 466, 473, 510, 511, 513, 518, 530, 532, 534, 537, 538, 539, 540, 542, 548, 559, 560, 563, 565, 569, 578, 584, 
305, 308, 336, 337, 367, 369, 379, 383, 389, 397, 426, 435, 445, 449, 451, 459, 462, 463, 466, 473, 510, 511, 513, 518, 530, 532, 534, 537, 538, 539, 540, 542, 548, 559, 560, 563, 565, 569, 578, 584, 
305, 308, 336, 337, 367, 369, 379, 383, 389, 397, 426, 435, 445, 449, 451, 459, 462, 463, 466, 473, 510, 511, 513, 514, 518, 522, 523, 524, 526, 530, 532, 534, 538, 539, 540, 542, 548, 563, 565, 569, 
305, 308, 330, 336, 337, 367, 369, 379, 383, 389, 397, 426, 435, 445, 449, 451, 459, 462, 463, 466, 473, 485, 486, 490, 497, 510, 511, 513, 514, 518, 523, 526, 530, 532, 534, 538, 539, 540, 542, 548, 
305, 308, 330, 336, 337, 367, 369, 379, 383, 389, 397, 426, 435, 445, 449, 451, 459, 462, 463, 466, 473, 485, 486, 490, 497, 510, 511, 513, 514, 518, 523, 526, 530, 532, 534, 538, 539, 540, 542, 548, 
272, 273, 324, 327, 330, 336, 337, 341, 344, 366, 412, 414, 423, 426, 428, 431, 435, 439, 445, 447, 448, 449, 451, 453, 457, 458, 459, 460, 462, 463, 466, 473, 474, 483, 485, 486, 490, 497, 510, 511, 
191, 220, 330, 336, 337, 344, 412, 426, 428, 435, 439, 445, 448, 449, 451, 458, 459, 460, 462, 463, 466, 473, 474, 483, 485, 486, 490, 497, 510, 511, 526, 530, 532, 534, 536, 538, 539, 540, 542, 548, 
330, 336, 337, 344, 412, 426, 428, 435, 439, 445, 448, 449, 451, 458, 459, 460, 462, 463, 466, 473, 474, 483, 485, 486, 490, 497, 510, 511, 518, 523, 526, 530, 532, 534, 536, 538, 539, 540, 542, 548, 
330, 336, 337, 344, 412, 426, 428, 435, 439, 445, 448, 449, 451, 458, 459, 460, 462, 463, 466, 473, 474, 483, 485, 486, 490, 497, 510, 511, 518, 523, 526, 530, 532, 534, 536, 538, 539, 540, 542, 548, 
330, 336, 337, 344, 412, 426, 428, 435, 439, 445, 448, 449, 451, 458, 459, 460, 462, 463, 466, 473, 474, 483, 485, 486, 490, 497, 510, 511, 518, 523, 526, 530, 532, 534, 536, 538, 539, 540, 542, 548, 
330, 336, 337, 344, 412, 426, 428, 435, 439, 445, 448, 449, 451, 458, 459, 460, 462, 463, 466, 473, 474, 483, 485, 486, 490, 497, 508, 510, 511, 517, 527, 543, 544, 546, 547, 550, 552, 558, 561, 566, 
289, 330, 336, 337, 344, 412, 421, 426, 428, 435, 439, 445, 448, 449, 451, 454, 455, 458, 459, 460, 462, 463, 464, 466, 469, 472, 473, 474, 479, 480, 481, 483, 485, 486, 487, 490, 497, 504, 510, 511, 
251, 330, 336, 337, 344, 412, 421, 426, 428, 435, 439, 445, 448, 449, 451, 458, 459, 460, 462, 463, 466, 469, 472, 473, 474, 483, 485, 486, 490, 497, 510, 511, 540, 542, 543, 544, 546, 547, 548, 550, 
330, 336, 337, 344, 412, 421, 426, 428, 435, 439, 445, 448, 449, 451, 458, 459, 460, 462, 463, 466, 469, 472, 473, 474, 483, 485, 486, 490, 497, 510, 511, 539, 540, 542, 543, 544, 546, 547, 548, 550, 
330, 336, 337, 344, 412, 421, 426, 428, 435, 439, 445, 448, 449, 451, 458, 459, 460, 462, 463, 466, 469, 472, 473, 474, 483, 485, 486, 490, 497, 510, 511, 539, 540, 542, 543, 544, 546, 547, 548, 550, 
330, 336, 337, 344, 412, 421, 426, 428, 435, 439, 445, 448, 449, 451, 458, 459, 460, 462, 463, 466, 469, 472, 473, 474, 483, 485, 486, 490, 492, 493, 497, 500, 506, 510, 511, 519, 525, 529, 533, 549, 
330, 336, 337, 344, 412, 421, 426, 428, 435, 439, 445, 448, 449, 451, 458, 459, 460, 462, 463, 466, 469, 472, 473, 474, 483, 485, 486, 490, 492, 493, 497, 500, 506, 510, 511, 546, 547, 548, 549, 550, 
330, 336, 337, 344, 412, 421, 426, 428, 435, 439, 445, 448, 449, 451, 458, 459, 460, 462, 463, 466, 469, 472, 473, 474, 476, 477, 482, 483, 484, 485, 486, 488, 490, 492, 493, 497, 500, 506, 510, 511, 
330, 336, 337, 344, 412, 421, 426, 428, 435, 439, 442, 444, 445, 448, 449, 451, 458, 459, 460, 462, 463, 466, 469, 472, 473, 474, 476, 483, 484, 485, 486, 488, 490, 492, 493, 497, 500, 506, 510, 511, 
330, 336, 337, 344, 412, 421, 426, 428, 435, 437, 439, 444, 445, 448, 449, 451, 458, 459, 460, 462, 463, 466, 469, 472, 473, 474, 476, 483, 484, 485, 486, 488, 490, 492, 493, 497, 500, 506, 510, 511, 
330, 336, 337, 344, 412, 421, 426, 428, 435, 437, 439, 444, 445, 448, 449, 451, 458, 459, 460, 462, 463, 466, 469, 472, 473, 474, 476, 483, 484, 485, 486, 488, 490, 492, 493, 497, 500, 506, 510, 511, 
330, 336, 337, 344, 412, 421, 426, 428, 435, 437, 439, 444, 445, 448, 449, 451, 458, 459, 460, 462, 463, 466, 469, 472, 473, 474, 476, 483, 484, 485, 486, 488, 490, 492, 493, 497, 500, 506, 510, 511, 
330, 336, 337, 344, 412, 421, 426, 428, 435, 437, 439, 444, 445, 448, 449, 451, 458, 459, 460, 462, 463, 466, 469, 472, 473, 474, 476, 483, 484, 485, 486, 488, 490, 492, 493, 497, 500, 506, 510, 511, 
330, 336, 337, 344, 412, 421, 426, 428, 435, 437, 439, 444, 445, 448, 449, 451, 458, 459, 460, 462, 463, 466, 469, 472, 473, 474, 476, 483, 484, 485, 486, 488, 490, 492, 493, 497, 500, 506, 510, 511, 
330, 336, 337, 344, 412, 421, 426, 428, 435, 437, 439, 444, 445, 448, 449, 451, 458, 459, 460, 462, 463, 466, 469, 472, 473, 474, 476, 483, 484, 485, 486, 488, 490, 492, 493, 497, 500, 506, 510, 511, 
330, 336, 337, 344, 412, 421, 426, 428, 435, 437, 439, 444, 445, 448, 449, 451, 458, 459, 460, 462, 463, 466, 469, 472, 473, 474, 476, 483, 484, 485, 486, 488, 490, 492, 493, 497, 500, 506, 510, 511, 
330, 336, 337, 344, 412, 421, 426, 428, 435, 437, 439, 444, 445, 448, 449, 451, 458, 459, 460, 462, 463, 466, 469, 472, 473, 474, 476, 483, 484, 485, 486, 488, 490, 492, 493, 497, 500, 506, 510, 511, 
330, 336, 337, 344, 412, 421, 426, 428, 435, 437, 439, 444, 445, 448, 449, 451, 458, 459, 460, 462, 463, 466, 469, 472, 473, 474, 476, 483, 484, 485, 486, 488, 490, 492, 493, 497, 500, 506, 510, 511, 
330, 336, 337, 344, 412, 421, 426, 428, 435, 437, 439, 444, 445, 448, 449, 451, 458, 459, 460, 462, 463, 466, 469, 472, 473, 474, 476, 483, 484, 485, 486, 488, 490, 492, 493, 497, 500, 506, 510, 511, 
330, 336, 337, 344, 412, 421, 426, 428, 435, 437, 439, 444, 445, 448, 449, 451, 458, 459, 460, 462, 463, 466, 469, 472, 473, 474, 476, 483, 484, 485, 486, 488, 490, 492, 493, 497, 500, 506, 510, 511, 
330, 336, 337, 344, 412, 421, 426, 428, 435, 437, 439, 444, 445, 448, 449, 451, 458, 459, 460, 462, 463, 466, 469, 472, 473, 474, 476, 483, 484, 485, 486, 488, 490, 492, 493, 497, 500, 506, 510, 511, 
330, 336, 337, 344, 412, 421, 426, 428, 435, 437, 439, 444, 445, 448, 449, 451, 458, 459, 460, 462, 463, 466, 469, 472, 473, 474, 476, 483, 484, 485, 486, 488, 490, 492, 493, 497, 500, 506, 510, 511, 
330, 336, 337, 344, 412, 421, 426, 428, 435, 437, 439, 444, 445, 448, 449, 451, 458, 459, 460, 462, 463, 466, 469, 472, 473, 474, 476, 483, 484, 485, 486, 488, 490, 492, 493, 497, 500, 506, 510, 511, 
330, 336, 337, 344, 412, 421, 426, 428, 435, 437, 439, 444, 445, 448, 449, 451, 458, 459, 460, 462, 463, 466, 469, 472, 473, 474, 476, 483, 484, 485, 486, 488, 490, 492, 493, 497, 500, 506, 510, 511, 
330, 336, 337, 344, 412, 421, 426, 428, 435, 437, 439, 444, 445, 448, 449, 451, 458, 459, 460, 462, 463, 466, 469, 472, 473, 474, 476, 483, 484, 485, 486, 488, 490, 492, 493, 497, 500, 506, 510, 511, 
330, 336, 337, 344, 412, 421, 426, 428, 435, 437, 439, 444, 445, 448, 449, 451, 458, 459, 460, 462, 463, 466, 469, 472, 473, 474, 476, 483, 484, 485, 486, 488, 490, 492, 493, 497, 500, 506, 510, 511, 
330, 336, 337, 344, 412, 421, 426, 428, 435, 437, 439, 444, 445, 448, 449, 451, 458, 459, 460, 462, 463, 466, 469, 472, 473, 474, 476, 483, 484, 485, 486, 488, 490, 492, 493, 497, 500, 506, 510, 511, 
330, 336, 337, 344, 412, 421, 426, 428, 435, 437, 439, 444, 445, 448, 449, 451, 458, 459, 460, 462, 463, 466, 469, 472, 473, 474, 476, 483, 484, 485, 486, 488, 490, 492, 493, 497, 500, 506, 510, 511, 
330, 336, 337, 344, 412, 421, 426, 428, 435, 437, 439, 444, 445, 448, 449, 451, 458, 459, 460, 462, 463, 466, 469, 472, 473, 474, 476, 483, 484, 485, 486, 488, 490, 492, 493, 497, 500, 506, 510, 511, 
330, 336, 337, 344, 412, 421, 426, 428, 435, 437, 439, 444, 445, 448, 449, 451, 458, 459, 460, 462, 463, 466, 469, 472, 473, 474, 476, 483, 484, 485, 486, 488, 490, 492, 493, 497, 500, 506, 510, 511, 
275, 337, 344, 412, 421, 426, 428, 435, 437, 439, 444, 445, 448, 449, 451, 458, 459, 460, 462, 463, 466, 469, 472, 473, 474, 476, 483, 484, 485, 486, 488, 490, 492, 493, 497, 500, 506, 510, 511, 512, 
330, 336, 337, 344, 412, 421, 426, 428, 435, 437, 439, 444, 445, 448, 449, 451, 458, 459, 460, 462, 463, 466, 469, 472, 473, 474, 476, 483, 484, 485, 486, 488, 490, 492, 493, 497, 500, 506, 510, 511, 
330, 336, 337, 344, 412, 421, 426, 428, 435, 437, 439, 444, 445, 448, 449, 451, 458, 459, 460, 462, 463, 466, 469, 472, 473, 474, 476, 483, 484, 485, 486, 488, 490, 492, 493, 497, 500, 506, 510, 511, 
330, 336, 337, 344, 412, 421, 426, 428, 435, 437, 439, 444, 445, 448, 449, 451, 458, 459, 460, 462, 463, 466, 469, 472, 473, 474, 476, 483, 484, 485, 486, 488, 490, 492, 493, 497, 500, 506, 510, 511, 
330, 336, 337, 344, 412, 421, 426, 428, 435, 437, 439, 444, 445, 448, 449, 451, 458, 459, 460, 462, 463, 466, 469, 472, 473, 474, 476, 483, 484, 485, 486, 488, 490, 492, 493, 497, 500, 506, 510, 511, 
330, 336, 337, 344, 412, 421, 426, 428, 435, 437, 439, 444, 445, 448, 449, 451, 458, 459, 460, 462, 463, 466, 469, 472, 473, 474, 476, 483, 484, 485, 486, 488, 490, 492, 493, 497, 500, 506, 510, 511, 
330, 336, 337, 344, 412, 421, 426, 428, 435, 437, 439, 444, 445, 448, 449, 451, 458, 459, 460, 462, 463, 466, 469, 472, 473, 474, 476, 483, 484, 485, 486, 488, 490, 492, 493, 497, 500, 506, 510, 511, 
330, 336, 337, 344, 412, 421, 426, 428, 435, 437, 439, 444, 445, 448, 449, 451, 458, 459, 460, 462, 463, 466, 469, 472, 473, 474, 476, 483, 484, 485, 486, 488, 490, 492, 493, 497, 500, 506, 510, 511, 
330, 336, 337, 344, 412, 421, 426, 428, 435, 437, 439, 444, 445, 448, 449, 451, 458, 459, 460, 462, 463, 466, 469, 472, 473, 474, 476, 483, 484, 485, 486, 488, 490, 492, 493, 497, 500, 506, 510, 511, 
330, 336, 337, 344, 412, 421, 426, 428, 435, 437, 439, 444, 445, 448, 449, 451, 458, 459, 460, 462, 463, 466, 469, 472, 473, 474, 476, 483, 484, 485, 486, 488, 490, 492, 493, 497, 500, 506, 510, 511, 
330, 336, 337, 344, 412, 421, 426, 428, 435, 437, 439, 444, 445, 448, 449, 451, 458, 459, 460, 462, 463, 466, 469, 472, 473, 474, 476, 483, 484, 485, 486, 488, 490, 492, 493, 497, 500, 506, 510, 511, 
330, 336, 337, 344, 412, 421, 426, 428, 435, 437, 439, 444, 445, 448, 449, 451, 458, 459, 460, 462, 463, 466, 469, 472, 473, 474, 476, 483, 484, 485, 486, 488, 490, 492, 493, 497, 500, 506, 510, 511, 
330, 336, 337, 344, 412, 421, 426, 428, 435, 437, 439, 444, 445, 448, 449, 451, 458, 459, 460, 462, 463, 466, 469, 472, 473, 474, 476, 483, 484, 485, 486, 488, 490, 492, 493, 497, 500, 506, 510, 511, 
330, 336, 337, 344, 412, 421, 426, 428, 435, 437, 439, 444, 445, 448, 449, 451, 458, 459, 460, 462, 463, 466, 469, 472, 473, 474, 476, 483, 484, 485, 486, 488, 490, 492, 493, 497, 500, 506, 510, 511, 
330, 336, 337, 344, 412, 421, 426, 428, 435, 437, 439, 444, 445, 448, 449, 451, 458, 459, 460, 462, 463, 466, 469, 472, 473, 474, 476, 483, 484, 485, 486, 488, 490, 492, 493, 497, 500, 506, 510, 511, 
330, 336, 337, 344, 412, 421, 426, 428, 435, 437, 439, 444, 445, 448, 449, 451, 458, 459, 460, 462, 463, 466, 469, 472, 473, 474, 476, 483, 484, 485, 486, 488, 490, 492, 493, 497, 500, 506, 510, 511, 
330, 336, 337, 344, 412, 421, 426, 428, 435, 437, 439, 444, 445, 448, 449, 451, 458, 459, 460, 462, 463, 466, 469, 472, 473, 474, 476, 483, 484, 485, 486, 488, 490, 492, 493, 497, 500, 506, 510, 511, 
330, 336, 337, 344, 412, 421, 426, 428, 435, 437, 439, 444, 445, 448, 449, 451, 458, 459, 460, 462, 463, 466, 469, 472, 473, 474, 476, 483, 484, 485, 486, 488, 490, 492, 493, 497, 500, 506, 510, 511, 
330, 336, 337, 344, 412, 421, 426, 428, 435, 437, 439, 444, 445, 448, 449, 451, 458, 459, 460, 462, 463, 466, 469, 472, 473, 474, 476, 483, 484, 485, 486, 488, 490, 492, 493, 497, 500, 506, 510, 511, 
330, 336, 337, 344, 412, 421, 426, 428, 435, 437, 439, 444, 445, 448, 449, 451, 458, 459, 460, 462, 463, 466, 469, 472, 473, 474, 476, 483, 484, 485, 486, 488, 490, 492, 493, 497, 500, 506, 510, 511, 
330, 336, 337, 344, 412, 421, 426, 428, 435, 437, 439, 444, 445, 448, 449, 451, 458, 459, 460, 462, 463, 466, 469, 472, 473, 474, 476, 483, 484, 485, 486, 488, 490, 492, 493, 497, 500, 506, 510, 511, 
330, 336, 337, 344, 412, 421, 426, 428, 435, 437, 439, 444, 445, 448, 449, 451, 458, 459, 460, 462, 463, 466, 469, 472, 473, 474, 476, 483, 484, 485, 486, 488, 490, 492, 493, 497, 500, 506, 510, 511, 
