07/02/2010 00:00,21.2
07/02/2010 01:00,16.4
07/02/2010 02:00,4.7
07/02/2010 03:00,4.7
07/02/2010 04:00,4.6
07/02/2010 05:00,23.5
07/02/2010 06:00,47.5
07/02/2010 07:00,45.4
07/02/2010 08:00,46.1
07/02/2010 09:00,41.5
07/02/2010 10:00,43.4
07/02/2010 11:00,43.8
07/02/2010 12:00,37.8
07/02/2010 13:00,36.6
07/02/2010 14:00,35.7
07/02/2010 15:00,38.9
07/02/2010 16:00,36.2
07/02/2010 17:00,36.6
07/02/2010 18:00,37.2
07/02/2010 19:00,38.2
07/02/2010 20:00,14.1
07/02/2010 21:00,5.1
07/02/2010 22:00,5
07/02/2010 23:00,5.9
07/03/2010 00:00,22.5
07/03/2010 01:00,22.3
07/03/2010 02:00,6
07/03/2010 03:00,4.7
07/03/2010 04:00,4.4
07/03/2010 05:00,4.8
07/03/2010 06:00,23.4
07/03/2010 07:00,42.4
07/03/2010 08:00,52
07/03/2010 09:00,50.8
07/03/2010 10:00,45.3
07/03/2010 11:00,43.6
07/03/2010 12:00,40.7
07/03/2010 13:00,38.4
07/03/2010 14:00,39.9
07/03/2010 15:00,42.8
07/03/2010 16:00,42.2
07/03/2010 17:00,28.6
07/03/2010 18:00,11.6
07/03/2010 19:00,5.3
07/03/2010 20:00,5.4
07/03/2010 21:00,5.4
07/03/2010 22:00,5.4
07/03/2010 23:00,13.7
07/04/2010 00:00,22.2
07/04/2010 01:00,13.5
07/04/2010 02:00,5
07/04/2010 03:00,4.9
07/04/2010 04:00,4.9
07/04/2010 05:00,5
07/04/2010 06:00,5.2
07/04/2010 07:00,5.6
07/04/2010 08:00,42.9
07/04/2010 09:00,50.3
07/04/2010 10:00,43.5
07/04/2010 11:00,37.1
07/04/2010 12:00,38.7
07/04/2010 13:00,37.1
07/04/2010 14:00,40
07/04/2010 15:00,44.1
07/04/2010 16:00,39.3
07/04/2010 17:00,26.1
07/04/2010 18:00,9.9
07/04/2010 19:00,5.4
07/04/2010 20:00,5.5
07/04/2010 21:00,5.3
07/04/2010 22:00,5.3
07/04/2010 23:00,17.8
07/05/2010 00:00,22.4
07/05/2010 01:00,7.8
07/05/2010 02:00,4.7
07/05/2010 03:00,4.7
07/05/2010 04:00,4.7
07/05/2010 05:00,22.9
07/05/2010 06:00,46.5
07/05/2010 07:00,37.4
07/05/2010 08:00,38.8
07/05/2010 09:00,41.8
07/05/2010 10:00,43.5
07/05/2010 11:00,44.1
07/05/2010 12:00,38.7
07/05/2010 13:00,38.9
07/05/2010 14:00,37.9
07/05/2010 15:00,36.6
07/05/2010 16:00,39.6
07/05/2010 17:00,38.5
07/05/2010 18:00,44.8
07/05/2010 19:00,46.9
07/05/2010 20:00,38.2
07/05/2010 21:00,29.8
07/05/2010 22:00,5.4
07/05/2010 23:00,10.7
07/06/2010 00:00,22.1
07/06/2010 01:00,12.8
07/06/2010 02:00,4.7
07/06/2010 03:00,4.6
07/06/2010 04:00,4.6
07/06/2010 05:00,22.3
07/06/2010 06:00,42.5
07/06/2010 07:00,39
07/06/2010 08:00,38.2
07/06/2010 09:00,40.2
07/06/2010 10:00,44.2
07/06/2010 11:00,41.1
07/06/2010 12:00,40.5
07/06/2010 13:00,40
07/06/2010 14:00,39.1
07/06/2010 15:00,39.1
07/06/2010 16:00,37.2
07/06/2010 17:00,40.8
07/06/2010 18:00,40.1
07/06/2010 19:00,43.5
07/06/2010 20:00,36.9
07/06/2010 21:00,33.4
07/06/2010 22:00,7
07/06/2010 23:00,6.6
07/07/2010 00:00,22.2
07/07/2010 01:00,22.9
07/07/2010 02:00,12
07/07/2010 03:00,4.7
07/07/2010 04:00,4.5
07/07/2010 05:00,22.6
07/07/2010 06:00,42.6
07/07/2010 07:00,42.9
07/07/2010 08:00,39.4
07/07/2010 09:00,45.6
07/07/2010 10:00,41.7
07/07/2010 11:00,41.6
07/07/2010 12:00,39.5
07/07/2010 13:00,37.2
07/07/2010 14:00,40.1
07/07/2010 15:00,37
07/07/2010 16:00,39.8
07/07/2010 17:00,40.1
07/07/2010 18:00,44.8
07/07/2010 19:00,44.3
07/07/2010 20:00,36.8
07/07/2010 21:00,31.2
07/07/2010 22:00,5.2
07/07/2010 23:00,15.2
07/08/2010 00:00,22.9
07/08/2010 01:00,20.6
07/08/2010 02:00,4.8
07/08/2010 03:00,4.8
07/08/2010 04:00,4.8
07/08/2010 05:00,22.6
07/08/2010 06:00,45.3
07/08/2010 07:00,44.4
07/08/2010 08:00,39.8
07/08/2010 09:00,43.2
07/08/2010 10:00,42.3
07/08/2010 11:00,44.1
07/08/2010 12:00,37.9
07/08/2010 13:00,39.4
07/08/2010 14:00,35.8
07/08/2010 15:00,38.2
07/08/2010 16:00,37.2
07/08/2010 17:00,40.2
07/08/2010 18:00,41
07/08/2010 19:00,38.1
07/08/2010 20:00,38.4
07/08/2010 21:00,13.8
07/08/2010 22:00,9.5
07/08/2010 23:00,22
07/09/2010 00:00,20
07/09/2010 01:00,11.5
07/09/2010 02:00,4.7
07/09/2010 03:00,4.7
07/09/2010 04:00,4.8
07/09/2010 05:00,22.8
07/09/2010 06:00,46.1
07/09/2010 07:00,39
07/09/2010 08:00,38.1
07/09/2010 09:00,43.7
07/09/2010 10:00,47.1
07/09/2010 11:00,43.3
07/09/2010 12:00,40.7
07/09/2010 13:00,37.3
07/09/2010 14:00,39
07/09/2010 15:00,36.5
07/09/2010 16:00,38.7
07/09/2010 17:00,38.5
07/09/2010 18:00,40.3
07/09/2010 19:00,35.3
07/09/2010 20:00,15
07/09/2010 21:00,5.1
07/09/2010 22:00,5.3
07/09/2010 23:00,4.8
07/10/2010 00:00,19.2
07/10/2010 01:00,14.4
07/10/2010 02:00,4.7
07/10/2010 03:00,4.7
07/10/2010 04:00,4.8
07/10/2010 05:00,4.8
07/10/2010 06:00,25.4
07/10/2010 07:00,43.9
07/10/2010 08:00,41.4
07/10/2010 09:00,48.7
07/10/2010 10:00,49.8
07/10/2010 11:00,42.7
07/10/2010 12:00,40.9
07/10/2010 13:00,38.1
07/10/2010 14:00,43.5
07/10/2010 15:00,40.4
07/10/2010 16:00,41.4
07/10/2010 17:00,30.3
07/10/2010 18:00,11.8
07/10/2010 19:00,5.1
07/10/2010 20:00,5
07/10/2010 21:00,5
07/10/2010 22:00,5.2
07/10/2010 23:00,4.8
07/11/2010 00:00,9.4
07/11/2010 01:00,4.7
07/11/2010 02:00,4.8
07/11/2010 03:00,21.7
07/11/2010 04:00,12.7
07/11/2010 05:00,4.9
07/11/2010 06:00,5
07/11/2010 07:00,6.8
07/11/2010 08:00,31.5
07/11/2010 09:00,39.4
07/11/2010 10:00,45.8
07/11/2010 11:00,39.8
07/11/2010 12:00,38.8
07/11/2010 13:00,41.3
07/11/2010 14:00,40.6
07/11/2010 15:00,40.6
07/11/2010 16:00,40.2
07/11/2010 17:00,28
07/11/2010 18:00,9.6
07/11/2010 19:00,5.2
07/11/2010 20:00,5
07/11/2010 21:00,5.1
07/11/2010 22:00,5.2
07/11/2010 23:00,17.9
07/12/2010 00:00,20.1
07/12/2010 01:00,4.7
07/12/2010 02:00,4.8
07/12/2010 03:00,4.7
07/12/2010 04:00,4.9
07/12/2010 05:00,19.9
07/12/2010 06:00,36.5
07/12/2010 07:00,36.3
07/12/2010 08:00,37.1
07/12/2010 09:00,44.7
07/12/2010 10:00,44.6
07/12/2010 11:00,43.8
07/12/2010 12:00,37.5
07/12/2010 13:00,39.4
07/12/2010 14:00,41.3
07/12/2010 15:00,37.2
07/12/2010 16:00,39.7
07/12/2010 17:00,43.9
07/12/2010 18:00,46.2
07/12/2010 19:00,50
07/12/2010 20:00,42.8
07/12/2010 21:00,29
07/12/2010 22:00,5.3
07/12/2010 23:00,11.2
7/13/2010 0:00,22.2
7/13/2010 1:00,15.7
7/13/2010 2:00,4.8
7/13/2010 3:00,4.9
7/13/2010 4:00,6.1
7/13/2010 5:00,18.2
7/13/2010 6:00,37
7/13/2010 7:00,41.7
7/13/2010 8:00,37.7
7/13/2010 9:00,44.7
7/13/2010 10:00,47.1
7/13/2010 11:00,47.2
7/13/2010 12:00,41.3
7/13/2010 13:00,39.6
7/13/2010 14:00,40.9
7/13/2010 15:00,39
7/13/2010 16:00,44.5
7/13/2010 17:00,42.7
7/13/2010 18:00,48.3
7/13/2010 19:00,46.3
7/13/2010 20:00,43.9
7/13/2010 21:00,31.8
7/13/2010 22:00,5.3
7/13/2010 23:00,9.1
7/14/2010 0:00,21.4
7/14/2010 1:00,16.9
7/14/2010 2:00,4.8
7/14/2010 3:00,4.8
7/14/2010 4:00,4.9
7/14/2010 5:00,11.9
7/14/2010 6:00,38.9
7/14/2010 7:00,40
7/14/2010 8:00,39.9
7/14/2010 9:00,45.4
7/14/2010 10:00,45.4
7/14/2010 11:00,47.3
7/14/2010 12:00,42.9
7/14/2010 13:00,42.7
7/14/2010 14:00,45.8
7/14/2010 15:00,46.8
7/14/2010 16:00,41
7/14/2010 17:00,42
7/14/2010 18:00,42.7
7/14/2010 19:00,43.6
7/14/2010 20:00,39.7
7/14/2010 21:00,31.4
7/14/2010 22:00,5.2
7/14/2010 23:00,8.2
7/15/2010 0:00,17.6
7/15/2010 1:00,18.8
7/15/2010 2:00,4.7
7/15/2010 3:00,4.8
7/15/2010 4:00,4.9
7/15/2010 5:00,18.9
7/15/2010 6:00,37.4
7/15/2010 7:00,37.9
7/15/2010 8:00,40.9
7/15/2010 9:00,44.4
7/15/2010 10:00,43.1
7/15/2010 11:00,43.3
7/15/2010 12:00,41.2
7/15/2010 13:00,39
7/15/2010 14:00,43.6
7/15/2010 15:00,44.6
7/15/2010 16:00,40.1
7/15/2010 17:00,41.7
7/15/2010 18:00,46.5
7/15/2010 19:00,40.6
7/15/2010 20:00,39
7/15/2010 21:00,17.1
7/15/2010 22:00,5.3
7/15/2010 23:00,4.9
7/16/2010 0:00,8.6
7/16/2010 1:00,4.7
7/16/2010 2:00,5.2
7/16/2010 3:00,22.2
7/16/2010 4:00,14.1
7/16/2010 5:00,22.3
7/16/2010 6:00,44
7/16/2010 7:00,44.1
7/16/2010 8:00,39.1
7/16/2010 9:00,45.7
7/16/2010 10:00,45
7/16/2010 11:00,42.7
7/16/2010 12:00,42
7/16/2010 13:00,37.2
7/16/2010 14:00,41.6
7/16/2010 15:00,44.7
7/16/2010 16:00,39.7
7/16/2010 17:00,40.8
7/16/2010 18:00,40.5
7/16/2010 19:00,37.3
7/16/2010 20:00,15.6
7/16/2010 21:00,5.3
7/16/2010 22:00,5.1
7/16/2010 23:00,8.4
7/17/2010 0:00,21.4
7/17/2010 1:00,22
7/17/2010 2:00,4.7
7/17/2010 3:00,4.7
7/17/2010 4:00,4.7
7/17/2010 5:00,4.8
7/17/2010 6:00,23.5
7/17/2010 7:00,43.7
7/17/2010 8:00,46.6
7/17/2010 9:00,50.3
7/17/2010 10:00,48.3
7/17/2010 11:00,42.3
7/17/2010 12:00,39.8
7/17/2010 13:00,41.5
7/17/2010 14:00,43
7/17/2010 15:00,45.8
7/17/2010 16:00,39.9
7/17/2010 17:00,32.5
7/17/2010 18:00,11.3
7/17/2010 19:00,5.2
7/17/2010 20:00,5.2
7/17/2010 21:00,5.1
7/17/2010 22:00,5.2
7/17/2010 23:00,15.9
7/18/2010 0:00,21.7
7/18/2010 1:00,14.1
7/18/2010 2:00,4.7
7/18/2010 3:00,4.7
7/18/2010 4:00,4.7
7/18/2010 5:00,4.9
7/18/2010 6:00,5
7/18/2010 7:00,5.5
7/18/2010 8:00,38.4
7/18/2010 9:00,46.7
7/18/2010 10:00,39.3
7/18/2010 11:00,39.6
7/18/2010 12:00,39.8
7/18/2010 13:00,42.3
7/18/2010 14:00,44.6
7/18/2010 15:00,46.5
7/18/2010 16:00,40.1
7/18/2010 17:00,25.3
7/18/2010 18:00,9.6
7/18/2010 19:00,5.2
7/18/2010 20:00,5.2
7/18/2010 21:00,5.2
7/18/2010 22:00,5.2
7/18/2010 23:00,15.9
7/19/2010 0:00,21
7/19/2010 1:00,16.7
7/19/2010 2:00,4.9
7/19/2010 3:00,5.1
7/19/2010 4:00,4.9
7/19/2010 5:00,20.9
7/19/2010 6:00,41
7/19/2010 7:00,37.1
7/19/2010 8:00,41.1
7/19/2010 9:00,42
7/19/2010 10:00,50.1
7/19/2010 11:00,42.4
7/19/2010 12:00,40.1
7/19/2010 13:00,38.6
7/19/2010 14:00,38.6
7/19/2010 15:00,38.7
7/19/2010 16:00,39.1
7/19/2010 17:00,41.9
7/19/2010 18:00,45.9
7/19/2010 19:00,45.1
7/19/2010 20:00,39.8
7/19/2010 21:00,30.2
7/19/2010 22:00,5.4
7/19/2010 23:00,10.7
7/20/2010 0:00,17.5
7/20/2010 1:00,19.5
7/20/2010 2:00,4.9
7/20/2010 3:00,5
7/20/2010 4:00,5
7/20/2010 5:00,22.2
7/20/2010 6:00,44.1
7/20/2010 7:00,43.6
7/20/2010 8:00,41
7/20/2010 9:00,43.4
7/20/2010 10:00,44.7
7/20/2010 11:00,43.3
7/20/2010 12:00,38.6
7/20/2010 13:00,40.1
7/20/2010 14:00,40.7
7/20/2010 15:00,39.4
7/20/2010 16:00,39.2
7/20/2010 17:00,42
7/20/2010 18:00,41.6
7/20/2010 19:00,40.8
7/20/2010 20:00,38.3
7/20/2010 21:00,31.8
7/20/2010 22:00,5.2
7/20/2010 23:00,4.8
7/21/2010 0:00,9.2
7/21/2010 1:00,4.6
7/21/2010 2:00,15.7
7/21/2010 3:00,22.7
7/21/2010 4:00,4.9
7/21/2010 5:00,21.4
7/21/2010 6:00,41.6
7/21/2010 7:00,43.2
7/21/2010 8:00,39.3
7/21/2010 9:00,49.4
7/21/2010 10:00,44.1
7/21/2010 11:00,42.3
7/21/2010 12:00,40.2
7/21/2010 13:00,38.4
7/21/2010 14:00,41
7/21/2010 15:00,37.2
7/21/2010 16:00,40
7/21/2010 17:00,39.8
7/21/2010 18:00,44.3
7/21/2010 19:00,38.7
7/21/2010 20:00,36.5
7/21/2010 21:00,31.4
7/21/2010 22:00,5.1
7/21/2010 23:00,13.5
7/22/2010 0:00,22.6
7/22/2010 1:00,22
7/22/2010 2:00,4.8
7/22/2010 3:00,4.6
7/22/2010 4:00,4.6
7/22/2010 5:00,23.3
7/22/2010 6:00,48.9
7/22/2010 7:00,46.8
7/22/2010 8:00,45.9
7/22/2010 9:00,47.5
7/22/2010 10:00,40.6
7/22/2010 11:00,41.7
7/22/2010 12:00,37.4
7/22/2010 13:00,39.7
7/22/2010 14:00,39
7/22/2010 15:00,36.4
7/22/2010 16:00,38.5
7/22/2010 17:00,40
7/22/2010 18:00,43.7
7/22/2010 19:00,41.5
7/22/2010 20:00,37.3
7/22/2010 21:00,14.8
7/22/2010 22:00,5.1
7/22/2010 23:00,17
7/23/2010 0:00,20.6
7/23/2010 1:00,18.2
7/23/2010 2:00,4.7
7/23/2010 3:00,4.7
7/23/2010 4:00,4.5
7/23/2010 5:00,22.9
7/23/2010 6:00,49.3
7/23/2010 7:00,45.8
7/23/2010 8:00,40.9
7/23/2010 9:00,41.8
7/23/2010 10:00,48.4
7/23/2010 11:00,43
7/23/2010 12:00,40.8
7/23/2010 13:00,37.2
7/23/2010 14:00,39.6
7/23/2010 15:00,39.3
7/23/2010 16:00,37.5
7/23/2010 17:00,38.2
7/23/2010 18:00,40.1
7/23/2010 19:00,35.8
7/23/2010 20:00,15.7
7/23/2010 21:00,5.2
7/23/2010 22:00,5.1
7/23/2010 23:00,4.9
7/24/2010 0:00,21.3
7/24/2010 1:00,21.1
7/24/2010 2:00,4.7
7/24/2010 3:00,4.8
7/24/2010 4:00,4.8
7/24/2010 5:00,4.8
7/24/2010 6:00,23.5
7/24/2010 7:00,44
7/24/2010 8:00,42
7/24/2010 9:00,47.6
7/24/2010 10:00,48.2
7/24/2010 11:00,41.6
7/24/2010 12:00,41.2
7/24/2010 13:00,37.8
7/24/2010 14:00,39.8
7/24/2010 15:00,40.6
7/24/2010 16:00,39
7/24/2010 17:00,30.6
7/24/2010 18:00,12.6
7/24/2010 19:00,5
7/24/2010 20:00,5.3
7/24/2010 21:00,5.1
7/24/2010 22:00,5.1
7/24/2010 23:00,13.6
7/25/2010 0:00,22.2
7/25/2010 1:00,17.3
7/25/2010 2:00,4.7
7/25/2010 3:00,4.8
7/25/2010 4:00,4.7
7/25/2010 5:00,4.7
7/25/2010 6:00,5
7/25/2010 7:00,5.4
7/25/2010 8:00,35.5
7/25/2010 9:00,44.8
7/25/2010 10:00,41.1
7/25/2010 11:00,39.4
7/25/2010 12:00,35.9
7/25/2010 13:00,40.1
7/25/2010 14:00,39.2
7/25/2010 15:00,40.1
7/25/2010 16:00,38.6
7/25/2010 17:00,26.2
7/25/2010 18:00,9.7
7/25/2010 19:00,5.3
7/25/2010 20:00,5.3
7/25/2010 21:00,5.1
7/25/2010 22:00,5.2
7/25/2010 23:00,16.8
7/26/2010 0:00,21.2
7/26/2010 1:00,16.2
7/26/2010 2:00,4.9
7/26/2010 3:00,4.7
7/26/2010 4:00,4.7
7/26/2010 5:00,22.1
7/26/2010 6:00,43.6
7/26/2010 7:00,38.6
7/26/2010 8:00,37
7/26/2010 9:00,42.9
7/26/2010 10:00,48.8
7/26/2010 11:00,41.4
7/26/2010 12:00,38.9
7/26/2010 13:00,36.9
7/26/2010 14:00,37.6
7/26/2010 15:00,38.2
7/26/2010 16:00,36.8
7/26/2010 17:00,42.8
7/26/2010 18:00,45.5
7/26/2010 19:00,49.5
7/26/2010 20:00,38.6
7/26/2010 21:00,35.8
7/26/2010 22:00,5.1
7/26/2010 23:00,4.9
7/27/2010 0:00,21.6
7/27/2010 1:00,15.6
7/27/2010 2:00,4.8
7/27/2010 3:00,4.7
7/27/2010 4:00,4.7
7/27/2010 5:00,20.8
7/27/2010 6:00,42
7/27/2010 7:00,37.9
7/27/2010 8:00,36.6
7/27/2010 9:00,40.2
7/27/2010 10:00,46.8
7/27/2010 11:00,42.2
7/27/2010 12:00,38.9
7/27/2010 13:00,38.3
7/27/2010 14:00,38.8
7/27/2010 15:00,39.6
7/27/2010 16:00,38.3
7/27/2010 17:00,40.4
7/27/2010 18:00,41.4
7/27/2010 19:00,46.6
7/27/2010 20:00,42
7/27/2010 21:00,33.4
7/27/2010 22:00,5.2
7/27/2010 23:00,7.9
7/28/2010 0:00,22.4
7/28/2010 1:00,11.3
7/28/2010 2:00,4.8
7/28/2010 3:00,4.9
7/28/2010 4:00,4.8
7/28/2010 5:00,13.3
7/28/2010 6:00,37.4
7/28/2010 7:00,41.3
7/28/2010 8:00,38.9
7/28/2010 9:00,43.8
7/28/2010 10:00,48.6
7/28/2010 11:00,45.9
7/28/2010 12:00,39.6
7/28/2010 13:00,37.4
7/28/2010 14:00,40
7/28/2010 15:00,35.2
7/28/2010 16:00,38.5
7/28/2010 17:00,40.2
7/28/2010 18:00,45.9
7/28/2010 19:00,44.3
7/28/2010 20:00,41
7/28/2010 21:00,34.6
7/28/2010 22:00,5.3
7/28/2010 23:00,16.3
7/29/2010 0:00,22.5
7/29/2010 1:00,16.1
7/29/2010 2:00,4.8
7/29/2010 3:00,4.8
7/29/2010 4:00,4.8
7/29/2010 5:00,18.6
7/29/2010 6:00,37.2
7/29/2010 7:00,37.8
7/29/2010 8:00,39
7/29/2010 9:00,42.3
7/29/2010 10:00,48.5
7/29/2010 11:00,42.2
7/29/2010 12:00,37.6
7/29/2010 13:00,38.3
7/29/2010 14:00,40.3
7/29/2010 15:00,38.2
7/29/2010 16:00,36.9
7/29/2010 17:00,39.8
7/29/2010 18:00,46.3
7/29/2010 19:00,43.3
7/29/2010 20:00,40.7
7/29/2010 21:00,14
7/29/2010 22:00,7.7
7/29/2010 23:00,22
7/30/2010 0:00,19.8
7/30/2010 1:00,14.6
7/30/2010 2:00,4.9
7/30/2010 3:00,4.8
7/30/2010 4:00,4.8
7/30/2010 5:00,19.6
7/30/2010 6:00,38.2
7/30/2010 7:00,41.5
7/30/2010 8:00,39.9
7/30/2010 9:00,43.9
7/30/2010 10:00,50.5
7/30/2010 11:00,50.7
7/30/2010 12:00,42.4
7/30/2010 13:00,42.9
7/30/2010 14:00,43.5
7/30/2010 15:00,46.1
7/30/2010 16:00,41.9
7/30/2010 17:00,47
7/30/2010 18:00,40.9
7/30/2010 19:00,43.2
7/30/2010 20:00,16
7/30/2010 21:00,5.4
7/30/2010 22:00,5.3
7/30/2010 23:00,5
7/31/2010 0:00,21.2
7/31/2010 1:00,21.9
7/31/2010 2:00,4.9
7/31/2010 3:00,4.9
7/31/2010 4:00,4.8
7/31/2010 5:00,4.9
7/31/2010 6:00,14.9
7/31/2010 7:00,40.4
7/31/2010 8:00,44.8
7/31/2010 9:00,56.1
7/31/2010 10:00,58.9
7/31/2010 11:00,46.5
7/31/2010 12:00,45.5
7/31/2010 13:00,43.4
7/31/2010 14:00,47.6
7/31/2010 15:00,47.4
7/31/2010 16:00,43.7
7/31/2010 17:00,28.9
7/31/2010 18:00,18.7
7/31/2010 19:00,5.5
7/31/2010 20:00,5.3
7/31/2010 21:00,5.4
7/31/2010 22:00,5.2
7/31/2010 23:00,9.7
08/01/2010 00:00,21.5
08/01/2010 01:00,20.3
08/01/2010 02:00,4.8
08/01/2010 03:00,4.9
08/01/2010 04:00,4.7
08/01/2010 05:00,4.9
08/01/2010 06:00,5
08/01/2010 07:00,5.5
08/01/2010 08:00,34.4
08/01/2010 09:00,44.7
08/01/2010 10:00,41.4
08/01/2010 11:00,40.8
08/01/2010 12:00,38.1
08/01/2010 13:00,43.2
08/01/2010 14:00,48
08/01/2010 15:00,47.2
08/01/2010 16:00,42
08/01/2010 17:00,25
08/01/2010 18:00,9.2
08/01/2010 19:00,5.3
08/01/2010 20:00,5.2
08/01/2010 21:00,5.3
08/01/2010 22:00,5.2
08/01/2010 23:00,12.9
08/02/2010 00:00,21.4
08/02/2010 01:00,17.8
08/02/2010 02:00,4.7
08/02/2010 03:00,4.8
08/02/2010 04:00,4.7
08/02/2010 05:00,21.7
08/02/2010 06:00,42.3
08/02/2010 07:00,38.4
08/02/2010 08:00,37.5
08/02/2010 09:00,45.3
08/02/2010 10:00,50.8
08/02/2010 11:00,40.6
08/02/2010 12:00,38.5
08/02/2010 13:00,36.5
08/02/2010 14:00,41.9
08/02/2010 15:00,40.6
08/02/2010 16:00,38.7
08/02/2010 17:00,40.7
08/02/2010 18:00,46.8
08/02/2010 19:00,45.7
08/02/2010 20:00,39.6
08/02/2010 21:00,31.8
08/02/2010 22:00,5.4
08/02/2010 23:00,9.2
08/03/2010 00:00,17.9
08/03/2010 01:00,15
08/03/2010 02:00,5.3
08/03/2010 03:00,5.2
08/03/2010 04:00,5.3
08/03/2010 05:00,18.8
08/03/2010 06:00,40.2
08/03/2010 07:00,37.4
08/03/2010 08:00,41.2
08/03/2010 09:00,47.5
08/03/2010 10:00,46.7
08/03/2010 11:00,40.7
08/03/2010 12:00,39.7
08/03/2010 13:00,39.7
08/03/2010 14:00,36.5
08/03/2010 15:00,38.2
08/03/2010 16:00,38.3
08/03/2010 17:00,39
08/03/2010 18:00,43.7
08/03/2010 19:00,41
08/03/2010 20:00,37.7
08/03/2010 21:00,32.2
08/03/2010 22:00,5.3
08/03/2010 23:00,4.9
08/04/2010 00:00,9.4
08/04/2010 01:00,4.8
08/04/2010 02:00,14.7
08/04/2010 03:00,22.5
08/04/2010 04:00,8.3
08/04/2010 05:00,19.5
08/04/2010 06:00,41.6
08/04/2010 07:00,37
08/04/2010 08:00,38.6
08/04/2010 09:00,43.2
08/04/2010 10:00,48
08/04/2010 11:00,43.6
08/04/2010 12:00,41.3
08/04/2010 13:00,41.1
08/04/2010 14:00,44.8
08/04/2010 15:00,45.2
08/04/2010 16:00,39.9
08/04/2010 17:00,41.5
08/04/2010 18:00,46.6
08/04/2010 19:00,46
08/04/2010 20:00,39.8
08/04/2010 21:00,30.2
08/04/2010 22:00,5.1
08/04/2010 23:00,16.2
08/05/2010 00:00,23.7
08/05/2010 01:00,20.4
08/05/2010 02:00,4.9
08/05/2010 03:00,4.7
08/05/2010 04:00,4.7
08/05/2010 05:00,21.6
08/05/2010 06:00,44
08/05/2010 07:00,44.1
08/05/2010 08:00,40.9
08/05/2010 09:00,38.5
08/05/2010 10:00,43.8
08/05/2010 11:00,41.7
08/05/2010 12:00,40.3
08/05/2010 13:00,38.4
08/05/2010 14:00,38.1
08/05/2010 15:00,40
08/05/2010 16:00,39.1
08/05/2010 17:00,37.6
08/05/2010 18:00,43.7
08/05/2010 19:00,39.7
08/05/2010 20:00,39.5
08/05/2010 21:00,14.2
08/05/2010 22:00,5.1
08/05/2010 23:00,15.5
08/06/2010 00:00,19.9
08/06/2010 01:00,22.2
08/06/2010 02:00,20.5
08/06/2010 03:00,20.4
08/06/2010 04:00,20.5
08/06/2010 05:00,34.9
08/06/2010 06:00,43.5
08/06/2010 07:00,38.7
08/06/2010 08:00,36.3
08/06/2010 09:00,44.5
08/06/2010 10:00,46.1
08/06/2010 11:00,41.6
08/06/2010 12:00,38.8
08/06/2010 13:00,37.1
08/06/2010 14:00,38
08/06/2010 15:00,43
08/06/2010 16:00,39.6
08/06/2010 17:00,40.7
08/06/2010 18:00,39.2
08/06/2010 19:00,39.4
08/06/2010 20:00,16.1
08/06/2010 21:00,5.3
08/06/2010 22:00,5.2
08/06/2010 23:00,4.8
08/07/2010 00:00,22
08/07/2010 01:00,16.9
08/07/2010 02:00,4.7
08/07/2010 03:00,4.7
08/07/2010 04:00,4.7
08/07/2010 05:00,4.7
08/07/2010 06:00,24.5
08/07/2010 07:00,45.1
08/07/2010 08:00,45.4
08/07/2010 09:00,45.2
08/07/2010 10:00,45.2
08/07/2010 11:00,41.2
08/07/2010 12:00,37.9
08/07/2010 13:00,36.9
08/07/2010 14:00,38
08/07/2010 15:00,41.4
08/07/2010 16:00,41.2
08/07/2010 17:00,28.4
08/07/2010 18:00,10.4
08/07/2010 19:00,5.6
08/07/2010 20:00,5.4
08/07/2010 21:00,5.6
08/07/2010 22:00,5.5
08/07/2010 23:00,6.9
08/08/2010 00:00,22.2
08/08/2010 01:00,16.2
08/08/2010 02:00,4.9
08/08/2010 03:00,5
08/08/2010 04:00,4.9
08/08/2010 05:00,5.1
08/08/2010 06:00,5.2
08/08/2010 07:00,5.4
08/08/2010 08:00,38.8
08/08/2010 09:00,45.8
08/08/2010 10:00,43.9
08/08/2010 11:00,36.8
08/08/2010 12:00,37.5
08/08/2010 13:00,37.6
08/08/2010 14:00,38.1
08/08/2010 15:00,42.3
08/08/2010 16:00,38.7
08/08/2010 17:00,24.2
08/08/2010 18:00,9.3
08/08/2010 19:00,5.2
08/08/2010 20:00,5.2
08/08/2010 21:00,5.2
08/08/2010 22:00,5.3
08/08/2010 23:00,11.7
08/09/2010 00:00,22.2
08/09/2010 01:00,15.4
08/09/2010 02:00,4.7
08/09/2010 03:00,4.7
08/09/2010 04:00,4.7
08/09/2010 05:00,22.4
08/09/2010 06:00,45.1
08/09/2010 07:00,42.5
08/09/2010 08:00,36.8
08/09/2010 09:00,41.5
08/09/2010 10:00,49.2
08/09/2010 11:00,41
08/09/2010 12:00,39.7
08/09/2010 13:00,39.1
08/09/2010 14:00,43.6
08/09/2010 15:00,42.8
08/09/2010 16:00,38.7
08/09/2010 17:00,40.4
08/09/2010 18:00,44.4
08/09/2010 19:00,49.5
08/09/2010 20:00,40.8
08/09/2010 21:00,31.4
08/09/2010 22:00,5.3
08/09/2010 23:00,17.6
08/10/2010 00:00,22.3
08/10/2010 01:00,10.7
08/10/2010 02:00,4.9
08/10/2010 03:00,4.8
08/10/2010 04:00,4.8
08/10/2010 05:00,17.6
08/10/2010 06:00,38.6
08/10/2010 07:00,41
08/10/2010 08:00,36.9
08/10/2010 09:00,42.9
08/10/2010 10:00,45.5
08/10/2010 11:00,40.4
08/10/2010 12:00,41.2
08/10/2010 13:00,39.9
08/10/2010 14:00,37.5
08/10/2010 15:00,39.8
08/10/2010 16:00,38.9
08/10/2010 17:00,39
08/10/2010 18:00,43.9
08/10/2010 19:00,44.6
08/10/2010 20:00,43
08/10/2010 21:00,32
08/10/2010 22:00,5.2
08/10/2010 23:00,13
08/11/2010 00:00,22.5
08/11/2010 01:00,13.5
08/11/2010 02:00,4.8
08/11/2010 03:00,4.8
08/11/2010 04:00,4.9
08/11/2010 05:00,14.1
08/11/2010 06:00,37.5
08/11/2010 07:00,41.3
08/11/2010 08:00,36.2
08/11/2010 09:00,40.7
08/11/2010 10:00,42.1
08/11/2010 11:00,43.3
08/11/2010 12:00,39.8
08/11/2010 13:00,40
08/11/2010 14:00,42.2
08/11/2010 15:00,43.1
08/11/2010 16:00,39.1
08/11/2010 17:00,38
08/11/2010 18:00,45.2
08/11/2010 19:00,45.5
08/11/2010 20:00,39.1
08/11/2010 21:00,30.6
08/11/2010 22:00,5.2
08/11/2010 23:00,7.5
08/12/2010 00:00,21.7
08/12/2010 01:00,17.1
08/12/2010 02:00,4.8
08/12/2010 03:00,4.9
08/12/2010 04:00,4.7
08/12/2010 05:00,18.7
08/12/2010 06:00,38.8
08/12/2010 07:00,36.7
08/12/2010 08:00,37.6
08/12/2010 09:00,41.8
08/12/2010 10:00,47
08/12/2010 11:00,42.2
08/12/2010 12:00,42.1
08/12/2010 13:00,38
08/12/2010 14:00,39.9
08/12/2010 15:00,37.5
08/12/2010 16:00,37.4
08/12/2010 17:00,40.2
08/12/2010 18:00,43.5
08/12/2010 19:00,41.2
08/12/2010 20:00,38
08/12/2010 21:00,17.1
08/12/2010 22:00,5.3
08/12/2010 23:00,12.1
8/13/2010 0:00,18.3
8/13/2010 1:00,12.9
8/13/2010 2:00,4.8
8/13/2010 3:00,4.8
8/13/2010 4:00,4.7
8/13/2010 5:00,19.8
8/13/2010 6:00,43
8/13/2010 7:00,38.3
8/13/2010 8:00,41.3
8/13/2010 9:00,42
8/13/2010 10:00,45.9
8/13/2010 11:00,45.6
8/13/2010 12:00,38.9
8/13/2010 13:00,38.3
8/13/2010 14:00,42.7
8/13/2010 15:00,43.8
8/13/2010 16:00,38.7
8/13/2010 17:00,39.2
8/13/2010 18:00,41.7
8/13/2010 19:00,38.2
8/13/2010 20:00,14.1
8/13/2010 21:00,5.4
8/13/2010 22:00,5.2
8/13/2010 23:00,5.1
8/14/2010 0:00,18.1
8/14/2010 1:00,19.6
8/14/2010 2:00,4.9
8/14/2010 3:00,4.9
8/14/2010 4:00,4.9
8/14/2010 5:00,4.9
8/14/2010 6:00,19.8
8/14/2010 7:00,40.6
8/14/2010 8:00,43.2
8/14/2010 9:00,50.1
8/14/2010 10:00,52.9
8/14/2010 11:00,40.8
8/14/2010 12:00,42.6
8/14/2010 13:00,40.8
8/14/2010 14:00,46.1
8/14/2010 15:00,45.8
8/14/2010 16:00,42.9
8/14/2010 17:00,29.5
8/14/2010 18:00,10.8
8/14/2010 19:00,5.3
8/14/2010 20:00,5.3
8/14/2010 21:00,5.3
8/14/2010 22:00,5.2
8/14/2010 23:00,5
8/15/2010 0:00,9.2
8/15/2010 1:00,5
8/15/2010 2:00,4.8
8/15/2010 3:00,20.1
8/15/2010 4:00,13.7
8/15/2010 5:00,5
8/15/2010 6:00,5.2
8/15/2010 7:00,5.3
8/15/2010 8:00,31.3
8/15/2010 9:00,43.8
8/15/2010 10:00,43.9
8/15/2010 11:00,39.3
8/15/2010 12:00,41.5
8/15/2010 13:00,38.2
8/15/2010 14:00,42.6
8/15/2010 15:00,45
8/15/2010 16:00,41.4
8/15/2010 17:00,24.4
8/15/2010 18:00,9.2
8/15/2010 19:00,5.2
8/15/2010 20:00,5.3
8/15/2010 21:00,5.4
8/15/2010 22:00,5.2
8/15/2010 23:00,16.7
8/16/2010 0:00,21.4
8/16/2010 1:00,11.7
8/16/2010 2:00,4.7
8/16/2010 3:00,4.8
8/16/2010 4:00,4.8
8/16/2010 5:00,13.4
8/16/2010 6:00,40.4
8/16/2010 7:00,40
8/16/2010 8:00,36.8
8/16/2010 9:00,48.9
8/16/2010 10:00,53.1
8/16/2010 11:00,45.5
8/16/2010 12:00,40.3
8/16/2010 13:00,35.5
8/16/2010 14:00,41.9
8/16/2010 15:00,39.8
8/16/2010 16:00,36.4
8/16/2010 17:00,41.6
8/16/2010 18:00,50.1
8/16/2010 19:00,53.2
8/16/2010 20:00,39.7
8/16/2010 21:00,29.5
8/16/2010 22:00,5.8
8/16/2010 23:00,6.7
8/17/2010 0:00,21.4
8/17/2010 1:00,13.8
8/17/2010 2:00,4.9
8/17/2010 3:00,4.8
8/17/2010 4:00,4.8
8/17/2010 5:00,19.3
8/17/2010 6:00,43.3
8/17/2010 7:00,39.3
8/17/2010 8:00,41.5
8/17/2010 9:00,44.5
8/17/2010 10:00,44.7
8/17/2010 11:00,40.2
8/17/2010 12:00,35.3
8/17/2010 13:00,35.9
8/17/2010 14:00,36.5
8/17/2010 15:00,37.9
8/17/2010 16:00,33.6
8/17/2010 17:00,39
8/17/2010 18:00,43.4
8/17/2010 19:00,46.8
8/17/2010 20:00,41.4
8/17/2010 21:00,26.9
8/17/2010 22:00,5.6
8/17/2010 23:00,5.7
8/18/2010 0:00,21.1
8/18/2010 1:00,16.4
8/18/2010 2:00,5.6
8/18/2010 3:00,5.7
8/18/2010 4:00,5.6
8/18/2010 5:00,16.9
8/18/2010 6:00,42.2
8/18/2010 7:00,45.6
8/18/2010 8:00,38.2
8/18/2010 9:00,44.3
8/18/2010 10:00,47.4
8/18/2010 11:00,43.1
8/18/2010 12:00,37
8/18/2010 13:00,34.1
8/18/2010 14:00,32.2
8/18/2010 15:00,34.5
8/18/2010 16:00,34.9
8/18/2010 17:00,43.4
8/18/2010 18:00,51.9
8/18/2010 19:00,48.9
8/18/2010 20:00,44
8/18/2010 21:00,30
8/18/2010 22:00,5.7
8/18/2010 23:00,5.3
8/19/2010 0:00,21.5
8/19/2010 1:00,22.2
8/19/2010 2:00,4.9
8/19/2010 3:00,4.9
8/19/2010 4:00,4.8
8/19/2010 5:00,10.6
8/19/2010 6:00,36.9
8/19/2010 7:00,40.9
8/19/2010 8:00,40.3
8/19/2010 9:00,52.5
8/19/2010 10:00,58.1
8/19/2010 11:00,52.3
8/19/2010 12:00,44.5
8/19/2010 13:00,43.6
8/19/2010 14:00,47.2
8/19/2010 15:00,43.2
8/19/2010 16:00,41.4
8/19/2010 17:00,48.8
8/19/2010 18:00,52.4
8/19/2010 19:00,48.6
8/19/2010 20:00,43
8/19/2010 21:00,15
8/19/2010 22:00,5.3
8/19/2010 23:00,21.1
8/20/2010 0:00,18.2
8/20/2010 1:00,16.1
8/20/2010 2:00,4.8
8/20/2010 3:00,4.9
8/20/2010 4:00,4.8
8/20/2010 5:00,12.9
8/20/2010 6:00,41.2
8/20/2010 7:00,41.7
8/20/2010 8:00,37
8/20/2010 9:00,48.9
8/20/2010 10:00,54.2
8/20/2010 11:00,49.6
8/20/2010 12:00,40.3
8/20/2010 13:00,38.4
8/20/2010 14:00,39
8/20/2010 15:00,40.2
8/20/2010 16:00,37.7
8/20/2010 17:00,41.3
8/20/2010 18:00,41.6
8/20/2010 19:00,39
8/20/2010 20:00,18.3
8/20/2010 21:00,5.4
8/20/2010 22:00,5.4
8/20/2010 23:00,4.9
8/21/2010 0:00,9.4
8/21/2010 1:00,4.8
8/21/2010 2:00,11
8/21/2010 3:00,22
8/21/2010 4:00,14.3
8/21/2010 5:00,5.3
8/21/2010 6:00,18.5
8/21/2010 7:00,40.7
8/21/2010 8:00,47.6
8/21/2010 9:00,49.9
8/21/2010 10:00,49.8
8/21/2010 11:00,42.1
8/21/2010 12:00,34
8/21/2010 13:00,35.9
8/21/2010 14:00,38.5
8/21/2010 15:00,39.4
8/21/2010 16:00,42.9
8/21/2010 17:00,34.1
8/21/2010 18:00,12.5
8/21/2010 19:00,5.5
8/21/2010 20:00,5.6
8/21/2010 21:00,5.5
8/21/2010 22:00,5.5
8/21/2010 23:00,14.6
8/22/2010 0:00,21.4
8/22/2010 1:00,12.5
8/22/2010 2:00,5
8/22/2010 3:00,5
8/22/2010 4:00,5.1
8/22/2010 5:00,5.2
8/22/2010 6:00,6
8/22/2010 7:00,9
8/22/2010 8:00,40.1
8/22/2010 9:00,43.1
8/22/2010 10:00,42.4
8/22/2010 11:00,36.4
8/22/2010 12:00,31.9
8/22/2010 13:00,33.8
8/22/2010 14:00,36.8
8/22/2010 15:00,35.5
8/22/2010 16:00,34.8
8/22/2010 17:00,24
8/22/2010 18:00,9.4
8/22/2010 19:00,5.5
8/22/2010 20:00,5.4
8/22/2010 21:00,5.5
8/22/2010 22:00,5.5
8/22/2010 23:00,5.1
8/23/2010 0:00,22.2
8/23/2010 1:00,11.6
8/23/2010 2:00,5.1
8/23/2010 3:00,5.1
8/23/2010 4:00,5
8/23/2010 5:00,15.8
8/23/2010 6:00,39.8
8/23/2010 7:00,35.6
8/23/2010 8:00,33.3
8/23/2010 9:00,43.3
8/23/2010 10:00,46.1
8/23/2010 11:00,38.1
8/23/2010 12:00,34.2
8/23/2010 13:00,31.4
8/23/2010 14:00,31.7
8/23/2010 15:00,31.6
8/23/2010 16:00,32.3
8/23/2010 17:00,37.3
8/23/2010 18:00,48.3
8/23/2010 19:00,48.8
8/23/2010 20:00,40.2
8/23/2010 21:00,28.2
8/23/2010 22:00,5.5
8/23/2010 23:00,7.4
8/24/2010 0:00,21.1
8/24/2010 1:00,18.1
8/24/2010 2:00,5.4
8/24/2010 3:00,5.5
8/24/2010 4:00,5.5
8/24/2010 5:00,17.9
8/24/2010 6:00,39.7
8/24/2010 7:00,39
8/24/2010 8:00,35.4
8/24/2010 9:00,44.5
8/24/2010 10:00,45.4
8/24/2010 11:00,42.8
8/24/2010 12:00,35.5
8/24/2010 13:00,38.9
8/24/2010 14:00,39.2
8/24/2010 15:00,39.4
8/24/2010 16:00,38.7
8/24/2010 17:00,42.4
8/24/2010 18:00,46.1
8/24/2010 19:00,49.3
8/24/2010 20:00,43.4
8/24/2010 21:00,27.5
8/24/2010 22:00,5.5
8/24/2010 23:00,5.3
8/25/2010 0:00,21.1
8/25/2010 1:00,21.1
8/25/2010 2:00,5
8/25/2010 3:00,5.2
8/25/2010 4:00,5.1
8/25/2010 5:00,15.8
8/25/2010 6:00,39.8
8/25/2010 7:00,37.4
8/25/2010 8:00,35
8/25/2010 9:00,44.7
8/25/2010 10:00,48
8/25/2010 11:00,45.2
8/25/2010 12:00,38
8/25/2010 13:00,38.1
8/25/2010 14:00,38.7
8/25/2010 15:00,39
8/25/2010 16:00,36.2
8/25/2010 17:00,41.9
8/25/2010 18:00,49.9
8/25/2010 19:00,44.9
8/25/2010 20:00,36.1
8/25/2010 21:00,24.7
8/25/2010 22:00,5.3
8/25/2010 23:00,9.4
8/26/2010 0:00,21.3
8/26/2010 1:00,21.6
8/26/2010 2:00,7
8/26/2010 3:00,5.1
8/26/2010 4:00,5
8/26/2010 5:00,16.7
8/26/2010 6:00,39.6
8/26/2010 7:00,37.2
8/26/2010 8:00,33.3
8/26/2010 9:00,43.3
8/26/2010 10:00,46.7
8/26/2010 11:00,41.8
8/26/2010 12:00,38
8/26/2010 13:00,35.8
8/26/2010 14:00,34.8
8/26/2010 15:00,38.2
8/26/2010 16:00,35.1
8/26/2010 17:00,43.1
8/26/2010 18:00,44.7
8/26/2010 19:00,39
8/26/2010 20:00,36.1
8/26/2010 21:00,14.8
8/26/2010 22:00,5.3
8/26/2010 23:00,15.5
8/27/2010 0:00,22
8/27/2010 1:00,9.3
8/27/2010 2:00,5
8/27/2010 3:00,5
8/27/2010 4:00,5.1
8/27/2010 5:00,18.3
8/27/2010 6:00,41
8/27/2010 7:00,40.6
8/27/2010 8:00,32.5
8/27/2010 9:00,43.1
8/27/2010 10:00,51.3
8/27/2010 11:00,42.6
8/27/2010 12:00,37.8
8/27/2010 13:00,35.7
8/27/2010 14:00,37.3
8/27/2010 15:00,38.6
8/27/2010 16:00,37.6
8/27/2010 17:00,41.1
8/27/2010 18:00,41
8/27/2010 19:00,37.7
8/27/2010 20:00,16.1
8/27/2010 21:00,5.5
8/27/2010 22:00,5.4
8/27/2010 23:00,10
8/28/2010 0:00,22.7
8/28/2010 1:00,14.6
8/28/2010 2:00,5.1
8/28/2010 3:00,5.1
8/28/2010 4:00,5
8/28/2010 5:00,5
8/28/2010 6:00,17.1
8/28/2010 7:00,41.3
8/28/2010 8:00,46.9
8/28/2010 9:00,49
8/28/2010 10:00,46.1
8/28/2010 11:00,40.3
8/28/2010 12:00,35.1
8/28/2010 13:00,33.9
8/28/2010 14:00,38.7
8/28/2010 15:00,36.5
8/28/2010 16:00,41.3
8/28/2010 17:00,36.2
8/28/2010 18:00,11.3
8/28/2010 19:00,5.5
8/28/2010 20:00,5.5
8/28/2010 21:00,5.4
8/28/2010 22:00,5.2
8/28/2010 23:00,15
8/29/2010 0:00,21.5
8/29/2010 1:00,16.1
8/29/2010 2:00,5
8/29/2010 3:00,5
8/29/2010 4:00,5.1
8/29/2010 5:00,5
8/29/2010 6:00,6.2
8/29/2010 7:00,9.7
8/29/2010 8:00,38.1
8/29/2010 9:00,45.7
8/29/2010 10:00,44.3
8/29/2010 11:00,36.4
8/29/2010 12:00,33.7
8/29/2010 13:00,33.3
8/29/2010 14:00,36.1
8/29/2010 15:00,37.1
8/29/2010 16:00,32.5
8/29/2010 17:00,24.4
8/29/2010 18:00,9.5
8/29/2010 19:00,5.5
8/29/2010 20:00,5.4
8/29/2010 21:00,5.5
8/29/2010 22:00,5.2
8/29/2010 23:00,7.2
8/30/2010 0:00,22.5
8/30/2010 1:00,16.7
8/30/2010 2:00,5.1
8/30/2010 3:00,5.1
8/30/2010 4:00,5
8/30/2010 5:00,15.2
8/30/2010 6:00,41.6
8/30/2010 7:00,36.1
8/30/2010 8:00,33.7
8/30/2010 9:00,46.1
8/30/2010 10:00,49.5
8/30/2010 11:00,40.9
8/30/2010 12:00,36.7
8/30/2010 13:00,34.9
8/30/2010 14:00,36.8
8/30/2010 15:00,37.1
8/30/2010 16:00,36.5
8/30/2010 17:00,43.6
8/30/2010 18:00,52.5
8/30/2010 19:00,49.7
8/30/2010 20:00,37.8
8/30/2010 21:00,30
8/30/2010 22:00,6.2
8/30/2010 23:00,22.3
8/31/2010 0:00,10.2
8/31/2010 1:00,5.1
8/31/2010 2:00,5.1
8/31/2010 3:00,5
8/31/2010 4:00,5.1
8/31/2010 5:00,13.8
8/31/2010 6:00,38.5
8/31/2010 7:00,39.8
8/31/2010 8:00,37.7
8/31/2010 9:00,45.2
8/31/2010 10:00,46.5
8/31/2010 11:00,43.7
8/31/2010 12:00,38.2
8/31/2010 13:00,36.3
8/31/2010 14:00,38.4
8/31/2010 15:00,35.2
8/31/2010 16:00,39
8/31/2010 17:00,43.9
8/31/2010 18:00,50.3
8/31/2010 19:00,53.2
8/31/2010 20:00,46.6
8/31/2010 21:00,27
8/31/2010 22:00,5.4
8/31/2010 23:00,5.1
09/01/2010 00:00,20.8
09/01/2010 01:00,20.6
09/01/2010 02:00,5.1
09/01/2010 03:00,5.1
09/01/2010 04:00,5.1
09/01/2010 05:00,9.9
09/01/2010 06:00,39.4
09/01/2010 07:00,39
09/01/2010 08:00,36.4
09/01/2010 09:00,47.2
09/01/2010 10:00,49.6
09/01/2010 11:00,49.5
09/01/2010 12:00,43.5
09/01/2010 13:00,43.9
09/01/2010 14:00,43.8
09/01/2010 15:00,42.8
09/01/2010 16:00,43.8
09/01/2010 17:00,49.4
09/01/2010 18:00,59.8
09/01/2010 19:00,54.9
09/01/2010 20:00,44.6
09/01/2010 21:00,34.1
09/01/2010 22:00,5.4
09/01/2010 23:00,17.1
09/02/2010 00:00,23
09/02/2010 01:00,17.5
09/02/2010 02:00,5.3
09/02/2010 03:00,5.1
09/02/2010 04:00,5.2
09/02/2010 05:00,14.2
09/02/2010 06:00,38.5
09/02/2010 07:00,47.4
09/02/2010 08:00,40.4
09/02/2010 09:00,50.5
09/02/2010 10:00,53.5
09/02/2010 11:00,50.4
09/02/2010 12:00,40.5
09/02/2010 13:00,37.9
09/02/2010 14:00,37.4
09/02/2010 15:00,37.5
09/02/2010 16:00,38.4
09/02/2010 17:00,46.5
09/02/2010 18:00,50.4
09/02/2010 19:00,45.3
09/02/2010 20:00,41
09/02/2010 21:00,14.6
09/02/2010 22:00,5.3
09/02/2010 23:00,12.8
09/03/2010 00:00,18
09/03/2010 01:00,15
09/03/2010 02:00,4.9
09/03/2010 03:00,4.9
09/03/2010 04:00,4.8
09/03/2010 05:00,12.3
09/03/2010 06:00,45.3
09/03/2010 07:00,43.1
09/03/2010 08:00,35.7
09/03/2010 09:00,43.8
09/03/2010 10:00,48.8
09/03/2010 11:00,43.8
09/03/2010 12:00,36.1
09/03/2010 13:00,33
09/03/2010 14:00,35.8
09/03/2010 15:00,34.8
09/03/2010 16:00,36.3
09/03/2010 17:00,40.2
09/03/2010 18:00,41.8
09/03/2010 19:00,40
09/03/2010 20:00,18.5
09/03/2010 21:00,5.3
09/03/2010 22:00,5.1
09/03/2010 23:00,4.8
09/04/2010 00:00,16.8
09/04/2010 01:00,17.4
09/04/2010 02:00,4.9
09/04/2010 03:00,4.8
09/04/2010 04:00,4.8
09/04/2010 05:00,4.9
09/04/2010 06:00,9.6
09/04/2010 07:00,40
09/04/2010 08:00,50.7
09/04/2010 09:00,60.4
09/04/2010 10:00,60.2
09/04/2010 11:00,45.6
09/04/2010 12:00,40.3
09/04/2010 13:00,38.8
09/04/2010 14:00,38.2
09/04/2010 15:00,41.6
09/04/2010 16:00,47.1
09/04/2010 17:00,41.1
09/04/2010 18:00,12.5
09/04/2010 19:00,5.1
09/04/2010 20:00,5.3
09/04/2010 21:00,5.3
09/04/2010 22:00,5.1
09/04/2010 23:00,4.8
09/05/2010 00:00,17.5
09/05/2010 01:00,22.5
09/05/2010 02:00,17.6
09/05/2010 03:00,4.9
09/05/2010 04:00,4.9
09/05/2010 05:00,4.8
09/05/2010 06:00,6
09/05/2010 07:00,9.9
09/05/2010 08:00,39.1
09/05/2010 09:00,49.2
09/05/2010 10:00,48
09/05/2010 11:00,42.1
09/05/2010 12:00,41.3
09/05/2010 13:00,40.2
09/05/2010 14:00,39.6
09/05/2010 15:00,41.9
09/05/2010 16:00,39.9
09/05/2010 17:00,25.6
09/05/2010 18:00,9.3
09/05/2010 19:00,5.3
09/05/2010 20:00,5.2
09/05/2010 21:00,5.3
09/05/2010 22:00,5
09/05/2010 23:00,9.4
09/06/2010 00:00,22.6
09/06/2010 01:00,20.5
09/06/2010 02:00,4.8
09/06/2010 03:00,4.8
09/06/2010 04:00,4.8
09/06/2010 05:00,10.5
09/06/2010 06:00,37.8
09/06/2010 07:00,36.2
09/06/2010 08:00,36.2
09/06/2010 09:00,50
09/06/2010 10:00,53.1
09/06/2010 11:00,41.4
09/06/2010 12:00,41.7
09/06/2010 13:00,39.3
09/06/2010 14:00,40
09/06/2010 15:00,37.6
09/06/2010 16:00,41.3
09/06/2010 17:00,47.7
09/06/2010 18:00,52.8
09/06/2010 19:00,55.1
09/06/2010 20:00,44
09/06/2010 21:00,29.4
09/06/2010 22:00,8.9
09/06/2010 23:00,21.6
09/07/2010 00:00,17.4
09/07/2010 01:00,4.8
09/07/2010 02:00,4.7
09/07/2010 03:00,4.8
09/07/2010 04:00,4.8
09/07/2010 05:00,16.2
09/07/2010 06:00,37.3
09/07/2010 07:00,40.8
09/07/2010 08:00,36.1
09/07/2010 09:00,45
09/07/2010 10:00,44.4
09/07/2010 11:00,43
09/07/2010 12:00,36.2
09/07/2010 13:00,33.1
09/07/2010 14:00,37.5
09/07/2010 15:00,36.9
09/07/2010 16:00,37.6
09/07/2010 17:00,41
09/07/2010 18:00,47.3
09/07/2010 19:00,47.6
09/07/2010 20:00,41.4
09/07/2010 21:00,27.2
09/07/2010 22:00,5.1
09/07/2010 23:00,12.6
09/08/2010 00:00,19.4
09/08/2010 01:00,19.3
09/08/2010 02:00,4.8
09/08/2010 03:00,4.8
09/08/2010 04:00,4.8
09/08/2010 05:00,16
09/08/2010 06:00,43
09/08/2010 07:00,41.8
09/08/2010 08:00,33.6
09/08/2010 09:00,44.1
09/08/2010 10:00,48.6
09/08/2010 11:00,45.5
09/08/2010 12:00,36.5
09/08/2010 13:00,37.4
09/08/2010 14:00,40.3
09/08/2010 15:00,37.9
09/08/2010 16:00,38.5
09/08/2010 17:00,38.8
09/08/2010 18:00,50.6
09/08/2010 19:00,47
09/08/2010 20:00,38.7
09/08/2010 21:00,28.3
09/08/2010 22:00,5.5
09/08/2010 23:00,5.1
09/09/2010 00:00,22.2
09/09/2010 01:00,19.1
09/09/2010 02:00,5.1
09/09/2010 03:00,5.1
09/09/2010 04:00,5.1
09/09/2010 05:00,16
09/09/2010 06:00,38.6
09/09/2010 07:00,35.9
09/09/2010 08:00,35.7
09/09/2010 09:00,45.5
09/09/2010 10:00,47.9
09/09/2010 11:00,48.2
09/09/2010 12:00,35.1
09/09/2010 13:00,34.5
09/09/2010 14:00,34.9
09/09/2010 15:00,33.7
09/09/2010 16:00,33.4
09/09/2010 17:00,42.4
09/09/2010 18:00,42.3
09/09/2010 19:00,42
09/09/2010 20:00,36.1
09/09/2010 21:00,14.3
09/09/2010 22:00,5.2
09/09/2010 23:00,17
09/10/2010 00:00,17.3
09/10/2010 01:00,8.1
09/10/2010 02:00,4.9
09/10/2010 03:00,4.9
09/10/2010 04:00,4.9
09/10/2010 05:00,14.4
09/10/2010 06:00,42.1
09/10/2010 07:00,43.5
09/10/2010 08:00,37.5
09/10/2010 09:00,48
09/10/2010 10:00,56.2
09/10/2010 11:00,48.5
09/10/2010 12:00,43.4
09/10/2010 13:00,41.6
09/10/2010 14:00,41
09/10/2010 15:00,38.8
09/10/2010 16:00,38.5
09/10/2010 17:00,40.1
09/10/2010 18:00,37.2
09/10/2010 19:00,37.5
09/10/2010 20:00,15.9
09/10/2010 21:00,5.3
09/10/2010 22:00,5.1
09/10/2010 23:00,4.7
09/11/2010 00:00,8.4
09/11/2010 01:00,4.8
09/11/2010 02:00,11.4
09/11/2010 03:00,22.1
09/11/2010 04:00,4.8
09/11/2010 05:00,4.7
09/11/2010 06:00,17.5
09/11/2010 07:00,41.1
09/11/2010 08:00,49.9
09/11/2010 09:00,52.4
09/11/2010 10:00,54.3
09/11/2010 11:00,42.6
09/11/2010 12:00,40.3
09/11/2010 13:00,39
09/11/2010 14:00,39.7
09/11/2010 15:00,39.4
09/11/2010 16:00,43.3
09/11/2010 17:00,33.5
09/11/2010 18:00,14.6
09/11/2010 19:00,5.4
09/11/2010 20:00,5.2
09/11/2010 21:00,5.3
09/11/2010 22:00,5.1
09/11/2010 23:00,4.8
09/12/2010 00:00,21.7
09/12/2010 01:00,14.2
09/12/2010 02:00,4.8
09/12/2010 03:00,4.7
09/12/2010 04:00,4.8
09/12/2010 05:00,4.8
09/12/2010 06:00,5.9
09/12/2010 07:00,9.1
09/12/2010 08:00,36
09/12/2010 09:00,46.2
09/12/2010 10:00,45.8
09/12/2010 11:00,40.8
09/12/2010 12:00,35
09/12/2010 13:00,38.1
09/12/2010 14:00,39
09/12/2010 15:00,37.9
09/12/2010 16:00,37.3
09/12/2010 17:00,25.7
09/12/2010 18:00,9.3
09/12/2010 19:00,5.3
09/12/2010 20:00,5.4
09/12/2010 21:00,5.3
09/12/2010 22:00,5.1
09/12/2010 23:00,12.3
9/13/2010 0:00,19.4
9/13/2010 1:00,17.8
9/13/2010 2:00,4.9
9/13/2010 3:00,4.8
9/13/2010 4:00,5
9/13/2010 5:00,9.9
9/13/2010 6:00,37.9
9/13/2010 7:00,38
9/13/2010 8:00,36.9
9/13/2010 9:00,47.2
9/13/2010 10:00,54
9/13/2010 11:00,48.3
9/13/2010 12:00,45.1
9/13/2010 13:00,41.9
9/13/2010 14:00,43
9/13/2010 15:00,42.3
9/13/2010 16:00,41.4
9/13/2010 17:00,49.3
9/13/2010 18:00,58.9
9/13/2010 19:00,59.4
9/13/2010 20:00,44.8
9/13/2010 21:00,32.5
9/13/2010 22:00,5.4
9/13/2010 23:00,5.2
9/14/2010 0:00,19.5
9/14/2010 1:00,16.2
9/14/2010 2:00,4.8
9/14/2010 3:00,5
9/14/2010 4:00,6.6
9/14/2010 5:00,10
9/14/2010 6:00,41.2
9/14/2010 7:00,42.3
9/14/2010 8:00,42.1
9/14/2010 9:00,49.5
9/14/2010 10:00,48.6
9/14/2010 11:00,44.6
9/14/2010 12:00,38.6
9/14/2010 13:00,35.8
9/14/2010 14:00,35.7
9/14/2010 15:00,35.1
9/14/2010 16:00,37.3
9/14/2010 17:00,42.9
9/14/2010 18:00,50.6
9/14/2010 19:00,54.1
9/14/2010 20:00,45
9/14/2010 21:00,28.8
9/14/2010 22:00,5.1
9/14/2010 23:00,5
9/15/2010 0:00,19.8
9/15/2010 1:00,20
9/15/2010 2:00,5
9/15/2010 3:00,5
9/15/2010 4:00,4.8
9/15/2010 5:00,11
9/15/2010 6:00,37.6
9/15/2010 7:00,38.6
9/15/2010 8:00,34.9
9/15/2010 9:00,44.7
9/15/2010 10:00,51.5
9/15/2010 11:00,51
9/15/2010 12:00,38
9/15/2010 13:00,40.6
9/15/2010 14:00,41.2
9/15/2010 15:00,38.7
9/15/2010 16:00,40.2
9/15/2010 17:00,45.8
9/15/2010 18:00,51.6
9/15/2010 19:00,47.3
9/15/2010 20:00,39.5
9/15/2010 21:00,30.6
9/15/2010 22:00,8.1
9/15/2010 23:00,7.6
9/16/2010 0:00,24.9
9/16/2010 1:00,24.7
9/16/2010 2:00,7.5
9/16/2010 3:00,7.9
9/16/2010 4:00,7.5
9/16/2010 5:00,19.6
9/16/2010 6:00,39.8
9/16/2010 7:00,38.3
9/16/2010 8:00,35.9
9/16/2010 9:00,46.8
9/16/2010 10:00,49.2
9/16/2010 11:00,49.2
9/16/2010 12:00,42.1
9/16/2010 13:00,39.5
9/16/2010 14:00,39.8
9/16/2010 15:00,39.3
9/16/2010 16:00,40.1
9/16/2010 17:00,47.8
9/16/2010 18:00,48.9
9/16/2010 19:00,44.2
9/16/2010 20:00,39.5
9/16/2010 21:00,16.4
9/16/2010 22:00,11.9
9/16/2010 23:00,25.1
9/17/2010 0:00,20.2
9/17/2010 1:00,9.2
9/17/2010 2:00,7.8
9/17/2010 3:00,7.5
9/17/2010 4:00,7.6
9/17/2010 5:00,23.3
9/17/2010 6:00,47.2
9/17/2010 7:00,41.3
9/17/2010 8:00,35.7
9/17/2010 9:00,48
9/17/2010 10:00,51.2
9/17/2010 11:00,46.9
9/17/2010 12:00,38.8
9/17/2010 13:00,37.7
9/17/2010 14:00,37.1
9/17/2010 15:00,36
9/17/2010 16:00,36.1
9/17/2010 17:00,39.3
9/17/2010 18:00,40.9
9/17/2010 19:00,39
9/17/2010 20:00,20.8
9/17/2010 21:00,8.5
9/17/2010 22:00,8.4
9/17/2010 23:00,8.2
9/18/2010 0:00,12.3
9/18/2010 1:00,8.2
9/18/2010 2:00,16.8
9/18/2010 3:00,22.2
9/18/2010 4:00,8.2
9/18/2010 5:00,7.9
9/18/2010 6:00,19.4
9/18/2010 7:00,45.5
9/18/2010 8:00,49.7
9/18/2010 9:00,52.4
9/18/2010 10:00,54
9/18/2010 11:00,45.5
9/18/2010 12:00,40.6
9/18/2010 13:00,40.7
9/18/2010 14:00,41.5
9/18/2010 15:00,40.9
9/18/2010 16:00,45.7
9/18/2010 17:00,36.8
9/18/2010 18:00,13.9
9/18/2010 19:00,8.8
9/18/2010 20:00,8.5
9/18/2010 21:00,8.5
9/18/2010 22:00,8.6
9/18/2010 23:00,9
9/19/2010 0:00,25.5
9/19/2010 1:00,16.4
9/19/2010 2:00,7.8
9/19/2010 3:00,8
9/19/2010 4:00,7.8
9/19/2010 5:00,7.7
9/19/2010 6:00,9.1
9/19/2010 7:00,13.6
9/19/2010 8:00,36.6
9/19/2010 9:00,46.5
9/19/2010 10:00,44.5
9/19/2010 11:00,41
9/19/2010 12:00,37.2
9/19/2010 13:00,39.3
9/19/2010 14:00,39.3
9/19/2010 15:00,37.8
9/19/2010 16:00,36.7
9/19/2010 17:00,26.7
9/19/2010 18:00,12.7
9/19/2010 19:00,8.1
9/19/2010 20:00,8.6
9/19/2010 21:00,8.1
9/19/2010 22:00,8.2
9/19/2010 23:00,12.1
9/20/2010 0:00,21.2
9/20/2010 1:00,12.3
9/20/2010 2:00,7.8
9/20/2010 3:00,8.1
9/20/2010 4:00,7.8
9/20/2010 5:00,15
9/20/2010 6:00,40.1
9/20/2010 7:00,37.9
9/20/2010 8:00,38.5
9/20/2010 9:00,51.7
9/20/2010 10:00,57.5
9/20/2010 11:00,46
9/20/2010 12:00,41.7
9/20/2010 13:00,42.1
9/20/2010 14:00,42.1
9/20/2010 15:00,39.7
9/20/2010 16:00,40.2
9/20/2010 17:00,47.1
9/20/2010 18:00,53.2
9/20/2010 19:00,55.6
9/20/2010 20:00,43.9
9/20/2010 21:00,33.4
9/20/2010 22:00,8.9
9/20/2010 23:00,8.8
9/21/2010 0:00,8.9
9/21/2010 1:00,8.5
9/21/2010 2:00,13
9/21/2010 3:00,26.4
9/21/2010 4:00,13.9
9/21/2010 5:00,13.8
9/21/2010 6:00,42.3
9/21/2010 7:00,44.1
9/21/2010 8:00,40
9/21/2010 9:00,50.7
9/21/2010 10:00,57.4
9/21/2010 11:00,52.1
9/21/2010 12:00,45.8
9/21/2010 13:00,44.7
9/21/2010 14:00,43.1
9/21/2010 15:00,41.6
9/21/2010 16:00,41.8
9/21/2010 17:00,45.3
9/21/2010 18:00,51.6
9/21/2010 19:00,52.9
9/21/2010 20:00,45.4
9/21/2010 21:00,29.8
9/21/2010 22:00,8.3
9/21/2010 23:00,8.1
9/22/2010 0:00,23.5
9/22/2010 1:00,24.9
9/22/2010 2:00,7.9
9/22/2010 3:00,7.8
9/22/2010 4:00,7.9
9/22/2010 5:00,13.3
9/22/2010 6:00,40.3
9/22/2010 7:00,42.4
9/22/2010 8:00,38.8
9/22/2010 9:00,51.7
9/22/2010 10:00,54.8
9/22/2010 11:00,50.6
9/22/2010 12:00,41.5
9/22/2010 13:00,40.5
9/22/2010 14:00,40.5
9/22/2010 15:00,39.4
9/22/2010 16:00,39.2
9/22/2010 17:00,46.7
9/22/2010 18:00,52.4
9/22/2010 19:00,51.2
9/22/2010 20:00,42.8
9/22/2010 21:00,30.7
9/22/2010 22:00,8.2
9/22/2010 23:00,8
9/23/2010 0:00,25.9
9/23/2010 1:00,24.3
9/23/2010 2:00,8
9/23/2010 3:00,7.9
9/23/2010 4:00,7.9
9/23/2010 5:00,13.6
9/23/2010 6:00,41.6
9/23/2010 7:00,41.6
9/23/2010 8:00,39.2
9/23/2010 9:00,51.2
9/23/2010 10:00,52.5
9/23/2010 11:00,48.7
9/23/2010 12:00,40.8
9/23/2010 13:00,39
9/23/2010 14:00,39.1
9/23/2010 15:00,37.7
9/23/2010 16:00,38
9/23/2010 17:00,45.7
9/23/2010 18:00,50.3
9/23/2010 19:00,46.2
9/23/2010 20:00,41.5
9/23/2010 21:00,17.4
9/23/2010 22:00,13
9/23/2010 23:00,25.6
9/24/2010 0:00,20.5
9/24/2010 1:00,10.2
9/24/2010 2:00,7.6
9/24/2010 3:00,8.2
9/24/2010 4:00,8
9/24/2010 5:00,16.6
9/24/2010 6:00,46.4
9/24/2010 7:00,47.4
9/24/2010 8:00,41.4
9/24/2010 9:00,53.6
9/24/2010 10:00,59.6
9/24/2010 11:00,54.3
9/24/2010 12:00,45.6
9/24/2010 13:00,42.6
9/24/2010 14:00,42.1
9/24/2010 15:00,41.7
9/24/2010 16:00,41.6
9/24/2010 17:00,46.7
9/24/2010 18:00,47.5
9/24/2010 19:00,46.1
9/24/2010 20:00,20.9
9/24/2010 21:00,8.5
9/24/2010 22:00,8.3
9/24/2010 23:00,8.1
9/25/2010 0:00,14.2
9/25/2010 1:00,25.8
9/25/2010 2:00,12.5
9/25/2010 3:00,8
9/25/2010 4:00,7.7
9/25/2010 5:00,8
9/25/2010 6:00,13
9/25/2010 7:00,42.8
9/25/2010 8:00,54.3
9/25/2010 9:00,62.3
9/25/2010 10:00,63.7
9/25/2010 11:00,50.1
9/25/2010 12:00,44.5
9/25/2010 13:00,43.3
9/25/2010 14:00,45.2
9/25/2010 15:00,44.6
9/25/2010 16:00,51.3
9/25/2010 17:00,40.1
9/25/2010 18:00,14.2
9/25/2010 19:00,8.4
9/25/2010 20:00,8.6
9/25/2010 21:00,8.5
9/25/2010 22:00,8.3
9/25/2010 23:00,8.3
9/26/2010 0:00,25.6
9/26/2010 1:00,22.7
9/26/2010 2:00,7.9
9/26/2010 3:00,8.1
9/26/2010 4:00,7.9
9/26/2010 5:00,7.9
9/26/2010 6:00,9.1
9/26/2010 7:00,13.2
9/26/2010 8:00,45.5
9/26/2010 9:00,58.3
9/26/2010 10:00,56.3
9/26/2010 11:00,47
9/26/2010 12:00,44.6
9/26/2010 13:00,45.2
9/26/2010 14:00,44.7
9/26/2010 15:00,42.2
9/26/2010 16:00,41.2
9/26/2010 17:00,28.5
9/26/2010 18:00,12.7
9/26/2010 19:00,8.6
9/26/2010 20:00,8.3
9/26/2010 21:00,8.7
9/26/2010 22:00,7.8
9/26/2010 23:00,21.2
9/27/2010 0:00,20.6
9/27/2010 1:00,8
9/27/2010 2:00,8
9/27/2010 3:00,7.9
9/27/2010 4:00,7.9
9/27/2010 5:00,13.1
9/27/2010 6:00,38.9
9/27/2010 7:00,41.8
9/27/2010 8:00,43.7
9/27/2010 9:00,56.4
9/27/2010 10:00,67
9/27/2010 11:00,55.9
9/27/2010 12:00,49.3
9/27/2010 13:00,47.4
9/27/2010 14:00,48.4
9/27/2010 15:00,48.9
9/27/2010 16:00,47.3
9/27/2010 17:00,57.1
9/27/2010 18:00,65.7
9/27/2010 19:00,68.7
9/27/2010 20:00,49.4
9/27/2010 21:00,36.5
9/27/2010 22:00,8.3
9/27/2010 23:00,8.5
9/28/2010 0:00,19.4
9/28/2010 1:00,25.8
9/28/2010 2:00,9
9/28/2010 3:00,8.2
9/28/2010 4:00,8
9/28/2010 5:00,15.2
9/28/2010 6:00,48.3
9/28/2010 7:00,52.9
9/28/2010 8:00,47.3
9/28/2010 9:00,57.3
9/28/2010 10:00,57.8
9/28/2010 11:00,57.8
9/28/2010 12:00,49.8
9/28/2010 13:00,47.8
9/28/2010 14:00,49.4
9/28/2010 15:00,47.2
9/28/2010 16:00,46.6
9/28/2010 17:00,50.5
9/28/2010 18:00,57.7
9/28/2010 19:00,60
9/28/2010 20:00,54
9/28/2010 21:00,36.5
9/28/2010 22:00,8.1
9/28/2010 23:00,8
9/29/2010 0:00,18.6
9/29/2010 1:00,25.8
9/29/2010 2:00,7.7
9/29/2010 3:00,7.9
9/29/2010 4:00,8
9/29/2010 5:00,14
9/29/2010 6:00,38.8
9/29/2010 7:00,45.5
9/29/2010 8:00,44.6
9/29/2010 9:00,54.6
9/29/2010 10:00,55
9/29/2010 11:00,53.1
9/29/2010 12:00,42.5
9/29/2010 13:00,39.9
9/29/2010 14:00,39.8
9/29/2010 15:00,40.9
9/29/2010 16:00,41.9
9/29/2010 17:00,47.5
9/29/2010 18:00,52.2
9/29/2010 19:00,51
9/29/2010 20:00,40.8
9/29/2010 21:00,28.5
9/29/2010 22:00,7.6
9/29/2010 23:00,7.7
9/30/2010 0:00,21.7
9/30/2010 1:00,25.6
9/30/2010 2:00,12.7
9/30/2010 3:00,7.8
9/30/2010 4:00,7.5
9/30/2010 5:00,19.2
9/30/2010 6:00,42.7
9/30/2010 7:00,41.2
9/30/2010 8:00,36.6
9/30/2010 9:00,49.3
9/30/2010 10:00,49.2
9/30/2010 11:00,48.7
9/30/2010 12:00,40.5
9/30/2010 13:00,38.2
9/30/2010 14:00,38
9/30/2010 15:00,39
9/30/2010 16:00,37.8
9/30/2010 17:00,44.2
9/30/2010 18:00,44.1
9/30/2010 19:00,43.3
9/30/2010 20:00,39.8
9/30/2010 21:00,17.1
9/30/2010 22:00,12.2
9/30/2010 23:00,25.4
10/01/2010 00:00,20.5
10/01/2010 01:00,11.5
10/01/2010 02:00,7.7
10/01/2010 03:00,7.7
10/01/2010 04:00,7.8
10/01/2010 05:00,22.4
10/01/2010 06:00,42.9
10/01/2010 07:00,41.3
10/01/2010 08:00,35.5
10/01/2010 09:00,46
10/01/2010 10:00,51.7
10/01/2010 11:00,47.1
10/01/2010 12:00,40.6
10/01/2010 13:00,37.6
10/01/2010 14:00,36.4
10/01/2010 15:00,37.9
10/01/2010 16:00,38
10/01/2010 17:00,41.1
10/01/2010 18:00,44.3
10/01/2010 19:00,40.9
10/01/2010 20:00,19.8
10/01/2010 21:00,8.5
10/01/2010 22:00,8.6
10/01/2010 23:00,8.2
10/02/2010 00:00,12.5
10/02/2010 01:00,25.7
10/02/2010 02:00,14.3
10/02/2010 03:00,8.1
10/02/2010 04:00,8.1
10/02/2010 05:00,8.2
10/02/2010 06:00,13.5
10/02/2010 07:00,41.2
10/02/2010 08:00,52.7
10/02/2010 09:00,61.4
10/02/2010 10:00,57.3
10/02/2010 11:00,46
10/02/2010 12:00,39.5
10/02/2010 13:00,40.9
10/02/2010 14:00,37.6
10/02/2010 15:00,40.5
10/02/2010 16:00,43.6
10/02/2010 17:00,36.5
10/02/2010 18:00,13.9
10/02/2010 19:00,8.5
10/02/2010 20:00,8.1
10/02/2010 21:00,8.2
10/02/2010 22:00,8.1
10/02/2010 23:00,19.9
10/03/2010 00:00,24.8
10/03/2010 01:00,7.9
10/03/2010 02:00,7.7
10/03/2010 03:00,8
10/03/2010 04:00,7.8
10/03/2010 05:00,8.8
10/03/2010 06:00,11
10/03/2010 07:00,35.2
10/03/2010 08:00,45.6
10/03/2010 09:00,47.9
10/03/2010 10:00,41.9
10/03/2010 11:00,43.1
10/03/2010 12:00,41
10/03/2010 13:00,41.5
10/03/2010 14:00,41.7
10/03/2010 15:00,39.5
10/03/2010 16:00,29.8
10/03/2010 17:00,13.5
10/03/2010 18:00,8.3
10/03/2010 19:00,8.4
10/03/2010 20:00,8.1
10/03/2010 21:00,8.2
10/03/2010 22:00,9.6
10/03/2010 23:00,25.3
10/04/2010 00:00,24.9
10/04/2010 01:00,8.5
10/04/2010 02:00,7.8
10/04/2010 03:00,7.8
10/04/2010 04:00,13.5
10/04/2010 05:00,20.3
10/04/2010 06:00,19.6
10/04/2010 07:00,33.1
10/04/2010 08:00,48.4
10/04/2010 09:00,57.4
10/04/2010 10:00,47.9
10/04/2010 11:00,42.8
10/04/2010 12:00,41.7
10/04/2010 13:00,43
10/04/2010 14:00,42.5
10/04/2010 15:00,41.1
10/04/2010 16:00,43.3
10/04/2010 17:00,33.4
10/04/2010 18:00,27.6
10/04/2010 19:00,21.7
10/04/2010 20:00,15.6
10/04/2010 21:00,8.5
10/04/2010 22:00,7.7
10/04/2010 23:00,20.8
10/05/2010 00:00,21.7
10/05/2010 01:00,8.3
10/05/2010 02:00,7.6
10/05/2010 03:00,8.1
10/05/2010 04:00,13.5
10/05/2010 05:00,42
10/05/2010 06:00,43.5
10/05/2010 07:00,42.3
10/05/2010 08:00,54.6
10/05/2010 09:00,56.8
10/05/2010 10:00,58.2
10/05/2010 11:00,49.8
10/05/2010 12:00,47.6
10/05/2010 13:00,47
10/05/2010 14:00,48.7
10/05/2010 15:00,47.6
10/05/2010 16:00,50.8
10/05/2010 17:00,57.7
10/05/2010 18:00,66
10/05/2010 19:00,54.1
10/05/2010 20:00,36
10/05/2010 21:00,8.4
10/05/2010 22:00,8
10/05/2010 23:00,19.8
10/06/2010 00:00,25.6
10/06/2010 01:00,13.3
10/06/2010 02:00,8
10/06/2010 03:00,8.4
10/06/2010 04:00,14.5
10/06/2010 05:00,41.9
10/06/2010 06:00,49.3
10/06/2010 07:00,46
10/06/2010 08:00,59.5
10/06/2010 09:00,66.2
10/06/2010 10:00,60.6
10/06/2010 11:00,52.8
10/06/2010 12:00,46.9
10/06/2010 13:00,47.2
10/06/2010 14:00,47.3
10/06/2010 15:00,47.7
10/06/2010 16:00,53.9
10/06/2010 17:00,65.6
10/06/2010 18:00,61.8
10/06/2010 19:00,47.7
10/06/2010 20:00,36.5
10/06/2010 21:00,8.3
10/06/2010 22:00,8.1
10/06/2010 23:00,22.6
10/07/2010 00:00,25.2
10/07/2010 01:00,12.4
10/07/2010 02:00,8.1
10/07/2010 03:00,7.9
10/07/2010 04:00,14
10/07/2010 05:00,43.8
10/07/2010 06:00,48.5
10/07/2010 07:00,45.9
10/07/2010 08:00,55.1
10/07/2010 09:00,61.5
10/07/2010 10:00,56.4
10/07/2010 11:00,49.1
10/07/2010 12:00,45.6
10/07/2010 13:00,41.3
10/07/2010 14:00,40.4
10/07/2010 15:00,39.9
10/07/2010 16:00,47.9
10/07/2010 17:00,51
10/07/2010 18:00,49.3
10/07/2010 19:00,43.1
10/07/2010 20:00,17.8
10/07/2010 21:00,11.2
10/07/2010 22:00,25.2
10/07/2010 23:00,25.3
10/08/2010 00:00,12.2
10/08/2010 01:00,7.9
10/08/2010 02:00,7.8
10/08/2010 03:00,8.1
10/08/2010 04:00,15.1
10/08/2010 05:00,44.5
10/08/2010 06:00,46.5
10/08/2010 07:00,39.1
10/08/2010 08:00,50.3
10/08/2010 09:00,55.9
10/08/2010 10:00,51.6
10/08/2010 11:00,43.6
10/08/2010 12:00,41.3
10/08/2010 13:00,42.3
10/08/2010 14:00,43
10/08/2010 15:00,43.2
10/08/2010 16:00,45.7
10/08/2010 17:00,45.9
10/08/2010 18:00,43
10/08/2010 19:00,20.9
10/08/2010 20:00,8.5
10/08/2010 21:00,8
10/08/2010 22:00,8.2
10/08/2010 23:00,12.5
10/09/2010 00:00,25.8
10/09/2010 01:00,11.7
10/09/2010 02:00,7.7
10/09/2010 03:00,8.2
10/09/2010 04:00,7.9
10/09/2010 05:00,13.1
10/09/2010 06:00,42
10/09/2010 07:00,53.8
10/09/2010 08:00,60.5
10/09/2010 09:00,59.9
10/09/2010 10:00,47.3
10/09/2010 11:00,41.6
10/09/2010 12:00,40.7
10/09/2010 13:00,41.5
10/09/2010 14:00,41.9
10/09/2010 15:00,49.2
10/09/2010 16:00,41.4
10/09/2010 17:00,15.6
10/09/2010 18:00,8.4
10/09/2010 19:00,8.6
10/09/2010 20:00,8.5
10/09/2010 21:00,8.1
10/09/2010 22:00,20
10/09/2010 23:00,25.4
10/10/2010 00:00,24.3
10/10/2010 01:00,23.8
10/10/2010 02:00,21.8
10/10/2010 03:00,7.8
10/10/2010 04:00,8
10/10/2010 05:00,9.3
10/10/2010 06:00,12.8
10/10/2010 07:00,42.3
10/10/2010 08:00,52.9
10/10/2010 09:00,55.7
10/10/2010 10:00,47
10/10/2010 11:00,42.5
10/10/2010 12:00,43.3
10/10/2010 13:00,43
10/10/2010 14:00,43.6
10/10/2010 15:00,45.6
10/10/2010 16:00,30.6
10/10/2010 17:00,12.9
10/10/2010 18:00,8.2
10/10/2010 19:00,8.5
10/10/2010 20:00,8.3
10/10/2010 21:00,8.1
10/10/2010 22:00,11.5
10/10/2010 23:00,24.7
10/11/2010 00:00,17.4
10/11/2010 01:00,7.7
10/11/2010 02:00,8
10/11/2010 03:00,7.8
10/11/2010 04:00,14.1
10/11/2010 05:00,42.7
10/11/2010 06:00,45.3
10/11/2010 07:00,44.6
10/11/2010 08:00,57.6
10/11/2010 09:00,61
10/11/2010 10:00,47.8
10/11/2010 11:00,44.6
10/11/2010 12:00,43.9
10/11/2010 13:00,42.1
10/11/2010 14:00,44.1
10/11/2010 15:00,42.8
10/11/2010 16:00,52.3
10/11/2010 17:00,62.8
10/11/2010 18:00,63.9
10/11/2010 19:00,48.3
10/11/2010 20:00,35.7
10/11/2010 21:00,23.7
10/11/2010 22:00,24
10/11/2010 23:00,24.2
10/12/2010 00:00,25
10/12/2010 01:00,14.4
10/12/2010 02:00,7.8
10/12/2010 03:00,8.1
10/12/2010 04:00,13.7
10/12/2010 05:00,46.2
10/12/2010 06:00,46.7
10/12/2010 07:00,45.2
10/12/2010 08:00,52.9
10/12/2010 09:00,55.6
10/12/2010 10:00,50.7
10/12/2010 11:00,44.7
10/12/2010 12:00,43.4
10/12/2010 13:00,44.9
10/12/2010 14:00,45.8
10/12/2010 15:00,46.6
10/12/2010 16:00,49.9
10/12/2010 17:00,56.5
10/12/2010 18:00,63.1
10/12/2010 19:00,54.1
10/12/2010 20:00,34.7
10/12/2010 21:00,8.3
10/12/2010 22:00,8.1
10/12/2010 23:00,22
10/13/2010 0:00,26.5
10/13/2010 1:00,25
10/13/2010 2:00,24.2
10/13/2010 3:00,24.3
10/13/2010 4:00,33.2
10/13/2010 5:00,45
10/13/2010 6:00,47.9
10/13/2010 7:00,44.4
10/13/2010 8:00,56.7
10/13/2010 9:00,63.1
10/13/2010 10:00,57.8
10/13/2010 11:00,47.8
10/13/2010 12:00,47.8
10/13/2010 13:00,51.4
10/13/2010 14:00,49.2
10/13/2010 15:00,47
10/13/2010 16:00,56
10/13/2010 17:00,61.6
10/13/2010 18:00,57.8
10/13/2010 19:00,48.6
10/13/2010 20:00,37.9
10/13/2010 21:00,8.1
10/13/2010 22:00,8.2
10/13/2010 23:00,20.4
10/14/2010 0:00,25.2
10/14/2010 1:00,11
10/14/2010 2:00,8.3
10/14/2010 3:00,8.2
10/14/2010 4:00,15.4
10/14/2010 5:00,46.1
10/14/2010 6:00,48.6
10/14/2010 7:00,50.4
10/14/2010 8:00,63.9
10/14/2010 9:00,72
10/14/2010 10:00,68.1
10/14/2010 11:00,55.2
10/14/2010 12:00,52.7
10/14/2010 13:00,53.5
10/14/2010 14:00,51.6
10/14/2010 15:00,51.1
10/14/2010 16:00,61.3
10/14/2010 17:00,65.3
10/14/2010 18:00,58.3
10/14/2010 19:00,49
10/14/2010 20:00,17
10/14/2010 21:00,7.4
10/14/2010 22:00,23
10/14/2010 23:00,21.6
10/15/2010 0:00,21.2
10/15/2010 1:00,20.5
10/15/2010 2:00,20.3
10/15/2010 3:00,20.7
10/15/2010 4:00,41.5
10/15/2010 5:00,60.2
10/15/2010 6:00,58.3
10/15/2010 7:00,46.3
10/15/2010 8:00,61.3
10/15/2010 9:00,69
10/15/2010 10:00,58.1
10/15/2010 11:00,49.7
10/15/2010 12:00,44
10/15/2010 13:00,44
10/15/2010 14:00,46.6
10/15/2010 15:00,44.5
10/15/2010 16:00,51.7
10/15/2010 17:00,50.1
10/15/2010 18:00,50.2
10/15/2010 19:00,20.5
10/15/2010 20:00,5.4
10/15/2010 21:00,5.2
10/15/2010 22:00,4.9
10/15/2010 23:00,9
10/16/2010 0:00,23
10/16/2010 1:00,10.5
10/16/2010 2:00,4.8
10/16/2010 3:00,4.8
10/16/2010 4:00,4.8
10/16/2010 5:00,13.3
10/16/2010 6:00,38.8
10/16/2010 7:00,48.9
10/16/2010 8:00,57.4
10/16/2010 9:00,56.6
10/16/2010 10:00,46.2
10/16/2010 11:00,40.5
10/16/2010 12:00,40.6
10/16/2010 13:00,38.9
10/16/2010 14:00,42.8
10/16/2010 15:00,46.8
10/16/2010 16:00,34.6
10/16/2010 17:00,11.6
10/16/2010 18:00,5.3
10/16/2010 19:00,5.3
10/16/2010 20:00,5.2
10/16/2010 21:00,5
10/16/2010 22:00,4.8
10/16/2010 23:00,13.5
10/17/2010 0:00,17
10/17/2010 1:00,4.8
10/17/2010 2:00,4.8
10/17/2010 3:00,5
10/17/2010 4:00,4.8
10/17/2010 5:00,5.9
10/17/2010 6:00,9.7
10/17/2010 7:00,42.3
10/17/2010 8:00,51.4
10/17/2010 9:00,48.6
10/17/2010 10:00,44.5
10/17/2010 11:00,41.6
10/17/2010 12:00,41
10/17/2010 13:00,43.7
10/17/2010 14:00,43
10/17/2010 15:00,42.8
10/17/2010 16:00,28.4
10/17/2010 17:00,10
10/17/2010 18:00,5.3
10/17/2010 19:00,5.3
10/17/2010 20:00,5.4
10/17/2010 21:00,5
10/17/2010 22:00,5
10/17/2010 23:00,4.8
10/18/2010 0:00,9.3
10/18/2010 1:00,4.8
10/18/2010 2:00,16.1
10/18/2010 3:00,17.6
10/18/2010 4:00,12.1
10/18/2010 5:00,36.6
10/18/2010 6:00,38.1
10/18/2010 7:00,42
10/18/2010 8:00,57.9
10/18/2010 9:00,60.5
10/18/2010 10:00,47.1
10/18/2010 11:00,45.2
10/18/2010 12:00,43
10/18/2010 13:00,41.7
10/18/2010 14:00,43.2
10/18/2010 15:00,46.5
10/18/2010 16:00,52.1
10/18/2010 17:00,56.8
10/18/2010 18:00,57.5
10/18/2010 19:00,47.7
10/18/2010 20:00,29.6
10/18/2010 21:00,5.2
10/18/2010 22:00,4.9
10/18/2010 23:00,16.8
10/19/2010 0:00,22.5
10/19/2010 1:00,6.5
10/19/2010 2:00,5
10/19/2010 3:00,4.8
10/19/2010 4:00,14.9
10/19/2010 5:00,44.6
10/19/2010 6:00,44.8
10/19/2010 7:00,40.9
10/19/2010 8:00,47.3
10/19/2010 9:00,48.1
10/19/2010 10:00,47.1
10/19/2010 11:00,40
10/19/2010 12:00,38.6
10/19/2010 13:00,37.2
10/19/2010 14:00,38.3
10/19/2010 15:00,40.4
10/19/2010 16:00,45.1
10/19/2010 17:00,51
10/19/2010 18:00,51
10/19/2010 19:00,44.7
10/19/2010 20:00,32.8
10/19/2010 21:00,5.1
10/19/2010 22:00,4.9
10/19/2010 23:00,17.3
10/20/2010 0:00,22.8
10/20/2010 1:00,8.5
10/20/2010 2:00,5
10/20/2010 3:00,4.9
10/20/2010 4:00,11.4
10/20/2010 5:00,39.3
10/20/2010 6:00,38.6
10/20/2010 7:00,42.4
10/20/2010 8:00,56.3
10/20/2010 9:00,56.3
10/20/2010 10:00,54.3
10/20/2010 11:00,44.2
10/20/2010 12:00,44.5
10/20/2010 13:00,43.1
10/20/2010 14:00,42
10/20/2010 15:00,43.9
10/20/2010 16:00,49.2
10/20/2010 17:00,55.7
10/20/2010 18:00,50.5
10/20/2010 19:00,40.3
10/20/2010 20:00,31.7
10/20/2010 21:00,5.2
10/20/2010 22:00,4.8
10/20/2010 23:00,18.1
10/21/2010 0:00,22.4
10/21/2010 1:00,6.9
10/21/2010 2:00,4.9
10/21/2010 3:00,4.9
10/21/2010 4:00,10.2
10/21/2010 5:00,39.1
10/21/2010 6:00,40.3
10/21/2010 7:00,44.2
10/21/2010 8:00,57.4
10/21/2010 9:00,58.6
10/21/2010 10:00,54.2
10/21/2010 11:00,46.7
10/21/2010 12:00,44.7
10/21/2010 13:00,44.1
10/21/2010 14:00,45.3
10/21/2010 15:00,43.9
10/21/2010 16:00,49.2
10/21/2010 17:00,54.8
10/21/2010 18:00,47.7
10/21/2010 19:00,43.8
10/21/2010 20:00,15.7
10/21/2010 21:00,5.1
10/21/2010 22:00,15.1
10/21/2010 23:00,22.5
10/22/2010 0:00,14.9
10/22/2010 1:00,4.9
10/22/2010 2:00,4.8
10/22/2010 3:00,4.9
10/22/2010 4:00,14.3
10/22/2010 5:00,46.3
10/22/2010 6:00,47.8
10/22/2010 7:00,44.3
10/22/2010 8:00,60
10/22/2010 9:00,67.1
10/22/2010 10:00,58.2
10/22/2010 11:00,48.2
10/22/2010 12:00,45.2
10/22/2010 13:00,46.6
10/22/2010 14:00,47.1
10/22/2010 15:00,45.8
10/22/2010 16:00,48.6
10/22/2010 17:00,49
10/22/2010 18:00,44.4
10/22/2010 19:00,18.5
10/22/2010 20:00,5.5
10/22/2010 21:00,5.1
10/22/2010 22:00,4.9
10/22/2010 23:00,6.8
10/23/2010 0:00,22.8
10/23/2010 1:00,12.6
10/23/2010 2:00,4.9
10/23/2010 3:00,5
10/23/2010 4:00,4.8
10/23/2010 5:00,12.7
10/23/2010 6:00,44.1
10/23/2010 7:00,68.8
10/23/2010 8:00,77.2
10/23/2010 9:00,81.8
10/23/2010 10:00,58
10/23/2010 11:00,53.7
10/23/2010 12:00,48.1
10/23/2010 13:00,47
10/23/2010 14:00,46.7
10/23/2010 15:00,52.5
10/23/2010 16:00,42.2
10/23/2010 17:00,12.5
10/23/2010 18:00,5.4
10/23/2010 19:00,5.4
10/23/2010 20:00,5.4
10/23/2010 21:00,5.1
10/23/2010 22:00,14
10/23/2010 23:00,21.9
10/24/2010 0:00,17.1
10/24/2010 1:00,5
10/24/2010 2:00,4.9
10/24/2010 3:00,5.1
10/24/2010 4:00,4.8
10/24/2010 5:00,6.1
10/24/2010 6:00,9.9
10/24/2010 7:00,39.4
10/24/2010 8:00,49.7
10/24/2010 9:00,50.6
10/24/2010 10:00,42.8
10/24/2010 11:00,39.1
10/24/2010 12:00,39.1
10/24/2010 13:00,40.6
10/24/2010 14:00,40.5
10/24/2010 15:00,42.4
10/24/2010 16:00,25.5
10/24/2010 17:00,9.8
10/24/2010 18:00,5.2
10/24/2010 19:00,5.3
10/24/2010 20:00,5.2
10/24/2010 21:00,5.1
10/24/2010 22:00,4.7
10/24/2010 23:00,14.7
10/25/2010 0:00,18.6
10/25/2010 1:00,4.7
10/25/2010 2:00,4.9
10/25/2010 3:00,4.8
10/25/2010 4:00,13.6
10/25/2010 5:00,38.5
10/25/2010 6:00,41.4
10/25/2010 7:00,40.5
10/25/2010 8:00,53
10/25/2010 9:00,59.3
10/25/2010 10:00,47.3
10/25/2010 11:00,43.9
10/25/2010 12:00,41.7
10/25/2010 13:00,42.9
10/25/2010 14:00,44.3
10/25/2010 15:00,44.9
10/25/2010 16:00,51.8
10/25/2010 17:00,56.9
10/25/2010 18:00,57.6
10/25/2010 19:00,44
10/25/2010 20:00,31
10/25/2010 21:00,5
10/25/2010 22:00,4.9
10/25/2010 23:00,20.5
10/26/2010 0:00,22.1
10/26/2010 1:00,4.9
10/26/2010 2:00,4.7
10/26/2010 3:00,4.9
10/26/2010 4:00,11.9
10/26/2010 5:00,42.8
10/26/2010 6:00,44.9
10/26/2010 7:00,45.8
10/26/2010 8:00,57.4
10/26/2010 9:00,58.2
10/26/2010 10:00,53.8
10/26/2010 11:00,47.8
10/26/2010 12:00,47.3
10/26/2010 13:00,46.1
10/26/2010 14:00,46.5
10/26/2010 15:00,47.7
10/26/2010 16:00,48.7
10/26/2010 17:00,54.8
10/26/2010 18:00,60.7
10/26/2010 19:00,50.8
10/26/2010 20:00,35.3
10/26/2010 21:00,5.3
10/26/2010 22:00,4.9
10/26/2010 23:00,16.1
10/27/2010 0:00,22.6
10/27/2010 1:00,10.5
10/27/2010 2:00,5
10/27/2010 3:00,5
10/27/2010 4:00,12
10/27/2010 5:00,39.9
10/27/2010 6:00,49
10/27/2010 7:00,47.2
10/27/2010 8:00,65.5
10/27/2010 9:00,67
10/27/2010 10:00,58.6
10/27/2010 11:00,46.9
10/27/2010 12:00,46.4
10/27/2010 13:00,46.7
10/27/2010 14:00,43.1
10/27/2010 15:00,44.8
10/27/2010 16:00,50.3
10/27/2010 17:00,55.5
10/27/2010 18:00,53
10/27/2010 19:00,44.5
10/27/2010 20:00,31.5
10/27/2010 21:00,5.2
10/27/2010 22:00,4.7
10/27/2010 23:00,21.2
10/28/2010 0:00,22.1
10/28/2010 1:00,6.2
10/28/2010 2:00,4.9
10/28/2010 3:00,4.8
10/28/2010 4:00,12.5
10/28/2010 5:00,42.4
10/28/2010 6:00,48.4
10/28/2010 7:00,42
10/28/2010 8:00,52.5
10/28/2010 9:00,56.2
10/28/2010 10:00,54.7
10/28/2010 11:00,45.5
10/28/2010 12:00,43.5
10/28/2010 13:00,44.9
10/28/2010 14:00,43.9
10/28/2010 15:00,45.1
10/28/2010 16:00,49.9
10/28/2010 17:00,52.9
10/28/2010 18:00,47.2
10/28/2010 19:00,43.9
10/28/2010 20:00,16.2
10/28/2010 21:00,5.1
10/28/2010 22:00,20
10/28/2010 23:00,22.2
10/29/2010 0:00,14
10/29/2010 1:00,4.8
10/29/2010 2:00,4.8
10/29/2010 3:00,4.8
10/29/2010 4:00,14
10/29/2010 5:00,46.6
10/29/2010 6:00,47.5
10/29/2010 7:00,38.7
10/29/2010 8:00,54.1
10/29/2010 9:00,59.6
10/29/2010 10:00,55.2
10/29/2010 11:00,45.2
10/29/2010 12:00,41.6
10/29/2010 13:00,42.4
10/29/2010 14:00,44.7
10/29/2010 15:00,44.5
10/29/2010 16:00,48.8
10/29/2010 17:00,49.2
10/29/2010 18:00,44.8
10/29/2010 19:00,20.6
10/29/2010 20:00,5.4
10/29/2010 21:00,5.2
10/29/2010 22:00,4.7
10/29/2010 23:00,7.6
10/30/2010 0:00,22.8
10/30/2010 1:00,10.5
10/30/2010 2:00,4.9
10/30/2010 3:00,4.9
10/30/2010 4:00,4.9
10/30/2010 5:00,12.6
10/30/2010 6:00,49.8
10/30/2010 7:00,67.3
10/30/2010 8:00,74
10/30/2010 9:00,76.8
10/30/2010 10:00,54.5
10/30/2010 11:00,50.2
10/30/2010 12:00,48.6
10/30/2010 13:00,48.8
10/30/2010 14:00,48.1
10/30/2010 15:00,56.1
10/30/2010 16:00,41.8
10/30/2010 17:00,13
10/30/2010 18:00,5.6
10/30/2010 19:00,5.4
10/30/2010 20:00,5.5
10/30/2010 21:00,5.3
10/30/2010 22:00,4.9
10/30/2010 23:00,19.5
10/31/2010 0:00,22.1
10/31/2010 1:00,5.1
10/31/2010 2:00,4.9
10/31/2010 3:00,5
10/31/2010 4:00,5
10/31/2010 5:00,6.2
10/31/2010 6:00,9.5
10/31/2010 7:00,51
10/31/2010 8:00,65.1
10/31/2010 9:00,60.2
10/31/2010 10:00,50.3
10/31/2010 11:00,47.7
10/31/2010 12:00,50.9
10/31/2010 13:00,49
10/31/2010 14:00,52
10/31/2010 15:00,51.4
10/31/2010 16:00,30.2
10/31/2010 17:00,10.1
10/31/2010 18:00,5.3
10/31/2010 19:00,5.5
10/31/2010 20:00,5.4
10/31/2010 21:00,5.1
10/31/2010 22:00,5.1
10/31/2010 23:00,14.1
11/01/2010 00:00,22
11/01/2010 01:00,5.5
11/01/2010 02:00,5.1
11/01/2010 03:00,5
11/01/2010 04:00,18.5
11/01/2010 05:00,46.6
11/01/2010 06:00,47.4
11/01/2010 07:00,46.4
11/01/2010 08:00,59.9
11/01/2010 09:00,65.1
11/01/2010 10:00,50.4
11/01/2010 11:00,44
11/01/2010 12:00,42.8
11/01/2010 13:00,44.1
11/01/2010 14:00,43.2
11/01/2010 15:00,43.7
11/01/2010 16:00,53.1
11/01/2010 17:00,59
11/01/2010 18:00,63.2
11/01/2010 19:00,49.7
11/01/2010 20:00,33.7
11/01/2010 21:00,5.1
11/01/2010 22:00,4.9
11/01/2010 23:00,15.3
11/02/2010 00:00,22.6
11/02/2010 01:00,6.8
11/02/2010 02:00,4.8
11/02/2010 03:00,4.9
11/02/2010 04:00,13.1
11/02/2010 05:00,40.6
11/02/2010 06:00,41.9
11/02/2010 07:00,40.5
11/02/2010 08:00,48.1
11/02/2010 09:00,48.9
11/02/2010 10:00,48.5
11/02/2010 11:00,41.7
11/02/2010 12:00,39.3
11/02/2010 13:00,40.9
11/02/2010 14:00,40
11/02/2010 15:00,39.6
11/02/2010 16:00,43.3
11/02/2010 17:00,48.2
11/02/2010 18:00,52
11/02/2010 19:00,46.5
11/02/2010 20:00,31.9
11/02/2010 21:00,5.2
11/02/2010 22:00,4.7
11/02/2010 23:00,17.3
11/03/2010 00:00,22
11/03/2010 01:00,5.6
11/03/2010 02:00,5
11/03/2010 03:00,4.8
11/03/2010 04:00,12.2
11/03/2010 05:00,37.4
11/03/2010 06:00,41.1
11/03/2010 07:00,42.4
11/03/2010 08:00,58.1
11/03/2010 09:00,60.4
11/03/2010 10:00,55.8
11/03/2010 11:00,47.2
11/03/2010 12:00,43.4
11/03/2010 13:00,43.5
11/03/2010 14:00,42.6
11/03/2010 15:00,44.7
11/03/2010 16:00,49.7
11/03/2010 17:00,53.9
11/03/2010 18:00,50.7
11/03/2010 19:00,43.8
11/03/2010 20:00,30.9
11/03/2010 21:00,5.1
11/03/2010 22:00,9.8
11/03/2010 23:00,22.7
11/04/2010 00:00,13.1
11/04/2010 01:00,4.9
11/04/2010 02:00,4.8
11/04/2010 03:00,4.9
11/04/2010 04:00,10.3
11/04/2010 05:00,41.5
11/04/2010 06:00,41.2
11/04/2010 07:00,40.7
11/04/2010 08:00,48.7
11/04/2010 09:00,51.2
11/04/2010 10:00,46.5
11/04/2010 11:00,43.1
11/04/2010 12:00,35.9
11/04/2010 13:00,41.3
11/04/2010 14:00,38.1
11/04/2010 15:00,43.7
11/04/2010 16:00,47.5
11/04/2010 17:00,50.2
11/04/2010 18:00,46.6
11/04/2010 19:00,37.7
11/04/2010 20:00,13.9
11/04/2010 21:00,7.4
11/04/2010 22:00,22.4
11/04/2010 23:00,22.6
11/05/2010 00:00,9.4
11/05/2010 01:00,4.8
11/05/2010 02:00,4.8
11/05/2010 03:00,4.8
11/05/2010 04:00,11.9
11/05/2010 05:00,44.4
11/05/2010 06:00,42
11/05/2010 07:00,35.8
11/05/2010 08:00,49.5
11/05/2010 09:00,54.3
11/05/2010 10:00,50.1
11/05/2010 11:00,42.7
11/05/2010 12:00,39.5
11/05/2010 13:00,36.3
11/05/2010 14:00,38.1
11/05/2010 15:00,40.5
11/05/2010 16:00,44.7
11/05/2010 17:00,44.1
11/05/2010 18:00,37.1
11/05/2010 19:00,19.5
11/05/2010 20:00,5.4
11/05/2010 21:00,5.1
11/05/2010 22:00,4.7
11/05/2010 23:00,5.5
11/06/2010 00:00,22.8
11/06/2010 01:00,15.6
11/06/2010 02:00,4.9
11/06/2010 03:00,4.9
11/06/2010 04:00,4.8
11/06/2010 05:00,11.4
11/06/2010 06:00,35.6
11/06/2010 07:00,50.8
11/06/2010 08:00,57.1
11/06/2010 09:00,60.6
11/06/2010 10:00,44.2
11/06/2010 11:00,37.1
11/06/2010 12:00,36.9
11/06/2010 13:00,35.6
11/06/2010 14:00,42.6
11/06/2010 15:00,46.5
11/06/2010 16:00,36.3
11/06/2010 17:00,11.6
11/06/2010 18:00,5.2
11/06/2010 19:00,5.3
11/06/2010 20:00,5.2
11/06/2010 21:00,5.1
11/06/2010 22:00,4.8
11/06/2010 23:00,11.9
11/07/2010 00:00,22.5
11/07/2010 01:00,12.1
11/07/2010 02:00,4.8
11/07/2010 03:00,4.8
11/07/2010 04:00,4.7
11/07/2010 05:00,6
11/07/2010 06:00,9.5
11/07/2010 07:00,40.6
11/07/2010 08:00,52.9
11/07/2010 09:00,52.3
11/07/2010 10:00,42.2
11/07/2010 11:00,39.2
11/07/2010 12:00,39.3
11/07/2010 13:00,40
11/07/2010 14:00,43.1
11/07/2010 15:00,43.5
11/07/2010 16:00,28.3
11/07/2010 17:00,10
11/07/2010 18:00,5.3
11/07/2010 19:00,5.3
11/07/2010 20:00,5.2
11/07/2010 21:00,5
11/07/2010 22:00,4.9
11/07/2010 23:00,17.5
11/08/2010 00:00,21.8
11/08/2010 01:00,4.9
11/08/2010 02:00,4.9
11/08/2010 03:00,4.8
11/08/2010 04:00,9.2
11/08/2010 05:00,42.8
11/08/2010 06:00,45.1
11/08/2010 07:00,47.3
11/08/2010 08:00,68.9
11/08/2010 09:00,75.5
11/08/2010 10:00,55
11/08/2010 11:00,51
11/08/2010 12:00,47.9
11/08/2010 13:00,48.1
11/08/2010 14:00,45.8
11/08/2010 15:00,46.5
11/08/2010 16:00,57.9
11/08/2010 17:00,67.9
11/08/2010 18:00,70.3
11/08/2010 19:00,54
11/08/2010 20:00,34.3
11/08/2010 21:00,5.1
11/08/2010 22:00,4.8
11/08/2010 23:00,17.6
11/09/2010 00:00,23.2
11/09/2010 01:00,12
11/09/2010 02:00,4.9
11/09/2010 03:00,4.9
11/09/2010 04:00,12.6
11/09/2010 05:00,48.6
11/09/2010 06:00,52.3
11/09/2010 07:00,49.4
11/09/2010 08:00,58.4
11/09/2010 09:00,64.2
11/09/2010 10:00,58.2
11/09/2010 11:00,50.4
11/09/2010 12:00,48
11/09/2010 13:00,46.4
11/09/2010 14:00,45
11/09/2010 15:00,46.4
11/09/2010 16:00,51.7
11/09/2010 17:00,59.4
11/09/2010 18:00,66.6
11/09/2010 19:00,57.4
11/09/2010 20:00,35.6
11/09/2010 21:00,5.2
11/09/2010 22:00,6.4
11/09/2010 23:00,22.4
11/10/2010 00:00,21.8
11/10/2010 01:00,4.9
11/10/2010 02:00,5
11/10/2010 03:00,5
11/10/2010 04:00,17.4
11/10/2010 05:00,47.8
11/10/2010 06:00,50.9
11/10/2010 07:00,46.5
11/10/2010 08:00,66.9
11/10/2010 09:00,70.9
11/10/2010 10:00,69.2
11/10/2010 11:00,53.9
11/10/2010 12:00,51.1
11/10/2010 13:00,50.7
11/10/2010 14:00,51.4
11/10/2010 15:00,51
11/10/2010 16:00,56.4
11/10/2010 17:00,64.4
11/10/2010 18:00,59
11/10/2010 19:00,48.6
11/10/2010 20:00,35.6
11/10/2010 21:00,5.1
11/10/2010 22:00,7.8
11/10/2010 23:00,22.1
11/11/2010 00:00,22.1
11/11/2010 01:00,5.1
11/11/2010 02:00,4.9
11/11/2010 03:00,5.1
11/11/2010 04:00,19.2
11/11/2010 05:00,52.3
11/11/2010 06:00,51.9
11/11/2010 07:00,48.7
11/11/2010 08:00,66
11/11/2010 09:00,69.8
11/11/2010 10:00,61.3
11/11/2010 11:00,53.5
11/11/2010 12:00,50
11/11/2010 13:00,50.5
11/11/2010 14:00,49.9
11/11/2010 15:00,49.8
11/11/2010 16:00,62
11/11/2010 17:00,68.4
11/11/2010 18:00,62.9
11/11/2010 19:00,52
11/11/2010 20:00,19
11/11/2010 21:00,5.1
11/11/2010 22:00,14.9
11/11/2010 23:00,22.7
11/12/2010 00:00,22.2
11/12/2010 01:00,7.1
11/12/2010 02:00,5.1
11/12/2010 03:00,4.9
11/12/2010 04:00,21.8
11/12/2010 05:00,58.8
11/12/2010 06:00,60.9
11/12/2010 07:00,51.8
11/12/2010 08:00,75.9
11/12/2010 09:00,84.7
11/12/2010 10:00,69.2
11/12/2010 11:00,58
11/12/2010 12:00,52.6
11/12/2010 13:00,52.7
11/12/2010 14:00,52.1
11/12/2010 15:00,52.2
11/12/2010 16:00,55.3
11/12/2010 17:00,56.1
11/12/2010 18:00,54.1
11/12/2010 19:00,20.9
11/12/2010 20:00,5.5
11/12/2010 21:00,5.1
11/12/2010 22:00,4.9
11/12/2010 23:00,6.7
11/13/2010 0:00,22.9
11/13/2010 1:00,13.3
11/13/2010 2:00,4.9
11/13/2010 3:00,5
11/13/2010 4:00,4.9
11/13/2010 5:00,21.9
11/13/2010 6:00,58.9
11/13/2010 7:00,78.5
11/13/2010 8:00,90.9
11/13/2010 9:00,89.8
11/13/2010 10:00,66.5
11/13/2010 11:00,58.6
11/13/2010 12:00,55.6
11/13/2010 13:00,56.3
11/13/2010 14:00,54.3
11/13/2010 15:00,64.3
11/13/2010 16:00,46.3
11/13/2010 17:00,12.1
11/13/2010 18:00,5.4
11/13/2010 19:00,5.5
11/13/2010 20:00,5.4
11/13/2010 21:00,5.2
11/13/2010 22:00,9.7
11/13/2010 23:00,21.6
11/14/2010 0:00,15.5
11/14/2010 1:00,4.9
11/14/2010 2:00,4.9
11/14/2010 3:00,5
11/14/2010 4:00,5.1
11/14/2010 5:00,5.4
11/14/2010 6:00,8.9
11/14/2010 7:00,62.8
11/14/2010 8:00,81.8
11/14/2010 9:00,80.4
11/14/2010 10:00,63.9
11/14/2010 11:00,58.8
11/14/2010 12:00,58.8
11/14/2010 13:00,57.2
11/14/2010 14:00,54.9
11/14/2010 15:00,56.9
11/14/2010 16:00,31.6
11/14/2010 17:00,10.2
11/14/2010 18:00,5.4
11/14/2010 19:00,5.4
11/14/2010 20:00,5.4
11/14/2010 21:00,5.3
11/14/2010 22:00,4.9
11/14/2010 23:00,7.9
11/15/2010 0:00,22.9
11/15/2010 1:00,6
11/15/2010 2:00,5.1
11/15/2010 3:00,5.1
11/15/2010 4:00,24.7
11/15/2010 5:00,61.2
11/15/2010 6:00,61.7
11/15/2010 7:00,57.1
11/15/2010 8:00,74.4
11/15/2010 9:00,77.2
11/15/2010 10:00,59.2
11/15/2010 11:00,54.3
11/15/2010 12:00,50.9
11/15/2010 13:00,49.1
11/15/2010 14:00,46.7
11/15/2010 15:00,49.9
11/15/2010 16:00,61.6
11/15/2010 17:00,72.3
11/15/2010 18:00,73.3
11/15/2010 19:00,54.2
11/15/2010 20:00,37.9
11/15/2010 21:00,5.1
11/15/2010 22:00,4.9
11/15/2010 23:00,17
11/16/2010 0:00,22.8
11/16/2010 1:00,6.1
11/16/2010 2:00,5
11/16/2010 3:00,5
11/16/2010 4:00,20.1
11/16/2010 5:00,54.4
11/16/2010 6:00,51.9
11/16/2010 7:00,48.5
11/16/2010 8:00,60.8
11/16/2010 9:00,61.7
11/16/2010 10:00,60.2
11/16/2010 11:00,54.1
11/16/2010 12:00,51.2
11/16/2010 13:00,50
11/16/2010 14:00,50.5
11/16/2010 15:00,50
11/16/2010 16:00,51.9
11/16/2010 17:00,60.6
11/16/2010 18:00,60.9
11/16/2010 19:00,51.8
11/16/2010 20:00,34.1
11/16/2010 21:00,5.2
11/16/2010 22:00,4.9
11/16/2010 23:00,16.8
11/17/2010 0:00,22.2
11/17/2010 1:00,6.8
11/17/2010 2:00,5
11/17/2010 3:00,4.9
11/17/2010 4:00,17.9
11/17/2010 5:00,46
11/17/2010 6:00,47.7
11/17/2010 7:00,44.2
11/17/2010 8:00,54.9
11/17/2010 9:00,59.6
11/17/2010 10:00,57.7
11/17/2010 11:00,47.9
11/17/2010 12:00,46.1
11/17/2010 13:00,46.8
11/17/2010 14:00,45.3
11/17/2010 15:00,46.3
11/17/2010 16:00,53.8
11/17/2010 17:00,60.2
11/17/2010 18:00,55.4
11/17/2010 19:00,46.6
11/17/2010 20:00,34.5
11/17/2010 21:00,5.1
11/17/2010 22:00,13.4
11/17/2010 23:00,22.8
11/18/2010 0:00,9.3
11/18/2010 1:00,4.8
11/18/2010 2:00,4.8
11/18/2010 3:00,4.9
11/18/2010 4:00,15.7
11/18/2010 5:00,47
11/18/2010 6:00,50.7
11/18/2010 7:00,46.5
11/18/2010 8:00,65.4
11/18/2010 9:00,67
11/18/2010 10:00,59.9
11/18/2010 11:00,50.9
11/18/2010 12:00,47.9
11/18/2010 13:00,47
11/18/2010 14:00,46.7
11/18/2010 15:00,48.8
11/18/2010 16:00,55.1
11/18/2010 17:00,59.7
11/18/2010 18:00,56.5
11/18/2010 19:00,47.4
11/18/2010 20:00,16.7
11/18/2010 21:00,5.1
11/18/2010 22:00,14.9
11/18/2010 23:00,22.7
11/19/2010 0:00,15.2
11/19/2010 1:00,4.9
11/19/2010 2:00,4.8
11/19/2010 3:00,5
11/19/2010 4:00,19.4
11/19/2010 5:00,49.6
11/19/2010 6:00,48.6
11/19/2010 7:00,43.4
11/19/2010 8:00,55
11/19/2010 9:00,61.9
11/19/2010 10:00,56
11/19/2010 11:00,47.5
11/19/2010 12:00,41.2
11/19/2010 13:00,39.9
11/19/2010 14:00,40.3
11/19/2010 15:00,42.8
11/19/2010 16:00,47.5
11/19/2010 17:00,46.6
11/19/2010 18:00,42.6
11/19/2010 19:00,22
11/19/2010 20:00,5.2
11/19/2010 21:00,5.1
11/19/2010 22:00,5
11/19/2010 23:00,4.8
11/20/2010 0:00,22.4
11/20/2010 1:00,13.2
11/20/2010 2:00,4.9
11/20/2010 3:00,4.9
11/20/2010 4:00,4.8
11/20/2010 5:00,12.3
11/20/2010 6:00,45.4
11/20/2010 7:00,62.1
11/20/2010 8:00,68.1
11/20/2010 9:00,67.7
11/20/2010 10:00,51
11/20/2010 11:00,45.8
11/20/2010 12:00,44.3
11/20/2010 13:00,45.8
11/20/2010 14:00,44.9
11/20/2010 15:00,53.5
11/20/2010 16:00,39.8
11/20/2010 17:00,12.4
11/20/2010 18:00,6.2
11/20/2010 19:00,6.1
11/20/2010 20:00,6.2
11/20/2010 21:00,6
11/20/2010 22:00,5.6
11/20/2010 23:00,12.3
11/21/2010 0:00,22
11/21/2010 1:00,5.8
11/21/2010 2:00,5.7
11/21/2010 3:00,5.8
11/21/2010 4:00,5.7
11/21/2010 5:00,6.9
11/21/2010 6:00,10.6
11/21/2010 7:00,54.4
11/21/2010 8:00,64.9
11/21/2010 9:00,57.7
11/21/2010 10:00,50.5
11/21/2010 11:00,46.4
11/21/2010 12:00,45.6
11/21/2010 13:00,46.8
11/21/2010 14:00,48.2
11/21/2010 15:00,48.7
11/21/2010 16:00,29.5
11/21/2010 17:00,10.8
11/21/2010 18:00,6.2
11/21/2010 19:00,6.1
11/21/2010 20:00,6.1
11/21/2010 21:00,6
11/21/2010 22:00,13.3
11/21/2010 23:00,22.3
11/22/2010 0:00,9.6
11/22/2010 1:00,4.8
11/22/2010 2:00,5
11/22/2010 3:00,4.8
11/22/2010 4:00,18.9
11/22/2010 5:00,43.1
11/22/2010 6:00,49.8
11/22/2010 7:00,48.8
11/22/2010 8:00,65
11/22/2010 9:00,73.2
11/22/2010 10:00,56.1
11/22/2010 11:00,52.6
11/22/2010 12:00,47.9
11/22/2010 13:00,48.7
11/22/2010 14:00,50
11/22/2010 15:00,49.8
11/22/2010 16:00,58.8
11/22/2010 17:00,66.2
11/22/2010 18:00,71
11/22/2010 19:00,51.3
11/22/2010 20:00,39.1
11/22/2010 21:00,20.3
11/22/2010 22:00,20.3
11/22/2010 23:00,20.7
11/23/2010 0:00,22.5
11/23/2010 1:00,5.8
11/23/2010 2:00,4.8
11/23/2010 3:00,4.9
11/23/2010 4:00,17.1
11/23/2010 5:00,53.4
11/23/2010 6:00,55.3
11/23/2010 7:00,49.8
11/23/2010 8:00,63.1
11/23/2010 9:00,64.4
11/23/2010 10:00,59.7
11/23/2010 11:00,50.2
11/23/2010 12:00,48.3
11/23/2010 13:00,48.3
11/23/2010 14:00,48.2
11/23/2010 15:00,50.7
11/23/2010 16:00,55.2
11/23/2010 17:00,60.9
11/23/2010 18:00,65.8
11/23/2010 19:00,53.9
11/23/2010 20:00,35.5
11/23/2010 21:00,5.1
11/23/2010 22:00,4.9
11/23/2010 23:00,18.2
11/24/2010 0:00,22.6
11/24/2010 1:00,6.8
11/24/2010 2:00,5
11/24/2010 3:00,4.9
11/24/2010 4:00,18.9
11/24/2010 5:00,47.4
11/24/2010 6:00,52
11/24/2010 7:00,52.9
11/24/2010 8:00,70.4
11/24/2010 9:00,70.6
11/24/2010 10:00,64.8
11/24/2010 11:00,53.3
11/24/2010 12:00,49.6
11/24/2010 13:00,50.5
11/24/2010 14:00,49.9
11/24/2010 15:00,51.6
11/24/2010 16:00,60
11/24/2010 17:00,67.5
11/24/2010 18:00,60.5
11/24/2010 19:00,51.2
11/24/2010 20:00,39.1
11/24/2010 21:00,21.4
11/24/2010 22:00,21.5
11/24/2010 23:00,22.7
11/25/2010 0:00,21.7
11/25/2010 1:00,5
11/25/2010 2:00,4.8
11/25/2010 3:00,4.9
11/25/2010 4:00,18
11/25/2010 5:00,51.4
11/25/2010 6:00,54.9
11/25/2010 7:00,49.5
11/25/2010 8:00,68
11/25/2010 9:00,70.9
11/25/2010 10:00,64.7
11/25/2010 11:00,52.7
11/25/2010 12:00,50.2
11/25/2010 13:00,51.1
11/25/2010 14:00,51.8
11/25/2010 15:00,51.8
11/25/2010 16:00,62.7
11/25/2010 17:00,62.5
11/25/2010 18:00,60.3
11/25/2010 19:00,48.7
11/25/2010 20:00,16.6
11/25/2010 21:00,5.1
11/25/2010 22:00,14
11/25/2010 23:00,22.5
11/26/2010 0:00,15.1
11/26/2010 1:00,4.8
11/26/2010 2:00,5.1
11/26/2010 3:00,4.9
11/26/2010 4:00,19.7
11/26/2010 5:00,60.3
11/26/2010 6:00,61.6
11/26/2010 7:00,52.1
11/26/2010 8:00,68.7
11/26/2010 9:00,76.4
11/26/2010 10:00,64.7
11/26/2010 11:00,54
11/26/2010 12:00,51.6
11/26/2010 13:00,50.5
11/26/2010 14:00,51
11/26/2010 15:00,50.7
11/26/2010 16:00,55.8
11/26/2010 17:00,55
11/26/2010 18:00,50.6
11/26/2010 19:00,21.6
11/26/2010 20:00,5.3
11/26/2010 21:00,5.1
11/26/2010 22:00,4.9
11/26/2010 23:00,8
11/27/2010 0:00,22.5
11/27/2010 1:00,12.9
11/27/2010 2:00,5
11/27/2010 3:00,5
11/27/2010 4:00,5
11/27/2010 5:00,21.5
11/27/2010 6:00,55.6
11/27/2010 7:00,75
11/27/2010 8:00,84.6
11/27/2010 9:00,79.1
11/27/2010 10:00,60.1
11/27/2010 11:00,52.7
11/27/2010 12:00,51
11/27/2010 13:00,51.3
11/27/2010 14:00,49.7
11/27/2010 15:00,61.5
11/27/2010 16:00,44.9
11/27/2010 17:00,12.1
11/27/2010 18:00,5.5
11/27/2010 19:00,5.3
11/27/2010 20:00,5.5
11/27/2010 21:00,5.1
11/27/2010 22:00,10
11/27/2010 23:00,21.7
11/28/2010 0:00,9.4
11/28/2010 1:00,5
11/28/2010 2:00,5
11/28/2010 3:00,4.9
11/28/2010 4:00,4.8
11/28/2010 5:00,5.4
11/28/2010 6:00,8.7
11/28/2010 7:00,52.5
11/28/2010 8:00,65.7
11/28/2010 9:00,58.2
11/28/2010 10:00,51.8
11/28/2010 11:00,46.7
11/28/2010 12:00,47.3
11/28/2010 13:00,51
11/28/2010 14:00,51.1
11/28/2010 15:00,53.1
11/28/2010 16:00,30.6
11/28/2010 17:00,10
11/28/2010 18:00,5.4
11/28/2010 19:00,5.3
11/28/2010 20:00,5.4
11/28/2010 21:00,5.1
11/28/2010 22:00,4.9
11/28/2010 23:00,4.9
11/29/2010 0:00,9.3
11/29/2010 1:00,5
11/29/2010 2:00,20.5
11/29/2010 3:00,13.2
11/29/2010 4:00,19.8
11/29/2010 5:00,44.3
11/29/2010 6:00,46.9
11/29/2010 7:00,46.6
11/29/2010 8:00,59
11/29/2010 9:00,64.7
11/29/2010 10:00,53.3
11/29/2010 11:00,49.1
11/29/2010 12:00,50
11/29/2010 13:00,46.1
11/29/2010 14:00,46.7
11/29/2010 15:00,47.7
11/29/2010 16:00,53.6
11/29/2010 17:00,60
11/29/2010 18:00,67.6
11/29/2010 19:00,47.2
11/29/2010 20:00,33.1
11/29/2010 21:00,5.1
11/29/2010 22:00,4.8
11/29/2010 23:00,12.7
11/30/2010 0:00,22.5
11/30/2010 1:00,5.2
11/30/2010 2:00,4.9
11/30/2010 3:00,4.8
11/30/2010 4:00,16
11/30/2010 5:00,50
11/30/2010 6:00,49.5
11/30/2010 7:00,47
11/30/2010 8:00,57.6
11/30/2010 9:00,58.2
11/30/2010 10:00,53.6
11/30/2010 11:00,46.8
11/30/2010 12:00,45.2
11/30/2010 13:00,45.3
11/30/2010 14:00,45.9
11/30/2010 15:00,45.7
11/30/2010 16:00,53.6
11/30/2010 17:00,63
11/30/2010 18:00,67.3
11/30/2010 19:00,57.2
11/30/2010 20:00,37.3
11/30/2010 21:00,5.1
11/30/2010 22:00,4.9
11/30/2010 23:00,18.1
12/01/2010 00:00,22.5
12/01/2010 01:00,7.9
12/01/2010 02:00,4.9
12/01/2010 03:00,4.9
12/01/2010 04:00,18.6
12/01/2010 05:00,44.5
12/01/2010 06:00,50.3
12/01/2010 07:00,47.4
12/01/2010 08:00,60.6
12/01/2010 09:00,55.9
12/01/2010 10:00,53.7
12/01/2010 11:00,42.8
12/01/2010 12:00,43.3
12/01/2010 13:00,44
12/01/2010 14:00,43.8
12/01/2010 15:00,42.4
12/01/2010 16:00,52
12/01/2010 17:00,58.2
12/01/2010 18:00,55.7
12/01/2010 19:00,44.3
12/01/2010 20:00,25.7
12/01/2010 21:00,6.1
12/01/2010 22:00,9.9
12/01/2010 23:00,19
12/02/2010 00:00,22.3
12/02/2010 01:00,10.8
12/02/2010 02:00,4.8
12/02/2010 03:00,4.8
12/02/2010 04:00,15.6
12/02/2010 05:00,46.5
12/02/2010 06:00,49.3
12/02/2010 07:00,46.4
12/02/2010 08:00,60.2
12/02/2010 09:00,65
12/02/2010 10:00,58.6
12/02/2010 11:00,51.6
12/02/2010 12:00,47.9
12/02/2010 13:00,48.5
12/02/2010 14:00,47.8
12/02/2010 15:00,47.9
12/02/2010 16:00,58.2
12/02/2010 17:00,60
12/02/2010 18:00,53.2
12/02/2010 19:00,42.3
12/02/2010 20:00,10.1
12/02/2010 21:00,5.2
12/02/2010 22:00,21.8
12/02/2010 23:00,22.6
12/03/2010 00:00,5.8
12/03/2010 01:00,4.8
12/03/2010 02:00,4.8
12/03/2010 03:00,4.9
12/03/2010 04:00,19.3
12/03/2010 05:00,53.9
12/03/2010 06:00,59.4
12/03/2010 07:00,48
12/03/2010 08:00,66.8
12/03/2010 09:00,76.6
12/03/2010 10:00,64.3
12/03/2010 11:00,50.7
12/03/2010 12:00,47.3
12/03/2010 13:00,47.4
12/03/2010 14:00,47.5
12/03/2010 15:00,47.6
12/03/2010 16:00,52.1
12/03/2010 17:00,51.8
12/03/2010 18:00,46.3
12/03/2010 19:00,24.1
12/03/2010 20:00,5.5
12/03/2010 21:00,5.2
12/03/2010 22:00,4.9
12/03/2010 23:00,4.9
12/04/2010 00:00,9.2
12/04/2010 01:00,4.9
12/04/2010 02:00,14
12/04/2010 03:00,21.7
12/04/2010 04:00,4.9
12/04/2010 05:00,21.3
12/04/2010 06:00,47.9
12/04/2010 07:00,63.1
12/04/2010 08:00,72.5
12/04/2010 09:00,69.4
12/04/2010 10:00,52.6
12/04/2010 11:00,49
12/04/2010 12:00,48.7
12/04/2010 13:00,48.4
12/04/2010 14:00,47.6
12/04/2010 15:00,52.3
12/04/2010 16:00,37.8
12/04/2010 17:00,11.5
12/04/2010 18:00,5.4
12/04/2010 19:00,5.4
12/04/2010 20:00,5.3
12/04/2010 21:00,5.2
12/04/2010 22:00,9
12/04/2010 23:00,21.3
12/05/2010 00:00,13.9
12/05/2010 01:00,5
12/05/2010 02:00,4.9
12/05/2010 03:00,5
12/05/2010 04:00,4.8
12/05/2010 05:00,5.6
12/05/2010 06:00,8.9
12/05/2010 07:00,37.8
12/05/2010 08:00,57
12/05/2010 09:00,66.9
12/05/2010 10:00,55
12/05/2010 11:00,49.4
12/05/2010 12:00,49.7
12/05/2010 13:00,51.1
12/05/2010 14:00,50.3
12/05/2010 15:00,46.2
12/05/2010 16:00,21.7
12/05/2010 17:00,10.1
12/05/2010 18:00,5.3
12/05/2010 19:00,5.5
12/05/2010 20:00,5.3
12/05/2010 21:00,5.3
12/05/2010 22:00,4.9
12/05/2010 23:00,4.9
12/06/2010 00:00,9.4
12/06/2010 01:00,8.8
12/06/2010 02:00,20.8
12/06/2010 03:00,16.8
12/06/2010 04:00,24.7
12/06/2010 05:00,52.8
12/06/2010 06:00,54.8
12/06/2010 07:00,56
12/06/2010 08:00,77.7
12/06/2010 09:00,81.2
12/06/2010 10:00,61.4
12/06/2010 11:00,56.4
12/06/2010 12:00,52.5
12/06/2010 13:00,54
12/06/2010 14:00,52.8
12/06/2010 15:00,55.7
12/06/2010 16:00,64.7
12/06/2010 17:00,73.7
12/06/2010 18:00,76.2
12/06/2010 19:00,55.9
12/06/2010 20:00,28.2
12/06/2010 21:00,20.2
12/06/2010 22:00,20
12/06/2010 23:00,20.9
12/07/2010 00:00,22.6
12/07/2010 01:00,5.2
12/07/2010 02:00,5
12/07/2010 03:00,4.8
12/07/2010 04:00,24.5
12/07/2010 05:00,61.7
12/07/2010 06:00,62.6
12/07/2010 07:00,54.3
12/07/2010 08:00,73.9
12/07/2010 09:00,74.1
12/07/2010 10:00,69.7
12/07/2010 11:00,57.5
12/07/2010 12:00,53.9
12/07/2010 13:00,51.3
12/07/2010 14:00,54
12/07/2010 15:00,52.2
12/07/2010 16:00,59.5
12/07/2010 17:00,66.9
12/07/2010 18:00,70.3
12/07/2010 19:00,59.8
12/07/2010 20:00,28.8
12/07/2010 21:00,10.4
12/07/2010 22:00,5
12/07/2010 23:00,20.3
12/08/2010 00:00,22
12/08/2010 01:00,5.1
12/08/2010 02:00,5
12/08/2010 03:00,5
12/08/2010 04:00,23.7
12/08/2010 05:00,57.6
12/08/2010 06:00,62.9
12/08/2010 07:00,56.4
12/08/2010 08:00,77.9
12/08/2010 09:00,77.7
12/08/2010 10:00,72.7
12/08/2010 11:00,57.2
12/08/2010 12:00,55.5
12/08/2010 13:00,52.1
12/08/2010 14:00,52
12/08/2010 15:00,53.6
12/08/2010 16:00,64.2
12/08/2010 17:00,71.2
12/08/2010 18:00,65.9
12/08/2010 19:00,52.3
12/08/2010 20:00,24.3
12/08/2010 21:00,5.2
12/08/2010 22:00,7
12/08/2010 23:00,21.8
12/09/2010 00:00,22.1
12/09/2010 01:00,5.1
12/09/2010 02:00,5
12/09/2010 03:00,5
12/09/2010 04:00,26.6
12/09/2010 05:00,58.8
12/09/2010 06:00,57
12/09/2010 07:00,51.2
12/09/2010 08:00,67.9
12/09/2010 09:00,74
12/09/2010 10:00,67.9
12/09/2010 11:00,57.3
12/09/2010 12:00,56
12/09/2010 13:00,57.1
12/09/2010 14:00,58.3
12/09/2010 15:00,59.4
12/09/2010 16:00,68.5
12/09/2010 17:00,67.5
12/09/2010 18:00,63.7
12/09/2010 19:00,48.1
12/09/2010 20:00,11.8
12/09/2010 21:00,5.9
12/09/2010 22:00,12
12/09/2010 23:00,22.8
12/10/2010 00:00,10.3
12/10/2010 01:00,5.1
12/10/2010 02:00,4.9
12/10/2010 03:00,5
12/10/2010 04:00,29.8
12/10/2010 05:00,70.9
12/10/2010 06:00,69.5
12/10/2010 07:00,53.6
12/10/2010 08:00,68.6
12/10/2010 09:00,81.9
12/10/2010 10:00,68
12/10/2010 11:00,58
12/10/2010 12:00,57.5
12/10/2010 13:00,55.3
12/10/2010 14:00,53.4
12/10/2010 15:00,52.6
12/10/2010 16:00,58.3
12/10/2010 17:00,59.6
12/10/2010 18:00,47.3
12/10/2010 19:00,16.5
12/10/2010 20:00,5.5
12/10/2010 21:00,5.1
12/10/2010 22:00,5
12/10/2010 23:00,4.8
12/11/2010 00:00,9
12/11/2010 01:00,5
12/11/2010 02:00,13.4
12/11/2010 03:00,18.5
12/11/2010 04:00,5
12/11/2010 05:00,23.5
12/11/2010 06:00,55.9
12/11/2010 07:00,68.4
12/11/2010 08:00,75.6
12/11/2010 09:00,73.4
12/11/2010 10:00,56.8
12/11/2010 11:00,48.2
12/11/2010 12:00,48.2
12/11/2010 13:00,49.3
12/11/2010 14:00,47.7
12/11/2010 15:00,54.3
12/11/2010 16:00,36.7
12/11/2010 17:00,16.5
12/11/2010 18:00,5.3
12/11/2010 19:00,5.3
12/11/2010 20:00,5.2
12/11/2010 21:00,5.3
12/11/2010 22:00,4.9
12/11/2010 23:00,16.1
12/12/2010 00:00,21.7
12/12/2010 01:00,5.7
12/12/2010 02:00,4.9
12/12/2010 03:00,4.9
12/12/2010 04:00,4.8
12/12/2010 05:00,6.2
12/12/2010 06:00,26
12/12/2010 07:00,61.4
12/12/2010 08:00,71.1
12/12/2010 09:00,68.9
12/12/2010 10:00,58.9
12/12/2010 11:00,53.9
12/12/2010 12:00,58.2
12/12/2010 13:00,51.4
12/12/2010 14:00,51.3
12/12/2010 15:00,46.4
12/12/2010 16:00,22.1
12/12/2010 17:00,10.2
12/12/2010 18:00,5.6
12/12/2010 19:00,5.4
12/12/2010 20:00,5.4
12/12/2010 21:00,5.2
12/12/2010 22:00,8.7
12/12/2010 23:00,20.9
12/13/2010 0:00,15.4
12/13/2010 1:00,5.1
12/13/2010 2:00,5.1
12/13/2010 3:00,4.9
12/13/2010 4:00,27.3
12/13/2010 5:00,50.4
12/13/2010 6:00,58.3
12/13/2010 7:00,56
12/13/2010 8:00,74.3
12/13/2010 9:00,76
12/13/2010 10:00,60.5
12/13/2010 11:00,54.2
12/13/2010 12:00,51.8
12/13/2010 13:00,50.9
12/13/2010 14:00,51.4
12/13/2010 15:00,53.2
12/13/2010 16:00,65.4
12/13/2010 17:00,72.7
12/13/2010 18:00,70.6
12/13/2010 19:00,53
12/13/2010 20:00,25.4
12/13/2010 21:00,5.2
12/13/2010 22:00,5
12/13/2010 23:00,17.2
12/14/2010 0:00,20.9
12/14/2010 1:00,4.9
12/14/2010 2:00,5.1
12/14/2010 3:00,4.9
12/14/2010 4:00,25.4
12/14/2010 5:00,58.7
12/14/2010 6:00,63.5
12/14/2010 7:00,54.7
12/14/2010 8:00,69.5
12/14/2010 9:00,72.1
12/14/2010 10:00,68.2
12/14/2010 11:00,55.2
12/14/2010 12:00,52
12/14/2010 13:00,51.6
12/14/2010 14:00,53.9
12/14/2010 15:00,55.1
12/14/2010 16:00,58.7
12/14/2010 17:00,65.9
12/14/2010 18:00,73.6
12/14/2010 19:00,60.8
12/14/2010 20:00,25.6
12/14/2010 21:00,5.2
12/14/2010 22:00,4.9
12/14/2010 23:00,16.1
12/15/2010 0:00,22.3
12/15/2010 1:00,6.4
12/15/2010 2:00,4.9
12/15/2010 3:00,5
12/15/2010 4:00,24.7
12/15/2010 5:00,56
12/15/2010 6:00,58.9
12/15/2010 7:00,55
12/15/2010 8:00,77
12/15/2010 9:00,78.6
12/15/2010 10:00,69.3
12/15/2010 11:00,57.2
12/15/2010 12:00,53.9
12/15/2010 13:00,54.3
12/15/2010 14:00,54.3
12/15/2010 15:00,54.6
12/15/2010 16:00,65.5
12/15/2010 17:00,76.2
12/15/2010 18:00,66.5
12/15/2010 19:00,56.3
12/15/2010 20:00,26
12/15/2010 21:00,5.5
12/15/2010 22:00,6.2
12/15/2010 23:00,21.8
12/16/2010 0:00,16.7
12/16/2010 1:00,5.1
12/16/2010 2:00,5.1
12/16/2010 3:00,4.9
12/16/2010 4:00,28.4
12/16/2010 5:00,61.4
12/16/2010 6:00,59.5
12/16/2010 7:00,51.5
12/16/2010 8:00,75.1
12/16/2010 9:00,75.2
12/16/2010 10:00,65.9
12/16/2010 11:00,56.1
12/16/2010 12:00,51.3
12/16/2010 13:00,48.3
12/16/2010 14:00,48.8
12/16/2010 15:00,49.4
12/16/2010 16:00,56.4
12/16/2010 17:00,58.6
12/16/2010 18:00,56.8
12/16/2010 19:00,42.9
12/16/2010 20:00,10.1
12/16/2010 21:00,12.4
12/16/2010 22:00,21.7
12/16/2010 23:00,21.6
12/17/2010 0:00,9.4
12/17/2010 1:00,4.9
12/17/2010 2:00,4.8
12/17/2010 3:00,4.9
12/17/2010 4:00,23.6
12/17/2010 5:00,55.9
12/17/2010 6:00,53.8
12/17/2010 7:00,46.6
12/17/2010 8:00,57.8
12/17/2010 9:00,66.3
12/17/2010 10:00,59.1
12/17/2010 11:00,50.8
12/17/2010 12:00,47
12/17/2010 13:00,43.6
12/17/2010 14:00,46.6
12/17/2010 15:00,48.5
12/17/2010 16:00,52.9
12/17/2010 17:00,51.7
12/17/2010 18:00,43.2
12/17/2010 19:00,16.1
12/17/2010 20:00,5.3
12/17/2010 21:00,5.1
12/17/2010 22:00,4.8
12/17/2010 23:00,5.2
12/18/2010 0:00,22.5
12/18/2010 1:00,8.8
12/18/2010 2:00,4.9
12/18/2010 3:00,4.9
12/18/2010 4:00,4.9
12/18/2010 5:00,20.5
12/18/2010 6:00,48.7
12/18/2010 7:00,57.8
12/18/2010 8:00,63.4
12/18/2010 9:00,65.6
12/18/2010 10:00,50.7
12/18/2010 11:00,46.9
12/18/2010 12:00,44.6
12/18/2010 13:00,44.8
12/18/2010 14:00,47.5
12/18/2010 15:00,47.4
12/18/2010 16:00,32.4
12/18/2010 17:00,14
12/18/2010 18:00,5.3
12/18/2010 19:00,5.4
12/18/2010 20:00,5.4
12/18/2010 21:00,5.1
12/18/2010 22:00,11
12/18/2010 23:00,21
12/19/2010 0:00,14.3
12/19/2010 1:00,5
12/19/2010 2:00,4.8
12/19/2010 3:00,5
12/19/2010 4:00,4.9
12/19/2010 5:00,6
12/19/2010 6:00,8.7
12/19/2010 7:00,47.3
12/19/2010 8:00,56.9
12/19/2010 9:00,55.2
12/19/2010 10:00,49.2
12/19/2010 11:00,45.9
12/19/2010 12:00,48.7
12/19/2010 13:00,47.8
12/19/2010 14:00,46.5
12/19/2010 15:00,44
12/19/2010 16:00,21.8
12/19/2010 17:00,10
12/19/2010 18:00,5.3
12/19/2010 19:00,5.5
12/19/2010 20:00,5.4
12/19/2010 21:00,5.1
12/19/2010 22:00,5
12/19/2010 23:00,19.7
12/20/2010 0:00,17.6
12/20/2010 1:00,4.8
12/20/2010 2:00,5.1
12/20/2010 3:00,4.7
12/20/2010 4:00,17.6
12/20/2010 5:00,39.8
12/20/2010 6:00,45.4
12/20/2010 7:00,44.9
12/20/2010 8:00,57
12/20/2010 9:00,57.3
12/20/2010 10:00,48.3
12/20/2010 11:00,42.8
12/20/2010 12:00,42.7
12/20/2010 13:00,43.6
12/20/2010 14:00,44.8
12/20/2010 15:00,45.5
12/20/2010 16:00,53.8
12/20/2010 17:00,58.8
12/20/2010 18:00,59.2
12/20/2010 19:00,45.1
12/20/2010 20:00,25.7
12/20/2010 21:00,20
12/20/2010 22:00,20
12/20/2010 23:00,21.5
12/21/2010 0:00,11.8
12/21/2010 1:00,4.9
12/21/2010 2:00,4.8
12/21/2010 3:00,4.8
12/21/2010 4:00,7.5
12/21/2010 5:00,47.2
12/21/2010 6:00,50.8
12/21/2010 7:00,44.6
12/21/2010 8:00,55.1
12/21/2010 9:00,58.4
12/21/2010 10:00,58.4
12/21/2010 11:00,48
12/21/2010 12:00,50.5
12/21/2010 13:00,48.1
12/21/2010 14:00,50.6
12/21/2010 15:00,49.6
12/21/2010 16:00,53.1
12/21/2010 17:00,57
12/21/2010 18:00,58.1
12/21/2010 19:00,49.8
12/21/2010 20:00,24.2
12/21/2010 21:00,5.1
12/21/2010 22:00,4.9
12/21/2010 23:00,12.8
12/22/2010 0:00,20.8
12/22/2010 1:00,5
12/22/2010 2:00,4.9
12/22/2010 3:00,4.8
12/22/2010 4:00,7.5
12/22/2010 5:00,52.1
12/22/2010 6:00,54.9
12/22/2010 7:00,49.4
12/22/2010 8:00,67
12/22/2010 9:00,68.7
12/22/2010 10:00,56.7
12/22/2010 11:00,52.4
12/22/2010 12:00,50.6
12/22/2010 13:00,53.1
12/22/2010 14:00,52.2
12/22/2010 15:00,50.7
12/22/2010 16:00,59.9
12/22/2010 17:00,65.2
12/22/2010 18:00,58.4
12/22/2010 19:00,48.1
12/22/2010 20:00,27.1
12/22/2010 21:00,12.2
12/22/2010 22:00,9
12/22/2010 23:00,21.5
12/23/2010 0:00,12.5
12/23/2010 1:00,5
12/23/2010 2:00,5
12/23/2010 3:00,4.9
12/23/2010 4:00,9.2
12/23/2010 5:00,55.9
12/23/2010 6:00,52.2
12/23/2010 7:00,46.6
12/23/2010 8:00,58.9
12/23/2010 9:00,60.6
12/23/2010 10:00,62.4
12/23/2010 11:00,55.8
12/23/2010 12:00,50.5
12/23/2010 13:00,49.4
12/23/2010 14:00,53.6
12/23/2010 15:00,53.3
12/23/2010 16:00,58.5
12/23/2010 17:00,58.3
12/23/2010 18:00,54.2
12/23/2010 19:00,43.5
12/23/2010 20:00,10.7
12/23/2010 21:00,7.8
12/23/2010 22:00,21
12/23/2010 23:00,21.5
12/24/2010 0:00,8.7
12/24/2010 1:00,4.9
12/24/2010 2:00,4.9
12/24/2010 3:00,4.7
12/24/2010 4:00,10.3
12/24/2010 5:00,57.1
12/24/2010 6:00,49.7
12/24/2010 7:00,44.1
12/24/2010 8:00,54
12/24/2010 9:00,57.6
12/24/2010 10:00,53.9
12/24/2010 11:00,49.6
12/24/2010 12:00,46.7
12/24/2010 13:00,47.1
12/24/2010 14:00,46.3
12/24/2010 15:00,44.1
12/24/2010 16:00,46.5
12/24/2010 17:00,32.1
12/24/2010 18:00,16.3
12/24/2010 19:00,10
12/24/2010 20:00,5.4
12/24/2010 21:00,5.1
12/24/2010 22:00,4.9
12/24/2010 23:00,10.1
12/25/2010 0:00,17.4
12/25/2010 1:00,11.2
12/25/2010 2:00,5.1
12/25/2010 3:00,5.1
12/25/2010 4:00,4.9
12/25/2010 5:00,7.8
12/25/2010 6:00,32.6
12/25/2010 7:00,34.5
12/25/2010 8:00,36.8
12/25/2010 9:00,34.3
12/25/2010 10:00,30.3
12/25/2010 11:00,28
12/25/2010 12:00,27.3
12/25/2010 13:00,27.9
12/25/2010 14:00,29
12/25/2010 15:00,22.2
12/25/2010 16:00,17.5
12/25/2010 17:00,5.7
12/25/2010 18:00,5.4
12/25/2010 19:00,5.4
12/25/2010 20:00,5.6
12/25/2010 21:00,5.2
12/25/2010 22:00,5
12/25/2010 23:00,5.1
12/26/2010 0:00,4.9
12/26/2010 1:00,5.2
12/26/2010 2:00,5
12/26/2010 3:00,5
12/26/2010 4:00,5
12/26/2010 5:00,5.6
12/26/2010 6:00,7.9
12/26/2010 7:00,24.1
12/26/2010 8:00,38.9
12/26/2010 9:00,31.9
12/26/2010 10:00,27.2
12/26/2010 11:00,26
12/26/2010 12:00,27.3
12/26/2010 13:00,28.8
12/26/2010 14:00,32.3
12/26/2010 15:00,20.1
12/26/2010 16:00,6
12/26/2010 17:00,5.5
12/26/2010 18:00,5.5
12/26/2010 19:00,5.5
12/26/2010 20:00,5.5
12/26/2010 21:00,5.2
12/26/2010 22:00,4.9
12/26/2010 23:00,5
12/27/2010 0:00,9.1
12/27/2010 1:00,5
12/27/2010 2:00,4.9
12/27/2010 3:00,5.1
12/27/2010 4:00,7.7
12/27/2010 5:00,31.8
12/27/2010 6:00,21.7
12/27/2010 7:00,21.2
12/27/2010 8:00,64.2
12/27/2010 9:00,69.9
12/27/2010 10:00,53.5
12/27/2010 11:00,47.1
12/27/2010 12:00,45.3
12/27/2010 13:00,44.8
12/27/2010 14:00,43.7
12/27/2010 15:00,44.3
12/27/2010 16:00,42.5
12/27/2010 17:00,31.4
12/27/2010 18:00,24.8
12/27/2010 19:00,19
12/27/2010 20:00,6
12/27/2010 21:00,5
12/27/2010 22:00,4.9
12/27/2010 23:00,20.6
12/28/2010 0:00,20.8
12/28/2010 1:00,4.9
12/28/2010 2:00,4.8
12/28/2010 3:00,4.9
12/28/2010 4:00,7.2
12/28/2010 5:00,24.1
12/28/2010 6:00,19
12/28/2010 7:00,19.4
12/28/2010 8:00,53.5
12/28/2010 9:00,57.2
12/28/2010 10:00,54.5
12/28/2010 11:00,44.4
12/28/2010 12:00,42.4
12/28/2010 13:00,43.1
12/28/2010 14:00,45.4
12/28/2010 15:00,42.4
12/28/2010 16:00,41.1
12/28/2010 17:00,30.4
12/28/2010 18:00,26.8
12/28/2010 19:00,23.2
12/28/2010 20:00,6
12/28/2010 21:00,5.1
12/28/2010 22:00,11.2
12/28/2010 23:00,21.2
12/29/2010 0:00,10.2
12/29/2010 1:00,5
12/29/2010 2:00,4.9
12/29/2010 3:00,4.8
12/29/2010 4:00,7.5
12/29/2010 5:00,46.3
12/29/2010 6:00,44.4
12/29/2010 7:00,45.6
12/29/2010 8:00,66.4
12/29/2010 9:00,67.3
12/29/2010 10:00,59.1
12/29/2010 11:00,51.8
12/29/2010 12:00,48.7
12/29/2010 13:00,46.7
12/29/2010 14:00,49.6
12/29/2010 15:00,47.2
12/29/2010 16:00,54.9
12/29/2010 17:00,61.8
12/29/2010 18:00,54.2
12/29/2010 19:00,42.8
12/29/2010 20:00,25.1
12/29/2010 21:00,7.2
12/29/2010 22:00,15.9
12/29/2010 23:00,21.6
12/30/2010 0:00,11.7
12/30/2010 1:00,5
12/30/2010 2:00,5
12/30/2010 3:00,4.9
12/30/2010 4:00,7.6
12/30/2010 5:00,49.7
12/30/2010 6:00,50.5
12/30/2010 7:00,49.9
12/30/2010 8:00,72.6
12/30/2010 9:00,70.9
12/30/2010 10:00,70.1
12/30/2010 11:00,58.4
12/30/2010 12:00,51.4
12/30/2010 13:00,50.8
12/30/2010 14:00,52.4
12/30/2010 15:00,53.7
12/30/2010 16:00,58.9
12/30/2010 17:00,60.7
12/30/2010 18:00,55.2
12/30/2010 19:00,36.4
12/30/2010 20:00,14.1
12/30/2010 21:00,15
12/30/2010 22:00,21.4
12/30/2010 23:00,22
12/31/2010 0:00,5.1
12/31/2010 1:00,4.9
12/31/2010 2:00,5
12/31/2010 3:00,4.9
12/31/2010 4:00,8.3
12/31/2010 5:00,60.8
12/31/2010 6:00,55.7
12/31/2010 7:00,54.3
12/31/2010 8:00,73.3
12/31/2010 9:00,83.1
12/31/2010 10:00,75.7
12/31/2010 11:00,61.2
12/31/2010 12:00,53.4
12/31/2010 13:00,53.6
12/31/2010 14:00,51.3
12/31/2010 15:00,51.3
12/31/2010 16:00,54
12/31/2010 17:00,41.6
12/31/2010 18:00,21.1
12/31/2010 19:00,10.5
12/31/2010 20:00,5.3
12/31/2010 21:00,5.1
12/31/2010 22:00,5
