10920, 10921, 10922, 10923, 10924, 10925, 10926, 10927, 10928, 10929, 10930, 10931, 10932, 10933, 10934, 11370, 11371, 11372, 11373, 11374, 11375, 11376, 11377, 11378, 11379, 11380, 11381, 11382, 11383, 11384, 11445, 11446, 11447, 11448, 11449, 11450, 11451, 11452, 11453, 11454, 11455, 11456, 11457, 11458, 11459, 11550, 11551, 11552, 11553, 11554, 11555, 11556, 11557, 11558, 11559, 11560, 11561, 11562, 11563, 11564, 11580, 11581, 11582, 11583, 11584, 11585, 11586, 11587, 11588, 11589, 11590, 11591, 11592, 11593, 11594, 12015, 12016, 12017, 12018, 12019, 12020, 12021, 12022, 12023, 12024, 12025, 12026, 12027, 12028, 12029, 12375, 12376, 12377, 12378, 12379, 12380, 12381, 12382, 12383, 12384, 12385, 12386, 12387, 12388, 12389, 12945, 12946, 12947, 12948, 12949, 12950, 12951, 12952, 12953, 12954, 12955, 12956, 12957, 12958, 12959, 13095, 13096, 13097, 13098, 13099, 13100, 13101, 13102, 13103, 13104, 13105, 13106, 13107, 13108, 13109, 13110, 13111, 13112, 13113, 13114, 13115, 13116, 13117, 13118, 13119, 13120, 13121, 13122, 13123, 13124, 13155, 13156, 13157, 13158, 13159, 13160, 13161, 13162, 13163, 13164, 13165, 13166, 13167, 13168, 13169, 13170, 13171, 13172, 13173, 13174, 13175, 13176, 13177, 13178, 13179, 13180, 13181, 13182, 13183, 13184, 13245, 13246, 13247, 13248, 13249, 13250, 13251, 13252, 13253, 13254, 13255, 13256, 13257, 13258, 13259, 13275, 13276, 13277, 13278, 13279, 13280, 13281, 13282, 13283, 13284, 13285, 13286, 13287, 13288, 13289, 13305, 13306, 13307, 13308, 13309, 13310, 13311, 13312, 13313, 13314, 13315, 13316, 13317, 13318, 13319, 13380, 13381, 13382, 13383, 13384, 13385, 13386, 13387, 13388, 13389, 13390, 13391, 13392, 13393, 13394, 13395, 13396, 13397, 13398, 13399, 13400, 13401, 13402, 13403, 13404, 13405, 13406, 13407, 13408, 13409, 13455, 13456, 13457, 13458, 13459, 13460, 13461, 13462, 13463, 13464, 13465, 13466, 13467, 13468, 13469, 13620, 13621, 13622, 13623, 13624, 13625, 13626, 13627, 13628, 13629, 13630, 13631, 13632, 13633, 13634, 13650, 13651, 13652, 13653, 13654, 13655, 13656, 13657, 13658, 13659, 13660, 13661, 13662, 13663, 13664, 13665, 13666, 13667, 13668, 13669, 13670, 13671, 13672, 13673, 13674, 13675, 13676, 13677, 13678, 13679, 13695, 13696, 13697, 13698, 13699, 13700, 13701, 13702, 13703, 13704, 13705, 13706, 13707, 13708, 13709, 13725, 13726, 13727, 13728, 13729, 13730, 13731, 13732, 13733, 13734, 13735, 13736, 13737, 13738, 13739, 13800, 13801, 13802, 13803, 13804, 13805, 13806, 13807, 13808, 13809, 13810, 13811, 13812, 13813, 13814, 13845, 13846, 13847, 13848, 13849, 13850, 13851, 13852, 13853, 13854, 13855, 13856, 13857, 13858, 13859, 13965, 13966, 13967, 13968, 13969, 13970, 13971, 13972, 13973, 13974, 13975, 13976, 13977, 13978, 13979, 14070, 14071, 14072, 14073, 14074, 14075, 14076, 14077, 14078, 14079, 14080, 14081, 14082, 14083, 14084, 14085, 14086, 14087, 14088, 14089, 14090, 14091, 14092, 14093, 14094, 14095, 14096, 14097, 14098, 14099, 14100, 14101, 14102, 14103, 14104, 14105, 14106, 14107, 14108, 14109, 14110, 14111, 14112, 14113, 14114, 14145, 14146, 14147, 14148, 14149, 14150, 14151, 14152, 14153, 14154, 14155, 14156, 14157, 14158, 14159, 14265, 14266, 14267, 14268, 14269, 14270, 14271, 14272, 14273, 14274, 14275, 14276, 14277, 14278, 14279, 14295, 14296, 14297, 14298, 14299, 14300, 14301, 14302, 14303, 14304, 14305, 14306, 14307, 14308, 14309, 14400, 14401, 14402, 14403, 14404, 14405, 14406, 14407, 14408, 14409, 14410, 14411, 14412, 14413, 14414, 14490, 14491, 14492, 14493, 14494, 14495, 14496, 14497, 14498, 14499, 14500, 14501, 14502, 14503, 14504, 14640, 14641, 14642, 14643, 14644, 14645, 14646, 14647, 14648, 14649, 14650, 14651, 14652, 14653, 14654, 14730, 14731, 14732, 14733, 14734, 14735, 14736, 14737, 14738, 14739, 14740, 14741, 14742, 14743, 14744, 14760, 14761, 14762, 14763, 14764, 14765, 14766, 14767, 14768, 14769, 14770, 14771, 14772, 14773, 14774, 14820, 14821, 14822, 14823, 14824, 14825, 14826, 14827, 14828, 14829, 14830, 14831, 14832, 14833, 14834, 14910, 14911, 14912, 14913, 14914, 14915, 14916, 14917, 14918, 14919, 14920, 14921, 14922, 14923, 14924, 15330, 15331, 15332, 15333, 15334, 15335, 15336, 15337, 15338, 15339, 15340, 15341, 15342, 15343, 15344, 
10920, 10921, 10922, 10923, 10924, 10925, 10926, 10927, 10928, 10929, 10930, 10931, 10932, 10933, 10934, 11370, 11371, 11372, 11373, 11374, 11375, 11376, 11377, 11378, 11379, 11380, 11381, 11382, 11383, 11384, 11445, 11446, 11447, 11448, 11449, 11450, 11451, 11452, 11453, 11454, 11455, 11456, 11457, 11458, 11459, 11550, 11551, 11552, 11553, 11554, 11555, 11556, 11557, 11558, 11559, 11560, 11561, 11562, 11563, 11564, 11580, 11581, 11582, 11583, 11584, 11585, 11586, 11587, 11588, 11589, 11590, 11591, 11592, 11593, 11594, 12015, 12016, 12017, 12018, 12019, 12020, 12021, 12022, 12023, 12024, 12025, 12026, 12027, 12028, 12029, 12375, 12376, 12377, 12378, 12379, 12380, 12381, 12382, 12383, 12384, 12385, 12386, 12387, 12388, 12389, 12945, 12946, 12947, 12948, 12949, 12950, 12951, 12952, 12953, 12954, 12955, 12956, 12957, 12958, 12959, 13095, 13096, 13097, 13098, 13099, 13100, 13101, 13102, 13103, 13104, 13105, 13106, 13107, 13108, 13109, 13110, 13111, 13112, 13113, 13114, 13115, 13116, 13117, 13118, 13119, 13120, 13121, 13122, 13123, 13124, 13155, 13156, 13157, 13158, 13159, 13160, 13161, 13162, 13163, 13164, 13165, 13166, 13167, 13168, 13169, 13170, 13171, 13172, 13173, 13174, 13175, 13176, 13177, 13178, 13179, 13180, 13181, 13182, 13183, 13184, 13245, 13246, 13247, 13248, 13249, 13250, 13251, 13252, 13253, 13254, 13255, 13256, 13257, 13258, 13259, 13275, 13276, 13277, 13278, 13279, 13280, 13281, 13282, 13283, 13284, 13285, 13286, 13287, 13288, 13289, 13305, 13306, 13307, 13308, 13309, 13310, 13311, 13312, 13313, 13314, 13315, 13316, 13317, 13318, 13319, 13380, 13381, 13382, 13383, 13384, 13385, 13386, 13387, 13388, 13389, 13390, 13391, 13392, 13393, 13394, 13395, 13396, 13397, 13398, 13399, 13400, 13401, 13402, 13403, 13404, 13405, 13406, 13407, 13408, 13409, 13455, 13456, 13457, 13458, 13459, 13460, 13461, 13462, 13463, 13464, 13465, 13466, 13467, 13468, 13469, 13620, 13621, 13622, 13623, 13624, 13625, 13626, 13627, 13628, 13629, 13630, 13631, 13632, 13633, 13634, 13650, 13651, 13652, 13653, 13654, 13655, 13656, 13657, 13658, 13659, 13660, 13661, 13662, 13663, 13664, 13665, 13666, 13667, 13668, 13669, 13670, 13671, 13672, 13673, 13674, 13675, 13676, 13677, 13678, 13679, 13695, 13696, 13697, 13698, 13699, 13700, 13701, 13702, 13703, 13704, 13705, 13706, 13707, 13708, 13709, 13725, 13726, 13727, 13728, 13729, 13730, 13731, 13732, 13733, 13734, 13735, 13736, 13737, 13738, 13739, 13800, 13801, 13802, 13803, 13804, 13805, 13806, 13807, 13808, 13809, 13810, 13811, 13812, 13813, 13814, 13845, 13846, 13847, 13848, 13849, 13850, 13851, 13852, 13853, 13854, 13855, 13856, 13857, 13858, 13859, 13965, 13966, 13967, 13968, 13969, 13970, 13971, 13972, 13973, 13974, 13975, 13976, 13977, 13978, 13979, 14070, 14071, 14072, 14073, 14074, 14075, 14076, 14077, 14078, 14079, 14080, 14081, 14082, 14083, 14084, 14085, 14086, 14087, 14088, 14089, 14090, 14091, 14092, 14093, 14094, 14095, 14096, 14097, 14098, 14099, 14100, 14101, 14102, 14103, 14104, 14105, 14106, 14107, 14108, 14109, 14110, 14111, 14112, 14113, 14114, 14145, 14146, 14147, 14148, 14149, 14150, 14151, 14152, 14153, 14154, 14155, 14156, 14157, 14158, 14159, 14265, 14266, 14267, 14268, 14269, 14270, 14271, 14272, 14273, 14274, 14275, 14276, 14277, 14278, 14279, 14295, 14296, 14297, 14298, 14299, 14300, 14301, 14302, 14303, 14304, 14305, 14306, 14307, 14308, 14309, 14400, 14401, 14402, 14403, 14404, 14405, 14406, 14407, 14408, 14409, 14410, 14411, 14412, 14413, 14414, 14490, 14491, 14492, 14493, 14494, 14495, 14496, 14497, 14498, 14499, 14500, 14501, 14502, 14503, 14504, 14640, 14641, 14642, 14643, 14644, 14645, 14646, 14647, 14648, 14649, 14650, 14651, 14652, 14653, 14654, 14730, 14731, 14732, 14733, 14734, 14735, 14736, 14737, 14738, 14739, 14740, 14741, 14742, 14743, 14744, 14760, 14761, 14762, 14763, 14764, 14765, 14766, 14767, 14768, 14769, 14770, 14771, 14772, 14773, 14774, 14820, 14821, 14822, 14823, 14824, 14825, 14826, 14827, 14828, 14829, 14830, 14831, 14832, 14833, 14834, 14910, 14911, 14912, 14913, 14914, 14915, 14916, 14917, 14918, 14919, 14920, 14921, 14922, 14923, 14924, 15330, 15331, 15332, 15333, 15334, 15335, 15336, 15337, 15338, 15339, 15340, 15341, 15342, 15343, 15344, 
10920, 10921, 10922, 10923, 10924, 10925, 10926, 10927, 10928, 10929, 10930, 10931, 10932, 10933, 10934, 11370, 11371, 11372, 11373, 11374, 11375, 11376, 11377, 11378, 11379, 11380, 11381, 11382, 11383, 11384, 11445, 11446, 11447, 11448, 11449, 11450, 11451, 11452, 11453, 11454, 11455, 11456, 11457, 11458, 11459, 11550, 11551, 11552, 11553, 11554, 11555, 11556, 11557, 11558, 11559, 11560, 11561, 11562, 11563, 11564, 11580, 11581, 11582, 11583, 11584, 11585, 11586, 11587, 11588, 11589, 11590, 11591, 11592, 11593, 11594, 12015, 12016, 12017, 12018, 12019, 12020, 12021, 12022, 12023, 12024, 12025, 12026, 12027, 12028, 12029, 12375, 12376, 12377, 12378, 12379, 12380, 12381, 12382, 12383, 12384, 12385, 12386, 12387, 12388, 12389, 12945, 12946, 12947, 12948, 12949, 12950, 12951, 12952, 12953, 12954, 12955, 12956, 12957, 12958, 12959, 13095, 13096, 13097, 13098, 13099, 13100, 13101, 13102, 13103, 13104, 13105, 13106, 13107, 13108, 13109, 13110, 13111, 13112, 13113, 13114, 13115, 13116, 13117, 13118, 13119, 13120, 13121, 13122, 13123, 13124, 13155, 13156, 13157, 13158, 13159, 13160, 13161, 13162, 13163, 13164, 13165, 13166, 13167, 13168, 13169, 13170, 13171, 13172, 13173, 13174, 13175, 13176, 13177, 13178, 13179, 13180, 13181, 13182, 13183, 13184, 13245, 13246, 13247, 13248, 13249, 13250, 13251, 13252, 13253, 13254, 13255, 13256, 13257, 13258, 13259, 13275, 13276, 13277, 13278, 13279, 13280, 13281, 13282, 13283, 13284, 13285, 13286, 13287, 13288, 13289, 13305, 13306, 13307, 13308, 13309, 13310, 13311, 13312, 13313, 13314, 13315, 13316, 13317, 13318, 13319, 13380, 13381, 13382, 13383, 13384, 13385, 13386, 13387, 13388, 13389, 13390, 13391, 13392, 13393, 13394, 13395, 13396, 13397, 13398, 13399, 13400, 13401, 13402, 13403, 13404, 13405, 13406, 13407, 13408, 13409, 13455, 13456, 13457, 13458, 13459, 13460, 13461, 13462, 13463, 13464, 13465, 13466, 13467, 13468, 13469, 13620, 13621, 13622, 13623, 13624, 13625, 13626, 13627, 13628, 13629, 13630, 13631, 13632, 13633, 13634, 13650, 13651, 13652, 13653, 13654, 13655, 13656, 13657, 13658, 13659, 13660, 13661, 13662, 13663, 13664, 13665, 13666, 13667, 13668, 13669, 13670, 13671, 13672, 13673, 13674, 13675, 13676, 13677, 13678, 13679, 13695, 13696, 13697, 13698, 13699, 13700, 13701, 13702, 13703, 13704, 13705, 13706, 13707, 13708, 13709, 13725, 13726, 13727, 13728, 13729, 13730, 13731, 13732, 13733, 13734, 13735, 13736, 13737, 13738, 13739, 13800, 13801, 13802, 13803, 13804, 13805, 13806, 13807, 13808, 13809, 13810, 13811, 13812, 13813, 13814, 13845, 13846, 13847, 13848, 13849, 13850, 13851, 13852, 13853, 13854, 13855, 13856, 13857, 13858, 13859, 13965, 13966, 13967, 13968, 13969, 13970, 13971, 13972, 13973, 13974, 13975, 13976, 13977, 13978, 13979, 14070, 14071, 14072, 14073, 14074, 14075, 14076, 14077, 14078, 14079, 14080, 14081, 14082, 14083, 14084, 14085, 14086, 14087, 14088, 14089, 14090, 14091, 14092, 14093, 14094, 14095, 14096, 14097, 14098, 14099, 14100, 14101, 14102, 14103, 14104, 14105, 14106, 14107, 14108, 14109, 14110, 14111, 14112, 14113, 14114, 14145, 14146, 14147, 14148, 14149, 14150, 14151, 14152, 14153, 14154, 14155, 14156, 14157, 14158, 14159, 14265, 14266, 14267, 14268, 14269, 14270, 14271, 14272, 14273, 14274, 14275, 14276, 14277, 14278, 14279, 14295, 14296, 14297, 14298, 14299, 14300, 14301, 14302, 14303, 14304, 14305, 14306, 14307, 14308, 14309, 14400, 14401, 14402, 14403, 14404, 14405, 14406, 14407, 14408, 14409, 14410, 14411, 14412, 14413, 14414, 14490, 14491, 14492, 14493, 14494, 14495, 14496, 14497, 14498, 14499, 14500, 14501, 14502, 14503, 14504, 14640, 14641, 14642, 14643, 14644, 14645, 14646, 14647, 14648, 14649, 14650, 14651, 14652, 14653, 14654, 14730, 14731, 14732, 14733, 14734, 14735, 14736, 14737, 14738, 14739, 14740, 14741, 14742, 14743, 14744, 14760, 14761, 14762, 14763, 14764, 14765, 14766, 14767, 14768, 14769, 14770, 14771, 14772, 14773, 14774, 14820, 14821, 14822, 14823, 14824, 14825, 14826, 14827, 14828, 14829, 14830, 14831, 14832, 14833, 14834, 14910, 14911, 14912, 14913, 14914, 14915, 14916, 14917, 14918, 14919, 14920, 14921, 14922, 14923, 14924, 15330, 15331, 15332, 15333, 15334, 15335, 15336, 15337, 15338, 15339, 15340, 15341, 15342, 15343, 15344, 
10920, 10921, 10922, 10923, 10924, 10925, 10926, 10927, 10928, 10929, 10930, 10931, 10932, 10933, 10934, 11370, 11371, 11372, 11373, 11374, 11375, 11376, 11377, 11378, 11379, 11380, 11381, 11382, 11383, 11384, 11445, 11446, 11447, 11448, 11449, 11450, 11451, 11452, 11453, 11454, 11455, 11456, 11457, 11458, 11459, 11550, 11551, 11552, 11553, 11554, 11555, 11556, 11557, 11558, 11559, 11560, 11561, 11562, 11563, 11564, 11580, 11581, 11582, 11583, 11584, 11585, 11586, 11587, 11588, 11589, 11590, 11591, 11592, 11593, 11594, 12015, 12016, 12017, 12018, 12019, 12020, 12021, 12022, 12023, 12024, 12025, 12026, 12027, 12028, 12029, 12375, 12376, 12377, 12378, 12379, 12380, 12381, 12382, 12383, 12384, 12385, 12386, 12387, 12388, 12389, 12945, 12946, 12947, 12948, 12949, 12950, 12951, 12952, 12953, 12954, 12955, 12956, 12957, 12958, 12959, 13095, 13096, 13097, 13098, 13099, 13100, 13101, 13102, 13103, 13104, 13105, 13106, 13107, 13108, 13109, 13110, 13111, 13112, 13113, 13114, 13115, 13116, 13117, 13118, 13119, 13120, 13121, 13122, 13123, 13124, 13155, 13156, 13157, 13158, 13159, 13160, 13161, 13162, 13163, 13164, 13165, 13166, 13167, 13168, 13169, 13170, 13171, 13172, 13173, 13174, 13175, 13176, 13177, 13178, 13179, 13180, 13181, 13182, 13183, 13184, 13245, 13246, 13247, 13248, 13249, 13250, 13251, 13252, 13253, 13254, 13255, 13256, 13257, 13258, 13259, 13275, 13276, 13277, 13278, 13279, 13280, 13281, 13282, 13283, 13284, 13285, 13286, 13287, 13288, 13289, 13305, 13306, 13307, 13308, 13309, 13310, 13311, 13312, 13313, 13314, 13315, 13316, 13317, 13318, 13319, 13380, 13381, 13382, 13383, 13384, 13385, 13386, 13387, 13388, 13389, 13390, 13391, 13392, 13393, 13394, 13395, 13396, 13397, 13398, 13399, 13400, 13401, 13402, 13403, 13404, 13405, 13406, 13407, 13408, 13409, 13455, 13456, 13457, 13458, 13459, 13460, 13461, 13462, 13463, 13464, 13465, 13466, 13467, 13468, 13469, 13620, 13621, 13622, 13623, 13624, 13625, 13626, 13627, 13628, 13629, 13630, 13631, 13632, 13633, 13634, 13650, 13651, 13652, 13653, 13654, 13655, 13656, 13657, 13658, 13659, 13660, 13661, 13662, 13663, 13664, 13665, 13666, 13667, 13668, 13669, 13670, 13671, 13672, 13673, 13674, 13675, 13676, 13677, 13678, 13679, 13695, 13696, 13697, 13698, 13699, 13700, 13701, 13702, 13703, 13704, 13705, 13706, 13707, 13708, 13709, 13725, 13726, 13727, 13728, 13729, 13730, 13731, 13732, 13733, 13734, 13735, 13736, 13737, 13738, 13739, 13800, 13801, 13802, 13803, 13804, 13805, 13806, 13807, 13808, 13809, 13810, 13811, 13812, 13813, 13814, 13845, 13846, 13847, 13848, 13849, 13850, 13851, 13852, 13853, 13854, 13855, 13856, 13857, 13858, 13859, 13965, 13966, 13967, 13968, 13969, 13970, 13971, 13972, 13973, 13974, 13975, 13976, 13977, 13978, 13979, 14070, 14071, 14072, 14073, 14074, 14075, 14076, 14077, 14078, 14079, 14080, 14081, 14082, 14083, 14084, 14085, 14086, 14087, 14088, 14089, 14090, 14091, 14092, 14093, 14094, 14095, 14096, 14097, 14098, 14099, 14100, 14101, 14102, 14103, 14104, 14105, 14106, 14107, 14108, 14109, 14110, 14111, 14112, 14113, 14114, 14145, 14146, 14147, 14148, 14149, 14150, 14151, 14152, 14153, 14154, 14155, 14156, 14157, 14158, 14159, 14265, 14266, 14267, 14268, 14269, 14270, 14271, 14272, 14273, 14274, 14275, 14276, 14277, 14278, 14279, 14295, 14296, 14297, 14298, 14299, 14300, 14301, 14302, 14303, 14304, 14305, 14306, 14307, 14308, 14309, 14400, 14401, 14402, 14403, 14404, 14405, 14406, 14407, 14408, 14409, 14410, 14411, 14412, 14413, 14414, 14490, 14491, 14492, 14493, 14494, 14495, 14496, 14497, 14498, 14499, 14500, 14501, 14502, 14503, 14504, 14640, 14641, 14642, 14643, 14644, 14645, 14646, 14647, 14648, 14649, 14650, 14651, 14652, 14653, 14654, 14730, 14731, 14732, 14733, 14734, 14735, 14736, 14737, 14738, 14739, 14740, 14741, 14742, 14743, 14744, 14760, 14761, 14762, 14763, 14764, 14765, 14766, 14767, 14768, 14769, 14770, 14771, 14772, 14773, 14774, 14820, 14821, 14822, 14823, 14824, 14825, 14826, 14827, 14828, 14829, 14830, 14831, 14832, 14833, 14834, 14910, 14911, 14912, 14913, 14914, 14915, 14916, 14917, 14918, 14919, 14920, 14921, 14922, 14923, 14924, 15330, 15331, 15332, 15333, 15334, 15335, 15336, 15337, 15338, 15339, 15340, 15341, 15342, 15343, 15344, 
10920, 10921, 10922, 10923, 10924, 10925, 10926, 10927, 10928, 10929, 10930, 10931, 10932, 10933, 10934, 11370, 11371, 11372, 11373, 11374, 11375, 11376, 11377, 11378, 11379, 11380, 11381, 11382, 11383, 11384, 11445, 11446, 11447, 11448, 11449, 11450, 11451, 11452, 11453, 11454, 11455, 11456, 11457, 11458, 11459, 11550, 11551, 11552, 11553, 11554, 11555, 11556, 11557, 11558, 11559, 11560, 11561, 11562, 11563, 11564, 11580, 11581, 11582, 11583, 11584, 11585, 11586, 11587, 11588, 11589, 11590, 11591, 11592, 11593, 11594, 12015, 12016, 12017, 12018, 12019, 12020, 12021, 12022, 12023, 12024, 12025, 12026, 12027, 12028, 12029, 12375, 12376, 12377, 12378, 12379, 12380, 12381, 12382, 12383, 12384, 12385, 12386, 12387, 12388, 12389, 12945, 12946, 12947, 12948, 12949, 12950, 12951, 12952, 12953, 12954, 12955, 12956, 12957, 12958, 12959, 13095, 13096, 13097, 13098, 13099, 13100, 13101, 13102, 13103, 13104, 13105, 13106, 13107, 13108, 13109, 13110, 13111, 13112, 13113, 13114, 13115, 13116, 13117, 13118, 13119, 13120, 13121, 13122, 13123, 13124, 13155, 13156, 13157, 13158, 13159, 13160, 13161, 13162, 13163, 13164, 13165, 13166, 13167, 13168, 13169, 13170, 13171, 13172, 13173, 13174, 13175, 13176, 13177, 13178, 13179, 13180, 13181, 13182, 13183, 13184, 13245, 13246, 13247, 13248, 13249, 13250, 13251, 13252, 13253, 13254, 13255, 13256, 13257, 13258, 13259, 13275, 13276, 13277, 13278, 13279, 13280, 13281, 13282, 13283, 13284, 13285, 13286, 13287, 13288, 13289, 13305, 13306, 13307, 13308, 13309, 13310, 13311, 13312, 13313, 13314, 13315, 13316, 13317, 13318, 13319, 13380, 13381, 13382, 13383, 13384, 13385, 13386, 13387, 13388, 13389, 13390, 13391, 13392, 13393, 13394, 13395, 13396, 13397, 13398, 13399, 13400, 13401, 13402, 13403, 13404, 13405, 13406, 13407, 13408, 13409, 13455, 13456, 13457, 13458, 13459, 13460, 13461, 13462, 13463, 13464, 13465, 13466, 13467, 13468, 13469, 13620, 13621, 13622, 13623, 13624, 13625, 13626, 13627, 13628, 13629, 13630, 13631, 13632, 13633, 13634, 13650, 13651, 13652, 13653, 13654, 13655, 13656, 13657, 13658, 13659, 13660, 13661, 13662, 13663, 13664, 13665, 13666, 13667, 13668, 13669, 13670, 13671, 13672, 13673, 13674, 13675, 13676, 13677, 13678, 13679, 13695, 13696, 13697, 13698, 13699, 13700, 13701, 13702, 13703, 13704, 13705, 13706, 13707, 13708, 13709, 13725, 13726, 13727, 13728, 13729, 13730, 13731, 13732, 13733, 13734, 13735, 13736, 13737, 13738, 13739, 13800, 13801, 13802, 13803, 13804, 13805, 13806, 13807, 13808, 13809, 13810, 13811, 13812, 13813, 13814, 13845, 13846, 13847, 13848, 13849, 13850, 13851, 13852, 13853, 13854, 13855, 13856, 13857, 13858, 13859, 13965, 13966, 13967, 13968, 13969, 13970, 13971, 13972, 13973, 13974, 13975, 13976, 13977, 13978, 13979, 14070, 14071, 14072, 14073, 14074, 14075, 14076, 14077, 14078, 14079, 14080, 14081, 14082, 14083, 14084, 14085, 14086, 14087, 14088, 14089, 14090, 14091, 14092, 14093, 14094, 14095, 14096, 14097, 14098, 14099, 14100, 14101, 14102, 14103, 14104, 14105, 14106, 14107, 14108, 14109, 14110, 14111, 14112, 14113, 14114, 14145, 14146, 14147, 14148, 14149, 14150, 14151, 14152, 14153, 14154, 14155, 14156, 14157, 14158, 14159, 14265, 14266, 14267, 14268, 14269, 14270, 14271, 14272, 14273, 14274, 14275, 14276, 14277, 14278, 14279, 14295, 14296, 14297, 14298, 14299, 14300, 14301, 14302, 14303, 14304, 14305, 14306, 14307, 14308, 14309, 14400, 14401, 14402, 14403, 14404, 14405, 14406, 14407, 14408, 14409, 14410, 14411, 14412, 14413, 14414, 14490, 14491, 14492, 14493, 14494, 14495, 14496, 14497, 14498, 14499, 14500, 14501, 14502, 14503, 14504, 14640, 14641, 14642, 14643, 14644, 14645, 14646, 14647, 14648, 14649, 14650, 14651, 14652, 14653, 14654, 14730, 14731, 14732, 14733, 14734, 14735, 14736, 14737, 14738, 14739, 14740, 14741, 14742, 14743, 14744, 14760, 14761, 14762, 14763, 14764, 14765, 14766, 14767, 14768, 14769, 14770, 14771, 14772, 14773, 14774, 14820, 14821, 14822, 14823, 14824, 14825, 14826, 14827, 14828, 14829, 14830, 14831, 14832, 14833, 14834, 14910, 14911, 14912, 14913, 14914, 14915, 14916, 14917, 14918, 14919, 14920, 14921, 14922, 14923, 14924, 15330, 15331, 15332, 15333, 15334, 15335, 15336, 15337, 15338, 15339, 15340, 15341, 15342, 15343, 15344, 
10920, 10921, 10922, 10923, 10924, 10925, 10926, 10927, 10928, 10929, 10930, 10931, 10932, 10933, 10934, 11370, 11371, 11372, 11373, 11374, 11375, 11376, 11377, 11378, 11379, 11380, 11381, 11382, 11383, 11384, 11445, 11446, 11447, 11448, 11449, 11450, 11451, 11452, 11453, 11454, 11455, 11456, 11457, 11458, 11459, 11550, 11551, 11552, 11553, 11554, 11555, 11556, 11557, 11558, 11559, 11560, 11561, 11562, 11563, 11564, 11580, 11581, 11582, 11583, 11584, 11585, 11586, 11587, 11588, 11589, 11590, 11591, 11592, 11593, 11594, 12015, 12016, 12017, 12018, 12019, 12020, 12021, 12022, 12023, 12024, 12025, 12026, 12027, 12028, 12029, 12375, 12376, 12377, 12378, 12379, 12380, 12381, 12382, 12383, 12384, 12385, 12386, 12387, 12388, 12389, 12945, 12946, 12947, 12948, 12949, 12950, 12951, 12952, 12953, 12954, 12955, 12956, 12957, 12958, 12959, 13095, 13096, 13097, 13098, 13099, 13100, 13101, 13102, 13103, 13104, 13105, 13106, 13107, 13108, 13109, 13110, 13111, 13112, 13113, 13114, 13115, 13116, 13117, 13118, 13119, 13120, 13121, 13122, 13123, 13124, 13155, 13156, 13157, 13158, 13159, 13160, 13161, 13162, 13163, 13164, 13165, 13166, 13167, 13168, 13169, 13170, 13171, 13172, 13173, 13174, 13175, 13176, 13177, 13178, 13179, 13180, 13181, 13182, 13183, 13184, 13245, 13246, 13247, 13248, 13249, 13250, 13251, 13252, 13253, 13254, 13255, 13256, 13257, 13258, 13259, 13275, 13276, 13277, 13278, 13279, 13280, 13281, 13282, 13283, 13284, 13285, 13286, 13287, 13288, 13289, 13305, 13306, 13307, 13308, 13309, 13310, 13311, 13312, 13313, 13314, 13315, 13316, 13317, 13318, 13319, 13380, 13381, 13382, 13383, 13384, 13385, 13386, 13387, 13388, 13389, 13390, 13391, 13392, 13393, 13394, 13395, 13396, 13397, 13398, 13399, 13400, 13401, 13402, 13403, 13404, 13405, 13406, 13407, 13408, 13409, 13455, 13456, 13457, 13458, 13459, 13460, 13461, 13462, 13463, 13464, 13465, 13466, 13467, 13468, 13469, 13620, 13621, 13622, 13623, 13624, 13625, 13626, 13627, 13628, 13629, 13630, 13631, 13632, 13633, 13634, 13650, 13651, 13652, 13653, 13654, 13655, 13656, 13657, 13658, 13659, 13660, 13661, 13662, 13663, 13664, 13665, 13666, 13667, 13668, 13669, 13670, 13671, 13672, 13673, 13674, 13675, 13676, 13677, 13678, 13679, 13695, 13696, 13697, 13698, 13699, 13700, 13701, 13702, 13703, 13704, 13705, 13706, 13707, 13708, 13709, 13725, 13726, 13727, 13728, 13729, 13730, 13731, 13732, 13733, 13734, 13735, 13736, 13737, 13738, 13739, 13800, 13801, 13802, 13803, 13804, 13805, 13806, 13807, 13808, 13809, 13810, 13811, 13812, 13813, 13814, 13845, 13846, 13847, 13848, 13849, 13850, 13851, 13852, 13853, 13854, 13855, 13856, 13857, 13858, 13859, 13965, 13966, 13967, 13968, 13969, 13970, 13971, 13972, 13973, 13974, 13975, 13976, 13977, 13978, 13979, 14070, 14071, 14072, 14073, 14074, 14075, 14076, 14077, 14078, 14079, 14080, 14081, 14082, 14083, 14084, 14085, 14086, 14087, 14088, 14089, 14090, 14091, 14092, 14093, 14094, 14095, 14096, 14097, 14098, 14099, 14100, 14101, 14102, 14103, 14104, 14105, 14106, 14107, 14108, 14109, 14110, 14111, 14112, 14113, 14114, 14145, 14146, 14147, 14148, 14149, 14150, 14151, 14152, 14153, 14154, 14155, 14156, 14157, 14158, 14159, 14265, 14266, 14267, 14268, 14269, 14270, 14271, 14272, 14273, 14274, 14275, 14276, 14277, 14278, 14279, 14295, 14296, 14297, 14298, 14299, 14300, 14301, 14302, 14303, 14304, 14305, 14306, 14307, 14308, 14309, 14400, 14401, 14402, 14403, 14404, 14405, 14406, 14407, 14408, 14409, 14410, 14411, 14412, 14413, 14414, 14490, 14491, 14492, 14493, 14494, 14495, 14496, 14497, 14498, 14499, 14500, 14501, 14502, 14503, 14504, 14640, 14641, 14642, 14643, 14644, 14645, 14646, 14647, 14648, 14649, 14650, 14651, 14652, 14653, 14654, 14730, 14731, 14732, 14733, 14734, 14735, 14736, 14737, 14738, 14739, 14740, 14741, 14742, 14743, 14744, 14760, 14761, 14762, 14763, 14764, 14765, 14766, 14767, 14768, 14769, 14770, 14771, 14772, 14773, 14774, 14820, 14821, 14822, 14823, 14824, 14825, 14826, 14827, 14828, 14829, 14830, 14831, 14832, 14833, 14834, 14910, 14911, 14912, 14913, 14914, 14915, 14916, 14917, 14918, 14919, 14920, 14921, 14922, 14923, 14924, 15330, 15331, 15332, 15333, 15334, 15335, 15336, 15337, 15338, 15339, 15340, 15341, 15342, 15343, 15344, 
10920, 10921, 10922, 10923, 10924, 10925, 10926, 10927, 10928, 10929, 10930, 10931, 10932, 10933, 10934, 11370, 11371, 11372, 11373, 11374, 11375, 11376, 11377, 11378, 11379, 11380, 11381, 11382, 11383, 11384, 11445, 11446, 11447, 11448, 11449, 11450, 11451, 11452, 11453, 11454, 11455, 11456, 11457, 11458, 11459, 11550, 11551, 11552, 11553, 11554, 11555, 11556, 11557, 11558, 11559, 11560, 11561, 11562, 11563, 11564, 11580, 11581, 11582, 11583, 11584, 11585, 11586, 11587, 11588, 11589, 11590, 11591, 11592, 11593, 11594, 12015, 12016, 12017, 12018, 12019, 12020, 12021, 12022, 12023, 12024, 12025, 12026, 12027, 12028, 12029, 12375, 12376, 12377, 12378, 12379, 12380, 12381, 12382, 12383, 12384, 12385, 12386, 12387, 12388, 12389, 12945, 12946, 12947, 12948, 12949, 12950, 12951, 12952, 12953, 12954, 12955, 12956, 12957, 12958, 12959, 13095, 13096, 13097, 13098, 13099, 13100, 13101, 13102, 13103, 13104, 13105, 13106, 13107, 13108, 13109, 13110, 13111, 13112, 13113, 13114, 13115, 13116, 13117, 13118, 13119, 13120, 13121, 13122, 13123, 13124, 13155, 13156, 13157, 13158, 13159, 13160, 13161, 13162, 13163, 13164, 13165, 13166, 13167, 13168, 13169, 13170, 13171, 13172, 13173, 13174, 13175, 13176, 13177, 13178, 13179, 13180, 13181, 13182, 13183, 13184, 13245, 13246, 13247, 13248, 13249, 13250, 13251, 13252, 13253, 13254, 13255, 13256, 13257, 13258, 13259, 13275, 13276, 13277, 13278, 13279, 13280, 13281, 13282, 13283, 13284, 13285, 13286, 13287, 13288, 13289, 13305, 13306, 13307, 13308, 13309, 13310, 13311, 13312, 13313, 13314, 13315, 13316, 13317, 13318, 13319, 13380, 13381, 13382, 13383, 13384, 13385, 13386, 13387, 13388, 13389, 13390, 13391, 13392, 13393, 13394, 13395, 13396, 13397, 13398, 13399, 13400, 13401, 13402, 13403, 13404, 13405, 13406, 13407, 13408, 13409, 13455, 13456, 13457, 13458, 13459, 13460, 13461, 13462, 13463, 13464, 13465, 13466, 13467, 13468, 13469, 13620, 13621, 13622, 13623, 13624, 13625, 13626, 13627, 13628, 13629, 13630, 13631, 13632, 13633, 13634, 13650, 13651, 13652, 13653, 13654, 13655, 13656, 13657, 13658, 13659, 13660, 13661, 13662, 13663, 13664, 13665, 13666, 13667, 13668, 13669, 13670, 13671, 13672, 13673, 13674, 13675, 13676, 13677, 13678, 13679, 13695, 13696, 13697, 13698, 13699, 13700, 13701, 13702, 13703, 13704, 13705, 13706, 13707, 13708, 13709, 13725, 13726, 13727, 13728, 13729, 13730, 13731, 13732, 13733, 13734, 13735, 13736, 13737, 13738, 13739, 13800, 13801, 13802, 13803, 13804, 13805, 13806, 13807, 13808, 13809, 13810, 13811, 13812, 13813, 13814, 13845, 13846, 13847, 13848, 13849, 13850, 13851, 13852, 13853, 13854, 13855, 13856, 13857, 13858, 13859, 13965, 13966, 13967, 13968, 13969, 13970, 13971, 13972, 13973, 13974, 13975, 13976, 13977, 13978, 13979, 14070, 14071, 14072, 14073, 14074, 14075, 14076, 14077, 14078, 14079, 14080, 14081, 14082, 14083, 14084, 14085, 14086, 14087, 14088, 14089, 14090, 14091, 14092, 14093, 14094, 14095, 14096, 14097, 14098, 14099, 14100, 14101, 14102, 14103, 14104, 14105, 14106, 14107, 14108, 14109, 14110, 14111, 14112, 14113, 14114, 14145, 14146, 14147, 14148, 14149, 14150, 14151, 14152, 14153, 14154, 14155, 14156, 14157, 14158, 14159, 14265, 14266, 14267, 14268, 14269, 14270, 14271, 14272, 14273, 14274, 14275, 14276, 14277, 14278, 14279, 14295, 14296, 14297, 14298, 14299, 14300, 14301, 14302, 14303, 14304, 14305, 14306, 14307, 14308, 14309, 14400, 14401, 14402, 14403, 14404, 14405, 14406, 14407, 14408, 14409, 14410, 14411, 14412, 14413, 14414, 14490, 14491, 14492, 14493, 14494, 14495, 14496, 14497, 14498, 14499, 14500, 14501, 14502, 14503, 14504, 14640, 14641, 14642, 14643, 14644, 14645, 14646, 14647, 14648, 14649, 14650, 14651, 14652, 14653, 14654, 14730, 14731, 14732, 14733, 14734, 14735, 14736, 14737, 14738, 14739, 14740, 14741, 14742, 14743, 14744, 14760, 14761, 14762, 14763, 14764, 14765, 14766, 14767, 14768, 14769, 14770, 14771, 14772, 14773, 14774, 14820, 14821, 14822, 14823, 14824, 14825, 14826, 14827, 14828, 14829, 14830, 14831, 14832, 14833, 14834, 14910, 14911, 14912, 14913, 14914, 14915, 14916, 14917, 14918, 14919, 14920, 14921, 14922, 14923, 14924, 15330, 15331, 15332, 15333, 15334, 15335, 15336, 15337, 15338, 15339, 15340, 15341, 15342, 15343, 15344, 
10920, 10921, 10922, 10923, 10924, 10925, 10926, 10927, 10928, 10929, 10930, 10931, 10932, 10933, 10934, 11370, 11371, 11372, 11373, 11374, 11375, 11376, 11377, 11378, 11379, 11380, 11381, 11382, 11383, 11384, 11445, 11446, 11447, 11448, 11449, 11450, 11451, 11452, 11453, 11454, 11455, 11456, 11457, 11458, 11459, 11550, 11551, 11552, 11553, 11554, 11555, 11556, 11557, 11558, 11559, 11560, 11561, 11562, 11563, 11564, 11580, 11581, 11582, 11583, 11584, 11585, 11586, 11587, 11588, 11589, 11590, 11591, 11592, 11593, 11594, 12015, 12016, 12017, 12018, 12019, 12020, 12021, 12022, 12023, 12024, 12025, 12026, 12027, 12028, 12029, 12375, 12376, 12377, 12378, 12379, 12380, 12381, 12382, 12383, 12384, 12385, 12386, 12387, 12388, 12389, 12945, 12946, 12947, 12948, 12949, 12950, 12951, 12952, 12953, 12954, 12955, 12956, 12957, 12958, 12959, 13095, 13096, 13097, 13098, 13099, 13100, 13101, 13102, 13103, 13104, 13105, 13106, 13107, 13108, 13109, 13110, 13111, 13112, 13113, 13114, 13115, 13116, 13117, 13118, 13119, 13120, 13121, 13122, 13123, 13124, 13155, 13156, 13157, 13158, 13159, 13160, 13161, 13162, 13163, 13164, 13165, 13166, 13167, 13168, 13169, 13170, 13171, 13172, 13173, 13174, 13175, 13176, 13177, 13178, 13179, 13180, 13181, 13182, 13183, 13184, 13245, 13246, 13247, 13248, 13249, 13250, 13251, 13252, 13253, 13254, 13255, 13256, 13257, 13258, 13259, 13275, 13276, 13277, 13278, 13279, 13280, 13281, 13282, 13283, 13284, 13285, 13286, 13287, 13288, 13289, 13305, 13306, 13307, 13308, 13309, 13310, 13311, 13312, 13313, 13314, 13315, 13316, 13317, 13318, 13319, 13380, 13381, 13382, 13383, 13384, 13385, 13386, 13387, 13388, 13389, 13390, 13391, 13392, 13393, 13394, 13395, 13396, 13397, 13398, 13399, 13400, 13401, 13402, 13403, 13404, 13405, 13406, 13407, 13408, 13409, 13455, 13456, 13457, 13458, 13459, 13460, 13461, 13462, 13463, 13464, 13465, 13466, 13467, 13468, 13469, 13620, 13621, 13622, 13623, 13624, 13625, 13626, 13627, 13628, 13629, 13630, 13631, 13632, 13633, 13634, 13650, 13651, 13652, 13653, 13654, 13655, 13656, 13657, 13658, 13659, 13660, 13661, 13662, 13663, 13664, 13665, 13666, 13667, 13668, 13669, 13670, 13671, 13672, 13673, 13674, 13675, 13676, 13677, 13678, 13679, 13695, 13696, 13697, 13698, 13699, 13700, 13701, 13702, 13703, 13704, 13705, 13706, 13707, 13708, 13709, 13725, 13726, 13727, 13728, 13729, 13730, 13731, 13732, 13733, 13734, 13735, 13736, 13737, 13738, 13739, 13800, 13801, 13802, 13803, 13804, 13805, 13806, 13807, 13808, 13809, 13810, 13811, 13812, 13813, 13814, 13845, 13846, 13847, 13848, 13849, 13850, 13851, 13852, 13853, 13854, 13855, 13856, 13857, 13858, 13859, 13965, 13966, 13967, 13968, 13969, 13970, 13971, 13972, 13973, 13974, 13975, 13976, 13977, 13978, 13979, 14070, 14071, 14072, 14073, 14074, 14075, 14076, 14077, 14078, 14079, 14080, 14081, 14082, 14083, 14084, 14085, 14086, 14087, 14088, 14089, 14090, 14091, 14092, 14093, 14094, 14095, 14096, 14097, 14098, 14099, 14100, 14101, 14102, 14103, 14104, 14105, 14106, 14107, 14108, 14109, 14110, 14111, 14112, 14113, 14114, 14145, 14146, 14147, 14148, 14149, 14150, 14151, 14152, 14153, 14154, 14155, 14156, 14157, 14158, 14159, 14265, 14266, 14267, 14268, 14269, 14270, 14271, 14272, 14273, 14274, 14275, 14276, 14277, 14278, 14279, 14295, 14296, 14297, 14298, 14299, 14300, 14301, 14302, 14303, 14304, 14305, 14306, 14307, 14308, 14309, 14400, 14401, 14402, 14403, 14404, 14405, 14406, 14407, 14408, 14409, 14410, 14411, 14412, 14413, 14414, 14490, 14491, 14492, 14493, 14494, 14495, 14496, 14497, 14498, 14499, 14500, 14501, 14502, 14503, 14504, 14640, 14641, 14642, 14643, 14644, 14645, 14646, 14647, 14648, 14649, 14650, 14651, 14652, 14653, 14654, 14730, 14731, 14732, 14733, 14734, 14735, 14736, 14737, 14738, 14739, 14740, 14741, 14742, 14743, 14744, 14760, 14761, 14762, 14763, 14764, 14765, 14766, 14767, 14768, 14769, 14770, 14771, 14772, 14773, 14774, 14820, 14821, 14822, 14823, 14824, 14825, 14826, 14827, 14828, 14829, 14830, 14831, 14832, 14833, 14834, 14910, 14911, 14912, 14913, 14914, 14915, 14916, 14917, 14918, 14919, 14920, 14921, 14922, 14923, 14924, 15330, 15331, 15332, 15333, 15334, 15335, 15336, 15337, 15338, 15339, 15340, 15341, 15342, 15343, 15344, 
10932, 11381, 11455, 11558, 11587, 12022, 12376, 12947, 13099, 13114, 13164, 13176, 13256, 13285, 13313, 13394, 13397, 13462, 13632, 13655, 13669, 13709, 13726, 13802, 13857, 13968, 14075, 14089, 14106, 14153, 14270, 14309, 14406, 14490, 14646, 14734, 14763, 14827, 14914, 15344, 
10932, 11381, 11455, 11558, 11587, 12022, 12376, 12947, 13099, 13114, 13164, 13176, 13256, 13285, 13313, 13394, 13397, 13462, 13632, 13655, 13669, 13709, 13726, 13802, 13857, 13968, 14075, 14089, 14106, 14153, 14270, 14309, 14406, 14490, 14646, 14734, 14763, 14827, 14914, 15344, 
10932, 11381, 11455, 11558, 11587, 12022, 12376, 12947, 13099, 13114, 13164, 13176, 13256, 13285, 13313, 13394, 13397, 13462, 13632, 13655, 13669, 13709, 13726, 13802, 13857, 13968, 14075, 14089, 14106, 14153, 14270, 14309, 14406, 14490, 14646, 14734, 14763, 14827, 14914, 15344, 
10932, 11381, 11455, 11558, 11587, 12022, 12376, 12947, 13099, 13114, 13164, 13176, 13256, 13285, 13313, 13394, 13397, 13462, 13632, 13655, 13669, 13709, 13726, 13802, 13857, 13968, 14075, 14089, 14106, 14153, 14270, 14309, 14406, 14490, 14646, 14734, 14763, 14827, 14914, 15344, 
10932, 11381, 11455, 11558, 11587, 12022, 12376, 12947, 13099, 13114, 13164, 13176, 13256, 13285, 13313, 13394, 13397, 13462, 13632, 13655, 13669, 13709, 13726, 13802, 13857, 13968, 14075, 14089, 14106, 14153, 14270, 14309, 14406, 14490, 14646, 14734, 14763, 14827, 14914, 15344, 
10932, 11381, 11455, 11558, 11587, 12022, 12376, 12947, 13099, 13114, 13164, 13176, 13256, 13285, 13313, 13394, 13397, 13462, 13632, 13655, 13669, 13709, 13726, 13802, 13857, 13968, 14075, 14089, 14106, 14153, 14270, 14309, 14406, 14490, 14646, 14734, 14763, 14827, 14914, 15344, 
10932, 11381, 11455, 11558, 11587, 12022, 12376, 12947, 13099, 13114, 13164, 13176, 13256, 13285, 13313, 13394, 13397, 13462, 13632, 13655, 13669, 13709, 13726, 13802, 13857, 13968, 14075, 14089, 14106, 14153, 14270, 14309, 14406, 14490, 14646, 14734, 14763, 14827, 14914, 15344, 
10932, 11381, 11455, 11558, 11587, 12022, 12376, 12947, 13099, 13114, 13164, 13176, 13256, 13285, 13313, 13394, 13397, 13462, 13632, 13655, 13669, 13709, 13726, 13802, 13857, 13968, 14075, 14089, 14106, 14153, 14270, 14309, 14406, 14490, 14646, 14734, 14763, 14827, 14914, 15344, 
10932, 11381, 11455, 11558, 11587, 12022, 12376, 12947, 13099, 13114, 13164, 13176, 13256, 13285, 13313, 13394, 13397, 13462, 13632, 13655, 13669, 13709, 13726, 13802, 13857, 13968, 14075, 14089, 14106, 14153, 14270, 14309, 14406, 14490, 14646, 14734, 14763, 14827, 14914, 15344, 
10932, 11381, 11455, 11558, 11587, 12022, 12376, 12947, 13099, 13114, 13164, 13176, 13256, 13285, 13313, 13394, 13397, 13462, 13632, 13655, 13669, 13709, 13726, 13802, 13857, 13968, 14075, 14089, 14106, 14153, 14270, 14309, 14406, 14490, 14646, 14734, 14763, 14827, 14914, 15344, 
10932, 11381, 11455, 11558, 11587, 12022, 12376, 12947, 13099, 13114, 13164, 13176, 13256, 13285, 13313, 13394, 13397, 13462, 13632, 13655, 13669, 13709, 13726, 13802, 13857, 13968, 14075, 14089, 14106, 14153, 14270, 14309, 14406, 14490, 14646, 14734, 14763, 14827, 14914, 15344, 
10932, 11381, 11455, 11558, 11587, 12022, 12376, 12947, 13099, 13114, 13164, 13176, 13256, 13285, 13313, 13394, 13397, 13462, 13632, 13655, 13669, 13709, 13726, 13802, 13857, 13968, 14075, 14089, 14106, 14153, 14270, 14309, 14406, 14490, 14646, 14734, 14763, 14827, 14914, 15344, 
10932, 11381, 11455, 11558, 11587, 12022, 12376, 12947, 13099, 13114, 13164, 13176, 13256, 13285, 13313, 13394, 13397, 13462, 13632, 13655, 13669, 13709, 13726, 13802, 13857, 13968, 14075, 14089, 14106, 14153, 14270, 14309, 14406, 14490, 14646, 14734, 14763, 14827, 14914, 15344, 
10932, 11381, 11455, 11558, 11587, 12022, 12376, 12947, 13099, 13114, 13164, 13176, 13256, 13285, 13313, 13394, 13397, 13462, 13632, 13655, 13669, 13709, 13726, 13802, 13857, 13968, 14075, 14089, 14106, 14153, 14270, 14309, 14406, 14490, 14646, 14734, 14763, 14827, 14914, 15344, 
10932, 11381, 11455, 11558, 11587, 12022, 12376, 12947, 13099, 13114, 13164, 13176, 13256, 13285, 13313, 13394, 13397, 13462, 13632, 13655, 13669, 13709, 13726, 13802, 13857, 13968, 14075, 14089, 14106, 14153, 14270, 14309, 14406, 14490, 14646, 14734, 14763, 14827, 14914, 15344, 
10932, 11381, 11455, 11558, 11587, 12022, 12376, 12947, 13099, 13114, 13164, 13176, 13256, 13285, 13313, 13394, 13397, 13462, 13632, 13655, 13669, 13709, 13726, 13802, 13857, 13968, 14075, 14089, 14106, 14153, 14270, 14309, 14406, 14490, 14646, 14734, 14763, 14827, 14914, 15344, 
10932, 11381, 11455, 11558, 11587, 12022, 12376, 12947, 13099, 13114, 13164, 13176, 13256, 13285, 13313, 13394, 13397, 13462, 13632, 13655, 13669, 13709, 13726, 13802, 13857, 13968, 14075, 14089, 14106, 14153, 14270, 14309, 14406, 14490, 14646, 14734, 14763, 14827, 14914, 15344, 
10932, 11381, 11455, 11558, 11587, 12022, 12376, 12947, 13099, 13114, 13164, 13176, 13256, 13285, 13313, 13394, 13397, 13462, 13632, 13655, 13669, 13709, 13726, 13802, 13857, 13968, 14075, 14089, 14106, 14153, 14270, 14309, 14406, 14490, 14646, 14734, 14763, 14827, 14914, 15344, 
10932, 11381, 11455, 11558, 11587, 12022, 12376, 12947, 13099, 13114, 13164, 13176, 13256, 13285, 13313, 13394, 13397, 13462, 13632, 13655, 13669, 13709, 13726, 13802, 13857, 13968, 14075, 14089, 14106, 14153, 14270, 14309, 14406, 14490, 14646, 14734, 14763, 14827, 14914, 15344, 
10932, 11381, 11455, 11558, 11587, 12022, 12376, 12947, 13099, 13114, 13164, 13176, 13256, 13285, 13313, 13394, 13397, 13462, 13632, 13655, 13669, 13709, 13726, 13802, 13857, 13968, 14075, 14089, 14106, 14153, 14270, 14309, 14406, 14490, 14646, 14734, 14763, 14827, 14914, 15344, 
10932, 11381, 11455, 11558, 11587, 12022, 12376, 12947, 13099, 13114, 13164, 13176, 13256, 13285, 13313, 13394, 13397, 13462, 13632, 13655, 13669, 13709, 13726, 13802, 13857, 13968, 14075, 14089, 14106, 14153, 14270, 14309, 14406, 14490, 14646, 14734, 14763, 14827, 14914, 15344, 
10932, 11381, 11455, 11558, 11587, 12022, 12376, 12947, 13099, 13114, 13164, 13176, 13256, 13285, 13313, 13394, 13397, 13462, 13632, 13655, 13669, 13709, 13726, 13802, 13857, 13968, 14075, 14089, 14106, 14153, 14270, 14309, 14406, 14490, 14646, 14734, 14763, 14827, 14914, 15344, 
10932, 11381, 11455, 11558, 11587, 12022, 12376, 12947, 13099, 13114, 13164, 13176, 13256, 13285, 13313, 13394, 13397, 13462, 13632, 13655, 13669, 13709, 13726, 13802, 13857, 13968, 14075, 14089, 14106, 14153, 14270, 14309, 14406, 14490, 14646, 14734, 14763, 14827, 14914, 15344, 
10932, 11381, 11455, 11558, 11587, 12022, 12376, 12947, 13099, 13114, 13164, 13176, 13256, 13285, 13313, 13394, 13397, 13462, 13632, 13655, 13669, 13709, 13726, 13802, 13857, 13968, 14075, 14089, 14106, 14153, 14270, 14309, 14406, 14490, 14646, 14734, 14763, 14827, 14914, 15344, 
10932, 11381, 11455, 11558, 11587, 12022, 12376, 12947, 13099, 13114, 13164, 13176, 13256, 13285, 13313, 13394, 13397, 13462, 13632, 13655, 13669, 13709, 13726, 13802, 13857, 13968, 14075, 14089, 14106, 14153, 14270, 14309, 14406, 14490, 14646, 14734, 14763, 14827, 14914, 15344, 
10932, 11381, 11455, 11558, 11587, 12022, 12376, 12947, 13099, 13114, 13164, 13176, 13256, 13285, 13313, 13394, 13397, 13462, 13632, 13655, 13669, 13709, 13726, 13802, 13857, 13968, 14075, 14089, 14106, 14153, 14270, 14309, 14406, 14490, 14646, 14734, 14763, 14827, 14914, 15344, 
10932, 11381, 11455, 11558, 11587, 12022, 12376, 12947, 13099, 13114, 13164, 13176, 13256, 13285, 13313, 13394, 13397, 13462, 13632, 13655, 13669, 13709, 13726, 13802, 13857, 13968, 14075, 14089, 14106, 14153, 14270, 14309, 14406, 14490, 14646, 14734, 14763, 14827, 14914, 15344, 
10932, 11381, 11455, 11558, 11587, 12022, 12376, 12947, 13099, 13114, 13164, 13176, 13256, 13285, 13313, 13394, 13397, 13462, 13632, 13655, 13669, 13709, 13726, 13802, 13857, 13968, 14075, 14089, 14106, 14153, 14270, 14309, 14406, 14490, 14646, 14734, 14763, 14827, 14914, 15344, 
10932, 11381, 11455, 11558, 11587, 12022, 12376, 12947, 13099, 13114, 13164, 13176, 13256, 13285, 13313, 13394, 13397, 13462, 13632, 13655, 13669, 13709, 13726, 13802, 13857, 13968, 14075, 14089, 14106, 14153, 14270, 14309, 14406, 14490, 14646, 14734, 14763, 14827, 14914, 15344, 
10932, 11381, 11455, 11558, 11587, 12022, 12376, 12947, 13099, 13114, 13164, 13176, 13256, 13285, 13313, 13394, 13397, 13462, 13632, 13655, 13669, 13709, 13726, 13802, 13857, 13968, 14075, 14089, 14106, 14153, 14270, 14309, 14406, 14490, 14646, 14734, 14763, 14827, 14914, 15344, 
10932, 11381, 11455, 11558, 11587, 12022, 12376, 12947, 13099, 13114, 13164, 13176, 13256, 13285, 13313, 13394, 13397, 13462, 13632, 13655, 13669, 13709, 13726, 13802, 13857, 13968, 14075, 14089, 14106, 14153, 14270, 14309, 14406, 14490, 14646, 14734, 14763, 14827, 14914, 15344, 
10932, 11381, 11455, 11558, 11587, 12022, 12376, 12947, 13099, 13114, 13164, 13176, 13256, 13285, 13313, 13394, 13397, 13462, 13632, 13655, 13669, 13709, 13726, 13802, 13857, 13968, 14075, 14089, 14106, 14153, 14270, 14309, 14406, 14490, 14646, 14734, 14763, 14827, 14914, 15344, 
10932, 11381, 11455, 11558, 11587, 12022, 12376, 12947, 13099, 13114, 13164, 13176, 13256, 13285, 13313, 13394, 13397, 13462, 13632, 13655, 13669, 13709, 13726, 13802, 13857, 13968, 14075, 14089, 14106, 14153, 14270, 14309, 14406, 14490, 14646, 14734, 14763, 14827, 14914, 15344, 
10932, 11381, 11455, 11558, 11587, 12022, 12376, 12947, 13099, 13114, 13164, 13176, 13256, 13285, 13313, 13394, 13397, 13462, 13632, 13655, 13669, 13709, 13726, 13802, 13857, 13968, 14075, 14089, 14106, 14153, 14270, 14309, 14406, 14490, 14646, 14734, 14763, 14827, 14914, 15344, 
10932, 11381, 11455, 11558, 11587, 12022, 12376, 12947, 13099, 13114, 13164, 13176, 13256, 13285, 13313, 13394, 13397, 13462, 13632, 13655, 13669, 13709, 13726, 13802, 13857, 13968, 14075, 14089, 14106, 14153, 14270, 14309, 14406, 14490, 14646, 14734, 14763, 14827, 14914, 15344, 
10932, 11381, 11455, 11558, 11587, 12022, 12376, 12947, 13099, 13114, 13164, 13176, 13256, 13285, 13313, 13394, 13397, 13462, 13632, 13655, 13669, 13709, 13726, 13802, 13857, 13968, 14075, 14089, 14106, 14153, 14270, 14309, 14406, 14490, 14646, 14734, 14763, 14827, 14914, 15344, 
10932, 11381, 11455, 11558, 11587, 12022, 12376, 12947, 13099, 13114, 13164, 13176, 13256, 13285, 13313, 13394, 13397, 13462, 13632, 13655, 13669, 13709, 13726, 13802, 13857, 13968, 14075, 14089, 14106, 14153, 14270, 14309, 14406, 14490, 14646, 14734, 14763, 14827, 14914, 15344, 
10932, 11381, 11455, 11558, 11587, 12022, 12376, 12947, 13099, 13114, 13164, 13176, 13256, 13285, 13313, 13394, 13397, 13462, 13632, 13655, 13669, 13709, 13726, 13802, 13857, 13968, 14075, 14089, 14106, 14153, 14270, 14309, 14406, 14490, 14646, 14734, 14763, 14827, 14914, 15344, 
10932, 11381, 11455, 11558, 11587, 12022, 12376, 12947, 13099, 13114, 13164, 13176, 13256, 13285, 13313, 13394, 13397, 13462, 13632, 13655, 13669, 13709, 13726, 13802, 13857, 13968, 14075, 14089, 14106, 14153, 14270, 14309, 14406, 14490, 14646, 14734, 14763, 14827, 14914, 15344, 
10932, 11381, 11455, 11558, 11587, 12022, 12376, 12947, 13099, 13114, 13164, 13176, 13256, 13285, 13313, 13394, 13397, 13462, 13632, 13655, 13669, 13709, 13726, 13802, 13857, 13968, 14075, 14089, 14106, 14153, 14270, 14309, 14406, 14490, 14646, 14734, 14763, 14827, 14914, 15344, 
10932, 11381, 11455, 11558, 11587, 12022, 12376, 12947, 13099, 13114, 13164, 13176, 13256, 13285, 13313, 13394, 13397, 13462, 13632, 13655, 13669, 13709, 13726, 13802, 13857, 13968, 14075, 14089, 14106, 14153, 14270, 14309, 14406, 14490, 14646, 14734, 14763, 14827, 14914, 15344, 
10932, 11381, 11455, 11558, 11587, 12022, 12376, 12947, 13099, 13114, 13164, 13176, 13256, 13285, 13313, 13394, 13397, 13462, 13632, 13655, 13669, 13709, 13726, 13802, 13857, 13968, 14075, 14089, 14106, 14153, 14270, 14309, 14406, 14490, 14646, 14734, 14763, 14827, 14914, 15344, 
10932, 11381, 11455, 11558, 11587, 12022, 12376, 12947, 13099, 13114, 13164, 13176, 13256, 13285, 13313, 13394, 13397, 13462, 13632, 13655, 13669, 13709, 13726, 13802, 13857, 13968, 14075, 14089, 14106, 14153, 14270, 14309, 14406, 14490, 14646, 14734, 14763, 14827, 14914, 15344, 
10932, 11381, 11455, 11558, 11587, 12022, 12376, 12947, 13099, 13114, 13164, 13176, 13256, 13285, 13313, 13394, 13397, 13462, 13632, 13655, 13669, 13709, 13726, 13802, 13857, 13968, 14075, 14089, 14106, 14153, 14270, 14309, 14406, 14490, 14646, 14734, 14763, 14827, 14914, 15344, 
10932, 11381, 11455, 11558, 11587, 12022, 12376, 12947, 13099, 13114, 13164, 13176, 13256, 13285, 13313, 13394, 13397, 13462, 13632, 13655, 13669, 13709, 13726, 13802, 13857, 13968, 14075, 14089, 14106, 14153, 14270, 14309, 14406, 14490, 14646, 14734, 14763, 14827, 14914, 15344, 
10932, 11381, 11455, 11558, 11587, 12022, 12376, 12947, 13099, 13114, 13164, 13176, 13256, 13285, 13313, 13394, 13397, 13462, 13632, 13655, 13669, 13709, 13726, 13802, 13857, 13968, 14075, 14089, 14106, 14153, 14270, 14309, 14406, 14490, 14646, 14734, 14763, 14827, 14914, 15344, 
10932, 11381, 11455, 11558, 11587, 12022, 12376, 12947, 13099, 13114, 13164, 13176, 13256, 13285, 13313, 13394, 13397, 13462, 13632, 13655, 13669, 13709, 13726, 13802, 13857, 13968, 14075, 14089, 14106, 14153, 14270, 14309, 14406, 14490, 14646, 14734, 14763, 14827, 14914, 15344, 
10932, 11381, 11455, 11558, 11587, 12022, 12376, 12947, 13099, 13114, 13164, 13176, 13256, 13285, 13313, 13394, 13397, 13462, 13632, 13655, 13669, 13709, 13726, 13802, 13857, 13968, 14075, 14089, 14106, 14153, 14270, 14309, 14406, 14490, 14646, 14734, 14763, 14827, 14914, 15344, 
10932, 11381, 11455, 11558, 11587, 12022, 12376, 12947, 13099, 13114, 13164, 13176, 13256, 13285, 13313, 13394, 13397, 13462, 13632, 13655, 13669, 13709, 13726, 13802, 13857, 13968, 14075, 14089, 14106, 14153, 14270, 14309, 14406, 14490, 14646, 14734, 14763, 14827, 14914, 15344, 
10932, 11381, 11455, 11558, 11587, 12022, 12376, 12947, 13099, 13114, 13164, 13176, 13256, 13285, 13313, 13394, 13397, 13462, 13632, 13655, 13669, 13709, 13726, 13802, 13857, 13968, 14075, 14089, 14106, 14153, 14270, 14309, 14406, 14490, 14646, 14734, 14763, 14827, 14914, 15344, 
10932, 11381, 11455, 11558, 11587, 12022, 12376, 12947, 13099, 13114, 13164, 13176, 13256, 13285, 13313, 13394, 13397, 13462, 13632, 13655, 13669, 13709, 13726, 13802, 13857, 13968, 14075, 14089, 14106, 14153, 14270, 14309, 14406, 14490, 14646, 14734, 14763, 14827, 14914, 15344, 
10932, 11381, 11455, 11558, 11587, 12022, 12376, 12947, 13099, 13114, 13164, 13176, 13256, 13285, 13313, 13394, 13397, 13462, 13632, 13655, 13669, 13709, 13726, 13802, 13857, 13968, 14075, 14089, 14106, 14153, 14270, 14309, 14406, 14490, 14646, 14734, 14763, 14827, 14914, 15344, 
10932, 11381, 11455, 11558, 11587, 12022, 12376, 12947, 13099, 13114, 13164, 13176, 13256, 13285, 13313, 13394, 13397, 13462, 13632, 13655, 13669, 13709, 13726, 13802, 13857, 13968, 14075, 14089, 14106, 14153, 14270, 14309, 14406, 14490, 14646, 14734, 14763, 14827, 14914, 15344, 
10932, 11381, 11455, 11558, 11587, 12022, 12376, 12947, 13099, 13114, 13164, 13176, 13256, 13285, 13313, 13394, 13397, 13462, 13632, 13655, 13669, 13709, 13726, 13802, 13857, 13968, 14075, 14089, 14106, 14153, 14270, 14309, 14406, 14490, 14646, 14734, 14763, 14827, 14914, 15344, 
10932, 11381, 11455, 11558, 11587, 12022, 12376, 12947, 13099, 13114, 13164, 13176, 13256, 13285, 13313, 13394, 13397, 13462, 13632, 13655, 13669, 13709, 13726, 13802, 13857, 13968, 14075, 14089, 14106, 14153, 14270, 14309, 14406, 14490, 14646, 14734, 14763, 14827, 14914, 15344, 
10932, 11381, 11455, 11558, 11587, 12022, 12376, 12947, 13099, 13114, 13164, 13176, 13256, 13285, 13313, 13394, 13397, 13462, 13632, 13655, 13669, 13709, 13726, 13802, 13857, 13968, 14075, 14089, 14106, 14153, 14270, 14309, 14406, 14490, 14646, 14734, 14763, 14827, 14914, 15344, 
10932, 11381, 11455, 11558, 11587, 12022, 12376, 12947, 13099, 13114, 13164, 13176, 13256, 13285, 13313, 13394, 13397, 13462, 13632, 13655, 13669, 13709, 13726, 13802, 13857, 13968, 14075, 14089, 14106, 14153, 14270, 14309, 14406, 14490, 14646, 14734, 14763, 14827, 14914, 15344, 
10932, 11381, 11455, 11558, 11587, 12022, 12376, 12947, 13099, 13114, 13164, 13176, 13256, 13285, 13313, 13394, 13397, 13462, 13632, 13655, 13669, 13709, 13726, 13802, 13857, 13968, 14075, 14089, 14106, 14153, 14270, 14309, 14406, 14490, 14646, 14734, 14763, 14827, 14914, 15344, 
10932, 11381, 11455, 11558, 11587, 12022, 12376, 12947, 13099, 13114, 13164, 13176, 13256, 13285, 13313, 13394, 13397, 13462, 13632, 13655, 13669, 13709, 13726, 13802, 13857, 13968, 14075, 14089, 14106, 14153, 14270, 14309, 14406, 14490, 14646, 14734, 14763, 14827, 14914, 15344, 
10932, 11381, 11455, 11558, 11587, 12022, 12376, 12947, 13099, 13114, 13164, 13176, 13256, 13285, 13313, 13394, 13397, 13462, 13632, 13655, 13669, 13709, 13726, 13802, 13857, 13968, 14075, 14089, 14106, 14153, 14270, 14309, 14406, 14490, 14646, 14734, 14763, 14827, 14914, 15344, 
10932, 11381, 11455, 11558, 11587, 12022, 12376, 12947, 13099, 13114, 13164, 13176, 13256, 13285, 13313, 13394, 13397, 13462, 13632, 13655, 13669, 13709, 13726, 13802, 13857, 13968, 14075, 14089, 14106, 14153, 14270, 14309, 14406, 14490, 14646, 14734, 14763, 14827, 14914, 15344, 
10932, 11381, 11455, 11558, 11587, 12022, 12376, 12947, 13099, 13114, 13164, 13176, 13256, 13285, 13313, 13394, 13397, 13462, 13632, 13655, 13669, 13709, 13726, 13802, 13857, 13968, 14075, 14089, 14106, 14153, 14270, 14309, 14406, 14490, 14646, 14734, 14763, 14827, 14914, 15344, 
10932, 11381, 11455, 11558, 11587, 12022, 12376, 12947, 13099, 13114, 13164, 13176, 13256, 13285, 13313, 13394, 13397, 13462, 13632, 13655, 13669, 13709, 13726, 13802, 13857, 13968, 14075, 14089, 14106, 14153, 14270, 14309, 14406, 14490, 14646, 14734, 14763, 14827, 14914, 15344, 
10932, 11381, 11455, 11558, 11587, 12022, 12376, 12947, 13099, 13114, 13164, 13176, 13256, 13285, 13313, 13394, 13397, 13462, 13632, 13655, 13669, 13709, 13726, 13802, 13857, 13968, 14075, 14089, 14106, 14153, 14270, 14309, 14406, 14490, 14646, 14734, 14763, 14827, 14914, 15344, 
10932, 11381, 11455, 11558, 11587, 12022, 12376, 12947, 13099, 13114, 13164, 13176, 13256, 13285, 13313, 13394, 13397, 13462, 13632, 13655, 13669, 13709, 13726, 13802, 13857, 13968, 14075, 14089, 14106, 14153, 14270, 14309, 14406, 14490, 14646, 14734, 14763, 14827, 14914, 15344, 
10932, 11381, 11455, 11558, 11587, 12022, 12376, 12947, 13099, 13114, 13164, 13176, 13256, 13285, 13313, 13394, 13397, 13462, 13632, 13655, 13669, 13709, 13726, 13802, 13857, 13968, 14075, 14089, 14106, 14153, 14270, 14309, 14406, 14490, 14646, 14734, 14763, 14827, 14914, 15344, 
10932, 11381, 11455, 11558, 11587, 12022, 12376, 12947, 13099, 13114, 13164, 13176, 13256, 13285, 13313, 13394, 13397, 13462, 13632, 13655, 13669, 13709, 13726, 13802, 13857, 13968, 14075, 14089, 14106, 14153, 14270, 14309, 14406, 14490, 14646, 14734, 14763, 14827, 14914, 15344, 
10932, 11381, 11455, 11558, 11587, 12022, 12376, 12947, 13099, 13114, 13164, 13176, 13256, 13285, 13313, 13394, 13397, 13462, 13632, 13655, 13669, 13709, 13726, 13802, 13857, 13968, 14075, 14089, 14106, 14153, 14270, 14309, 14406, 14490, 14646, 14734, 14763, 14827, 14914, 15344, 
10932, 11381, 11455, 11558, 11587, 12022, 12376, 12947, 13099, 13114, 13164, 13176, 13256, 13285, 13313, 13394, 13397, 13462, 13632, 13655, 13669, 13709, 13726, 13802, 13857, 13968, 14075, 14089, 14106, 14153, 14270, 14309, 14406, 14490, 14646, 14734, 14763, 14827, 14914, 15344, 
10932, 11381, 11455, 11558, 11587, 12022, 12376, 12947, 13099, 13114, 13164, 13176, 13256, 13285, 13313, 13394, 13397, 13462, 13632, 13655, 13669, 13709, 13726, 13802, 13857, 13968, 14075, 14089, 14106, 14153, 14270, 14309, 14406, 14490, 14646, 14734, 14763, 14827, 14914, 15344, 
10932, 11381, 11455, 11558, 11587, 12022, 12376, 12947, 13099, 13114, 13164, 13176, 13256, 13285, 13313, 13394, 13397, 13462, 13632, 13655, 13669, 13709, 13726, 13802, 13857, 13968, 14075, 14089, 14106, 14153, 14270, 14309, 14406, 14490, 14646, 14734, 14763, 14827, 14914, 15344, 
10932, 11381, 11455, 11558, 11587, 12022, 12376, 12947, 13099, 13114, 13164, 13176, 13256, 13285, 13313, 13394, 13397, 13462, 13632, 13655, 13669, 13709, 13726, 13802, 13857, 13968, 14075, 14089, 14106, 14153, 14270, 14309, 14406, 14490, 14646, 14734, 14763, 14827, 14914, 15344, 
10932, 11381, 11455, 11558, 11587, 12022, 12376, 12947, 13099, 13114, 13164, 13176, 13256, 13285, 13313, 13394, 13397, 13462, 13632, 13655, 13669, 13709, 13726, 13802, 13857, 13968, 14075, 14089, 14106, 14153, 14270, 14309, 14406, 14490, 14646, 14734, 14763, 14827, 14914, 15344, 
10932, 11381, 11455, 11558, 11587, 12022, 12376, 12947, 13099, 13114, 13164, 13176, 13256, 13285, 13313, 13394, 13397, 13462, 13632, 13655, 13669, 13709, 13726, 13802, 13857, 13968, 14075, 14089, 14106, 14153, 14270, 14309, 14406, 14490, 14646, 14734, 14763, 14827, 14914, 15344, 
10932, 11381, 11455, 11558, 11587, 12022, 12376, 12947, 13099, 13114, 13164, 13176, 13256, 13285, 13313, 13394, 13397, 13462, 13632, 13655, 13669, 13709, 13726, 13802, 13857, 13968, 14075, 14089, 14106, 14153, 14270, 14309, 14406, 14490, 14646, 14734, 14763, 14827, 14914, 15344, 
10932, 11381, 11455, 11558, 11587, 12022, 12376, 12947, 13099, 13114, 13164, 13176, 13256, 13285, 13313, 13394, 13397, 13462, 13632, 13655, 13669, 13709, 13726, 13802, 13857, 13968, 14075, 14089, 14106, 14153, 14270, 14309, 14406, 14490, 14646, 14734, 14763, 14827, 14914, 15344, 
10932, 11381, 11455, 11558, 11587, 12022, 12376, 12947, 13099, 13114, 13164, 13176, 13256, 13285, 13313, 13394, 13397, 13462, 13632, 13655, 13669, 13709, 13726, 13802, 13857, 13968, 14075, 14089, 14106, 14153, 14270, 14309, 14406, 14490, 14646, 14734, 14763, 14827, 14914, 15344, 
10932, 11381, 11455, 11558, 11587, 12022, 12376, 12947, 13099, 13114, 13164, 13176, 13256, 13285, 13313, 13394, 13397, 13462, 13632, 13655, 13669, 13709, 13726, 13802, 13857, 13968, 14075, 14089, 14106, 14153, 14270, 14309, 14406, 14490, 14646, 14734, 14763, 14827, 14914, 15344, 
10932, 11381, 11455, 11558, 11587, 12022, 12376, 12947, 13099, 13114, 13164, 13176, 13256, 13285, 13313, 13394, 13397, 13462, 13632, 13655, 13669, 13709, 13726, 13802, 13857, 13968, 14075, 14089, 14106, 14153, 14270, 14309, 14406, 14490, 14646, 14734, 14763, 14827, 14914, 15344, 
10932, 11381, 11455, 11558, 11587, 12022, 12376, 12947, 13099, 13114, 13164, 13176, 13256, 13285, 13313, 13394, 13397, 13462, 13632, 13655, 13669, 13709, 13726, 13802, 13857, 13968, 14075, 14089, 14106, 14153, 14270, 14309, 14406, 14490, 14646, 14734, 14763, 14827, 14914, 15344, 
10932, 11381, 11455, 11558, 11587, 12022, 12376, 12947, 13099, 13114, 13164, 13176, 13256, 13285, 13313, 13394, 13397, 13462, 13632, 13655, 13669, 13709, 13726, 13802, 13857, 13968, 14075, 14089, 14106, 14153, 14270, 14309, 14406, 14490, 14646, 14734, 14763, 14827, 14914, 15344, 
10932, 11381, 11455, 11558, 11587, 12022, 12376, 12947, 13099, 13114, 13164, 13176, 13256, 13285, 13313, 13394, 13397, 13462, 13632, 13655, 13669, 13709, 13726, 13802, 13857, 13968, 14075, 14089, 14106, 14153, 14270, 14309, 14406, 14490, 14646, 14734, 14763, 14827, 14914, 15344, 
10932, 11381, 11455, 11558, 11587, 12022, 12376, 12947, 13099, 13114, 13164, 13176, 13256, 13285, 13313, 13394, 13397, 13462, 13632, 13655, 13669, 13709, 13726, 13802, 13857, 13968, 14075, 14089, 14106, 14153, 14270, 14309, 14406, 14490, 14646, 14734, 14763, 14827, 14914, 15344, 
10932, 11381, 11455, 11558, 11587, 12022, 12376, 12947, 13099, 13114, 13164, 13176, 13256, 13285, 13313, 13394, 13397, 13462, 13632, 13655, 13669, 13709, 13726, 13802, 13857, 13968, 14075, 14089, 14106, 14153, 14270, 14309, 14406, 14490, 14646, 14734, 14763, 14827, 14914, 15344, 
10932, 11381, 11455, 11558, 11587, 12022, 12376, 12947, 13099, 13114, 13164, 13176, 13256, 13285, 13313, 13394, 13397, 13462, 13632, 13655, 13669, 13709, 13726, 13802, 13857, 13968, 14075, 14089, 14106, 14153, 14270, 14309, 14406, 14490, 14646, 14734, 14763, 14827, 14914, 15344, 
10932, 11381, 11455, 11558, 11587, 12022, 12376, 12947, 13099, 13114, 13164, 13176, 13256, 13285, 13313, 13394, 13397, 13462, 13632, 13655, 13669, 13709, 13726, 13802, 13857, 13968, 14075, 14089, 14106, 14153, 14270, 14309, 14406, 14490, 14646, 14734, 14763, 14827, 14914, 15344, 
10932, 11381, 11455, 11558, 11587, 12022, 12376, 12947, 13099, 13114, 13164, 13176, 13256, 13285, 13313, 13394, 13397, 13462, 13632, 13655, 13669, 13709, 13726, 13802, 13857, 13968, 14075, 14089, 14106, 14153, 14270, 14309, 14406, 14490, 14646, 14734, 14763, 14827, 14914, 15344, 
10932, 11381, 11455, 11558, 11587, 12022, 12376, 12947, 13099, 13114, 13164, 13176, 13256, 13285, 13313, 13394, 13397, 13462, 13632, 13655, 13669, 13709, 13726, 13802, 13857, 13968, 14075, 14089, 14106, 14153, 14270, 14309, 14406, 14490, 14646, 14734, 14763, 14827, 14914, 15344, 
10932, 11381, 11455, 11558, 11587, 12022, 12376, 12947, 13099, 13114, 13164, 13176, 13256, 13285, 13313, 13394, 13397, 13462, 13632, 13655, 13669, 13709, 13726, 13802, 13857, 13968, 14075, 14089, 14106, 14153, 14270, 14309, 14406, 14490, 14646, 14734, 14763, 14827, 14914, 15344, 
10932, 11381, 11455, 11558, 11587, 12022, 12376, 12947, 13099, 13114, 13164, 13176, 13256, 13285, 13313, 13394, 13397, 13462, 13632, 13655, 13669, 13709, 13726, 13802, 13857, 13968, 14075, 14089, 14106, 14153, 14270, 14309, 14406, 14490, 14646, 14734, 14763, 14827, 14914, 15344, 
10932, 11381, 11455, 11558, 11587, 12022, 12376, 12947, 13099, 13114, 13164, 13176, 13256, 13285, 13313, 13394, 13397, 13462, 13632, 13655, 13669, 13709, 13726, 13802, 13857, 13968, 14075, 14089, 14106, 14153, 14270, 14309, 14406, 14490, 14646, 14734, 14763, 14827, 14914, 15344, 
10932, 11381, 11455, 11558, 11587, 12022, 12376, 12947, 13099, 13114, 13164, 13176, 13256, 13285, 13313, 13394, 13397, 13462, 13632, 13655, 13669, 13709, 13726, 13802, 13857, 13968, 14075, 14089, 14106, 14153, 14270, 14309, 14406, 14490, 14646, 14734, 14763, 14827, 14914, 15344, 
10932, 11381, 11455, 11558, 11587, 12022, 12376, 12947, 13099, 13114, 13164, 13176, 13256, 13285, 13313, 13394, 13397, 13462, 13632, 13655, 13669, 13709, 13726, 13802, 13857, 13968, 14075, 14089, 14106, 14153, 14270, 14309, 14406, 14490, 14646, 14734, 14763, 14827, 14914, 15344, 
10932, 11381, 11455, 11558, 11587, 12022, 12376, 12947, 13099, 13114, 13164, 13176, 13256, 13285, 13313, 13394, 13397, 13462, 13632, 13655, 13669, 13709, 13726, 13802, 13857, 13968, 14075, 14089, 14106, 14153, 14270, 14309, 14406, 14490, 14646, 14734, 14763, 14827, 14914, 15344, 
10932, 11381, 11455, 11558, 11587, 12022, 12376, 12947, 13099, 13114, 13164, 13176, 13256, 13285, 13313, 13394, 13397, 13462, 13632, 13655, 13669, 13709, 13726, 13802, 13857, 13968, 14075, 14089, 14106, 14153, 14270, 14309, 14406, 14490, 14646, 14734, 14763, 14827, 14914, 15344, 
10932, 11381, 11455, 11558, 11587, 12022, 12376, 12947, 13099, 13114, 13164, 13176, 13256, 13285, 13313, 13394, 13397, 13462, 13632, 13655, 13669, 13709, 13726, 13802, 13857, 13968, 14075, 14089, 14106, 14153, 14270, 14309, 14406, 14490, 14646, 14734, 14763, 14827, 14914, 15344, 
10932, 11381, 11455, 11558, 11587, 12022, 12376, 12947, 13099, 13114, 13164, 13176, 13256, 13285, 13313, 13394, 13397, 13462, 13632, 13655, 13669, 13709, 13726, 13802, 13857, 13968, 14075, 14089, 14106, 14153, 14270, 14309, 14406, 14490, 14646, 14734, 14763, 14827, 14914, 15344, 
10932, 11381, 11455, 11558, 11587, 12022, 12376, 12947, 13099, 13114, 13164, 13176, 13256, 13285, 13313, 13394, 13397, 13462, 13632, 13655, 13669, 13709, 13726, 13802, 13857, 13968, 14075, 14089, 14106, 14153, 14270, 14309, 14406, 14490, 14646, 14734, 14763, 14827, 14914, 15344, 
10932, 11381, 11455, 11558, 11587, 12022, 12376, 12947, 13099, 13114, 13164, 13176, 13256, 13285, 13313, 13394, 13397, 13462, 13632, 13655, 13669, 13709, 13726, 13802, 13857, 13968, 14075, 14089, 14106, 14153, 14270, 14309, 14406, 14490, 14646, 14734, 14763, 14827, 14914, 15344, 
10932, 11381, 11455, 11558, 11587, 12022, 12376, 12947, 13099, 13114, 13164, 13176, 13256, 13285, 13313, 13394, 13397, 13462, 13632, 13655, 13669, 13709, 13726, 13802, 13857, 13968, 14075, 14089, 14106, 14153, 14270, 14309, 14406, 14490, 14646, 14734, 14763, 14827, 14914, 15344, 
10932, 11381, 11455, 11558, 11587, 12022, 12376, 12947, 13099, 13114, 13164, 13176, 13256, 13285, 13313, 13394, 13397, 13462, 13632, 13655, 13669, 13709, 13726, 13802, 13857, 13968, 14075, 14089, 14106, 14153, 14270, 14309, 14406, 14490, 14646, 14734, 14763, 14827, 14914, 15344, 
10932, 11381, 11455, 11558, 11587, 12022, 12376, 12947, 13099, 13114, 13164, 13176, 13256, 13285, 13313, 13394, 13397, 13462, 13632, 13655, 13669, 13709, 13726, 13802, 13857, 13968, 14075, 14089, 14106, 14153, 14270, 14309, 14406, 14490, 14646, 14734, 14763, 14827, 14914, 15344, 
10932, 11381, 11455, 11558, 11587, 12022, 12376, 12947, 13099, 13114, 13164, 13176, 13256, 13285, 13313, 13394, 13397, 13462, 13632, 13655, 13669, 13709, 13726, 13802, 13857, 13968, 14075, 14089, 14106, 14153, 14270, 14309, 14406, 14490, 14646, 14734, 14763, 14827, 14914, 15344, 
10932, 11381, 11455, 11558, 11587, 12022, 12376, 12947, 13099, 13114, 13164, 13176, 13256, 13285, 13313, 13394, 13397, 13462, 13632, 13655, 13669, 13709, 13726, 13802, 13857, 13968, 14075, 14089, 14106, 14153, 14270, 14309, 14406, 14490, 14646, 14734, 14763, 14827, 14914, 15344, 
10932, 11381, 11455, 11558, 11587, 12022, 12376, 12947, 13099, 13114, 13164, 13176, 13256, 13285, 13313, 13394, 13397, 13462, 13632, 13655, 13669, 13709, 13726, 13802, 13857, 13968, 14075, 14089, 14106, 14153, 14270, 14309, 14406, 14490, 14646, 14734, 14763, 14827, 14914, 15344, 
10932, 11381, 11455, 11558, 11587, 12022, 12376, 12947, 13099, 13114, 13164, 13176, 13256, 13285, 13313, 13394, 13397, 13462, 13632, 13655, 13669, 13709, 13726, 13802, 13857, 13968, 14075, 14089, 14106, 14153, 14270, 14309, 14406, 14490, 14646, 14734, 14763, 14827, 14914, 15344, 
10932, 11381, 11455, 11558, 11587, 12022, 12376, 12947, 13099, 13114, 13164, 13176, 13256, 13285, 13313, 13394, 13397, 13462, 13632, 13655, 13669, 13709, 13726, 13802, 13857, 13968, 14075, 14089, 14106, 14153, 14270, 14309, 14406, 14490, 14646, 14734, 14763, 14827, 14914, 15344, 
10932, 11381, 11455, 11558, 11587, 12022, 12376, 12947, 13099, 13114, 13164, 13176, 13256, 13285, 13313, 13394, 13397, 13462, 13632, 13655, 13669, 13709, 13726, 13802, 13857, 13968, 14075, 14089, 14106, 14153, 14270, 14309, 14406, 14490, 14646, 14734, 14763, 14827, 14914, 15344, 
10932, 11381, 11455, 11558, 11587, 12022, 12376, 12947, 13099, 13114, 13164, 13176, 13256, 13285, 13313, 13394, 13397, 13462, 13632, 13655, 13669, 13709, 13726, 13802, 13857, 13968, 14075, 14089, 14106, 14153, 14270, 14309, 14406, 14490, 14646, 14734, 14763, 14827, 14914, 15344, 
10932, 11381, 11455, 11558, 11587, 12022, 12376, 12947, 13099, 13114, 13164, 13176, 13256, 13285, 13313, 13394, 13397, 13462, 13545, 13546, 13547, 13548, 13549, 13550, 13551, 13552, 13553, 13554, 13555, 13556, 13557, 13558, 13559, 13632, 13655, 13669, 13709, 13726, 13802, 13857, 13968, 14075, 14089, 14106, 14153, 14270, 14309, 14406, 14490, 14646, 14734, 14763, 14827, 14914, 
10932, 11381, 11455, 11558, 11587, 12022, 12376, 12947, 13099, 13114, 13164, 13176, 13256, 13285, 13313, 13394, 13397, 13462, 13545, 13546, 13547, 13548, 13549, 13550, 13551, 13552, 13553, 13554, 13555, 13556, 13557, 13558, 13559, 13632, 13655, 13669, 13709, 13726, 13802, 13857, 13968, 14075, 14089, 14106, 14153, 14270, 14309, 14406, 14490, 14646, 14734, 14763, 14827, 14914, 
10932, 11381, 11455, 11558, 11587, 12022, 12376, 12675, 12676, 12677, 12678, 12679, 12680, 12681, 12682, 12683, 12684, 12685, 12686, 12687, 12688, 12689, 12947, 13099, 13114, 13164, 13176, 13215, 13216, 13217, 13218, 13219, 13220, 13221, 13222, 13223, 13224, 13225, 13226, 13227, 13228, 13229, 13256, 13285, 13313, 13320, 13321, 13322, 13323, 13324, 13325, 13326, 13327, 13328, 13329, 13330, 13331, 13332, 13333, 13334, 13394, 13397, 13462, 13545, 13546, 13547, 13548, 13549, 13550, 13551, 13552, 13553, 13554, 13555, 13556, 13557, 13558, 13559, 13632, 13655, 13669, 13709, 13726, 13802, 13857, 13968, 14075, 14089, 14106, 14153, 14270, 14309, 14406, 14490, 14646, 14734, 
10932, 11381, 11455, 11558, 11587, 12022, 12376, 12675, 12676, 12677, 12678, 12679, 12680, 12681, 12682, 12683, 12684, 12685, 12686, 12687, 12688, 12689, 12947, 13099, 13114, 13164, 13176, 13215, 13216, 13217, 13218, 13219, 13220, 13221, 13222, 13223, 13224, 13225, 13226, 13227, 13228, 13229, 13256, 13285, 13313, 13320, 13321, 13322, 13323, 13324, 13325, 13326, 13327, 13328, 13329, 13330, 13331, 13332, 13333, 13334, 13394, 13397, 13462, 13557, 13632, 13655, 13669, 13709, 13726, 13802, 13857, 13968, 14075, 14089, 14106, 14153, 14270, 14309, 14406, 14490, 14646, 14734, 
11280, 11281, 11282, 11283, 11284, 11285, 11286, 11287, 11288, 11289, 11290, 11291, 11292, 11293, 11294, 11381, 11455, 11558, 11587, 12000, 12001, 12002, 12003, 12004, 12005, 12006, 12007, 12008, 12009, 12010, 12011, 12012, 12013, 12014, 12675, 12676, 12677, 12678, 12679, 12680, 12681, 12682, 12683, 12684, 12685, 12686, 12687, 12688, 12689, 12947, 12975, 12976, 12977, 12978, 12979, 12980, 12981, 12982, 12983, 12984, 12985, 12986, 12987, 12988, 12989, 13099, 13114, 13140, 13141, 13142, 13143, 13144, 13145, 13146, 13147, 13148, 13149, 13150, 13151, 13152, 13153, 13154, 13164, 13176, 13215, 13216, 13217, 13218, 13219, 13220, 13221, 13222, 13223, 13224, 13225, 13226, 13227, 13228, 13229, 13256, 13285, 13313, 13320, 13321, 13322, 13323, 13324, 13325, 13326, 13327, 13328, 13329, 13330, 13331, 13332, 13333, 13334, 13394, 13397, 13462, 13557, 13632, 13655, 13669, 13709, 13726, 13802, 13857, 13968, 14075, 14089, 14106, 14270, 14309, 14406, 14490, 14646, 14734, 
11381, 11455, 11558, 11587, 12022, 12376, 12677, 12947, 12975, 12976, 12977, 12978, 12979, 12980, 12981, 12982, 12983, 12984, 12985, 12986, 12987, 12988, 12989, 13099, 13114, 13164, 13176, 13219, 13256, 13285, 13313, 13330, 13394, 13397, 13462, 13557, 13632, 13655, 13669, 13709, 13726, 13802, 13857, 13968, 14075, 14089, 14106, 14153, 14270, 14309, 14406, 14490, 14646, 14734, 
11381, 11455, 11558, 11587, 12022, 12376, 12677, 12947, 12975, 12976, 12977, 12978, 12979, 12980, 12981, 12982, 12983, 12984, 12985, 12986, 12987, 12988, 12989, 13099, 13114, 13164, 13176, 13219, 13256, 13285, 13313, 13330, 13394, 13397, 13462, 13557, 13632, 13655, 13669, 13709, 13726, 13802, 13857, 13968, 14075, 14089, 14106, 14153, 14270, 14309, 14406, 14490, 14646, 14734, 
11381, 11455, 11558, 11587, 12677, 12947, 12975, 13099, 13114, 13164, 13176, 13219, 13256, 13285, 13313, 13330, 13394, 13397, 13462, 13557, 13632, 13655, 13669, 13709, 13726, 13802, 13857, 13968, 14075, 14089, 14106, 14550, 14551, 14552, 14553, 14554, 14555, 14556, 14557, 14558, 14559, 14560, 14561, 14562, 14563, 14564, 14580, 14581, 14582, 14583, 14584, 14585, 14586, 14587, 14588, 14589, 14590, 14591, 14592, 14593, 14594, 14595, 14596, 14597, 14598, 14599, 14600, 14601, 14602, 14603, 14604, 14605, 14606, 14607, 14608, 14609, 14700, 14701, 14702, 14703, 14704, 14705, 14706, 14707, 14708, 14709, 14710, 14711, 14712, 14713, 14714, 14715, 14716, 14717, 14718, 14719, 14720, 14721, 14722, 14723, 14724, 14725, 14726, 14727, 14728, 14729, 14805, 14806, 14807, 14808, 14809, 14810, 14811, 14812, 14813, 14814, 14815, 14816, 14817, 14818, 14819, 14850, 14851, 14852, 14853, 14854, 14855, 14856, 14857, 14858, 14859, 14860, 14861, 14862, 14863, 14864, 14865, 14866, 14867, 14868, 14869, 14870, 14871, 14872, 14873, 14874, 14875, 14876, 14877, 14878, 14879, 14955, 14956, 14957, 14958, 14959, 14960, 14961, 14962, 14963, 14964, 14965, 14966, 14967, 14968, 14969, 
11381, 11455, 11558, 11587, 12677, 12947, 12975, 13099, 13114, 13164, 13176, 13219, 13256, 13285, 13313, 13330, 13394, 13397, 13462, 13557, 13632, 13655, 13669, 13709, 13726, 13802, 13857, 13968, 14075, 14089, 14106, 14270, 14309, 14406, 14490, 14550, 14551, 14552, 14553, 14554, 14555, 14556, 14557, 14558, 14559, 14560, 14561, 14562, 14563, 14564, 14580, 14581, 14582, 14583, 14584, 14585, 14586, 14587, 14588, 14589, 14590, 14591, 14592, 14593, 14594, 14595, 14596, 14597, 14598, 14599, 14600, 14601, 14602, 14603, 14604, 14605, 14606, 14607, 14608, 14609, 14646, 14734, 
11381, 11455, 11558, 11587, 12677, 12947, 12975, 13005, 13006, 13007, 13008, 13009, 13010, 13011, 13012, 13013, 13014, 13015, 13016, 13017, 13018, 13019, 13099, 13114, 13164, 13176, 13185, 13186, 13187, 13188, 13189, 13190, 13191, 13192, 13193, 13194, 13195, 13196, 13197, 13198, 13199, 13219, 13256, 13285, 13313, 13330, 13394, 13397, 13462, 13557, 13575, 13576, 13577, 13578, 13579, 13580, 13581, 13582, 13583, 13584, 13585, 13586, 13587, 13588, 13589, 13632, 13655, 13669, 13709, 13726, 13785, 13786, 13787, 13788, 13789, 13790, 13791, 13792, 13793, 13794, 13795, 13796, 13797, 13798, 13799, 13802, 13857, 13935, 13936, 13937, 13938, 13939, 13940, 13941, 13942, 13943, 13944, 13945, 13946, 13947, 13948, 13949, 13968, 14075, 14089, 14106, 14370, 14371, 14372, 14373, 14374, 14375, 14376, 14377, 14378, 14379, 14380, 14381, 14382, 14383, 14384, 14415, 14416, 14417, 14418, 14419, 14420, 14421, 14422, 14423, 14424, 14425, 14426, 14427, 14428, 14429, 14475, 14476, 14477, 14478, 14479, 14480, 14481, 14482, 14483, 14484, 14485, 14486, 14487, 14488, 14489, 14535, 14536, 14537, 14538, 14539, 14540, 14541, 14542, 14543, 14544, 14545, 14546, 14547, 14548, 14549, 
11220, 11221, 11222, 11223, 11224, 11225, 11226, 11227, 11228, 11229, 11230, 11231, 11232, 11233, 11234, 11381, 11455, 11535, 11536, 11537, 11538, 11539, 11540, 11541, 11542, 11543, 11544, 11545, 11546, 11547, 11548, 11549, 11558, 11587, 11745, 11746, 11747, 11748, 11749, 11750, 11751, 11752, 11753, 11754, 11755, 11756, 11757, 11758, 11759, 12677, 12795, 12796, 12797, 12798, 12799, 12800, 12801, 12802, 12803, 12804, 12805, 12806, 12807, 12808, 12809, 12900, 12901, 12902, 12903, 12904, 12905, 12906, 12907, 12908, 12909, 12910, 12911, 12912, 12913, 12914, 12947, 12975, 13005, 13006, 13007, 13008, 13009, 13010, 13011, 13012, 13013, 13014, 13015, 13016, 13017, 13018, 13019, 13099, 13114, 13164, 13176, 13219, 13256, 13285, 13313, 13330, 13394, 13397, 13462, 13557, 13575, 13576, 13577, 13578, 13579, 13580, 13581, 13582, 13583, 13584, 13585, 13586, 13587, 13588, 13589, 13632, 13655, 13669, 13709, 13726, 13785, 13786, 13787, 13788, 13789, 13790, 13791, 13792, 13793, 13794, 13795, 13796, 13797, 13798, 13799, 13802, 13857, 13935, 13936, 13937, 13938, 13939, 13940, 13941, 13942, 13943, 13944, 13945, 13946, 13947, 13948, 13949, 13968, 14075, 14089, 14106, 
10590, 10591, 10592, 10593, 10594, 10595, 10596, 10597, 10598, 10599, 10600, 10601, 10602, 10603, 10604, 11381, 11455, 11558, 11587, 12677, 12795, 12796, 12797, 12798, 12799, 12800, 12801, 12802, 12803, 12804, 12805, 12806, 12807, 12808, 12809, 12947, 12975, 13005, 13006, 13007, 13008, 13009, 13010, 13011, 13012, 13013, 13014, 13015, 13016, 13017, 13018, 13019, 13099, 13114, 13164, 13176, 13219, 13256, 13285, 13313, 13330, 13394, 13397, 13462, 13557, 13575, 13576, 13577, 13578, 13579, 13580, 13581, 13582, 13583, 13584, 13585, 13586, 13587, 13588, 13589, 13632, 13655, 13669, 13709, 13726, 13785, 13786, 13787, 13788, 13789, 13790, 13791, 13792, 13793, 13794, 13795, 13796, 13797, 13798, 13799, 13802, 13857, 13935, 13936, 13937, 13938, 13939, 13940, 13941, 13942, 13943, 13944, 13945, 13946, 13947, 13948, 13949, 13968, 14075, 14089, 14106, 14595, 14596, 14597, 14598, 14599, 14600, 14601, 14602, 14603, 14604, 14605, 14606, 14607, 14608, 14609, 14646, 14734, 
11381, 11455, 11558, 11587, 12677, 12795, 12796, 12797, 12798, 12799, 12800, 12801, 12802, 12803, 12804, 12805, 12806, 12807, 12808, 12809, 12947, 12975, 13014, 13099, 13114, 13164, 13176, 13219, 13256, 13285, 13313, 13330, 13394, 13397, 13462, 13557, 13578, 13632, 13655, 13669, 13709, 13726, 13789, 13802, 13857, 13938, 13968, 14075, 14089, 14106, 14580, 14581, 14582, 14583, 14584, 14585, 14586, 14587, 14588, 14589, 14590, 14591, 14592, 14593, 14594, 14595, 14596, 14597, 14598, 14599, 14600, 14601, 14602, 14603, 14604, 14605, 14606, 14607, 14608, 14609, 14646, 14734, 
11381, 11455, 11558, 11587, 12677, 12807, 12947, 12975, 13014, 13099, 13114, 13164, 13176, 13219, 13256, 13285, 13313, 13330, 13394, 13397, 13462, 13557, 13578, 13632, 13655, 13669, 13709, 13726, 13789, 13802, 13857, 13938, 13968, 14075, 14089, 14106, 14580, 14581, 14582, 14583, 14584, 14585, 14586, 14587, 14588, 14589, 14590, 14591, 14592, 14593, 14594, 14595, 14596, 14597, 14598, 14599, 14600, 14601, 14602, 14603, 14604, 14605, 14606, 14607, 14608, 14609, 14646, 14734, 
11381, 11455, 11558, 11587, 12677, 12807, 12947, 12975, 13014, 13099, 13114, 13164, 13176, 13219, 13256, 13285, 13313, 13330, 13394, 13397, 13462, 13557, 13578, 13632, 13655, 13669, 13709, 13726, 13789, 13802, 13857, 13938, 13968, 14075, 14089, 14106, 14580, 14581, 14582, 14583, 14584, 14585, 14586, 14587, 14588, 14589, 14590, 14591, 14592, 14593, 14594, 14608, 14646, 14734, 
11381, 11455, 11558, 11587, 12677, 12807, 12947, 12975, 13014, 13099, 13114, 13164, 13176, 13219, 13256, 13285, 13313, 13330, 13394, 13397, 13462, 13557, 13578, 13632, 13655, 13669, 13709, 13726, 13789, 13802, 13857, 13938, 13968, 14075, 14089, 14106, 14581, 14608, 14646, 14734, 
11381, 11455, 11558, 11587, 12677, 12807, 12947, 12975, 13014, 13099, 13114, 13164, 13176, 13219, 13256, 13285, 13313, 13330, 13394, 13397, 13462, 13557, 13578, 13632, 13655, 13669, 13709, 13726, 13789, 13802, 13857, 13938, 13968, 14075, 14089, 14106, 15000, 15001, 15002, 15003, 15004, 15005, 15006, 15007, 15008, 15009, 15010, 15011, 15012, 15013, 15014, 15195, 15196, 15197, 15198, 15199, 15200, 15201, 15202, 15203, 15204, 15205, 15206, 15207, 15208, 15209, 15375, 15376, 15377, 15378, 15379, 15380, 15381, 15382, 15383, 15384, 15385, 15386, 15387, 15388, 15389, 15585, 15586, 15587, 15588, 15589, 15590, 15591, 15592, 15593, 15594, 15595, 15596, 15597, 15598, 15599, 
11381, 11455, 11558, 11587, 12677, 12807, 12947, 12975, 13014, 13099, 13114, 13164, 13176, 13219, 13256, 13285, 13313, 13330, 13394, 13397, 13462, 13557, 13578, 13632, 13655, 13669, 13709, 13726, 13789, 13802, 13857, 13938, 13968, 14075, 14089, 14106, 14581, 14608, 14646, 14734, 
11381, 11455, 11558, 11587, 12677, 12807, 12947, 12975, 13014, 13099, 13114, 13164, 13176, 13219, 13256, 13285, 13313, 13330, 13394, 13397, 13462, 13557, 13578, 13632, 13655, 13669, 13709, 13726, 13789, 13802, 13857, 13938, 13968, 14075, 14089, 14106, 14655, 14656, 14657, 14658, 14659, 14660, 14661, 14662, 14663, 14664, 14665, 14666, 14667, 14668, 14669, 14685, 14686, 14687, 14688, 14689, 14690, 14691, 14692, 14693, 14694, 14695, 14696, 14697, 14698, 14699, 14925, 14926, 14927, 14928, 14929, 14930, 14931, 14932, 14933, 14934, 14935, 14936, 14937, 14938, 14939, 14940, 14941, 14942, 14943, 14944, 14945, 14946, 14947, 14948, 14949, 14950, 14951, 14952, 14953, 14954, 
11381, 11455, 11558, 11587, 12677, 12807, 12947, 12975, 13014, 13099, 13114, 13164, 13176, 13219, 13256, 13285, 13313, 13330, 13394, 13397, 13462, 13557, 13578, 13632, 13655, 13669, 13709, 13726, 13789, 13802, 13857, 13938, 13968, 14075, 14089, 14106, 14355, 14356, 14357, 14358, 14359, 14360, 14361, 14362, 14363, 14364, 14365, 14366, 14367, 14368, 14369, 14385, 14386, 14387, 14388, 14389, 14390, 14391, 14392, 14393, 14394, 14395, 14396, 14397, 14398, 14399, 14445, 14446, 14447, 14448, 14449, 14450, 14451, 14452, 14453, 14454, 14455, 14456, 14457, 14458, 14459, 14625, 14626, 14627, 14628, 14629, 14630, 14631, 14632, 14633, 14634, 14635, 14636, 14637, 14638, 14639, 
11381, 11455, 11558, 11587, 12677, 12807, 12947, 12975, 13014, 13099, 13114, 13164, 13176, 13219, 13256, 13285, 13313, 13330, 13394, 13397, 13462, 13557, 13578, 13632, 13655, 13669, 13709, 13726, 13789, 13802, 13857, 13938, 13968, 14075, 14089, 14106, 14235, 14236, 14237, 14238, 14239, 14240, 14241, 14242, 14243, 14244, 14245, 14246, 14247, 14248, 14249, 14250, 14251, 14252, 14253, 14254, 14255, 14256, 14257, 14258, 14259, 14260, 14261, 14262, 14263, 14264, 14280, 14281, 14282, 14283, 14284, 14285, 14286, 14287, 14288, 14289, 14290, 14291, 14292, 14293, 14294, 14310, 14311, 14312, 14313, 14314, 14315, 14316, 14317, 14318, 14319, 14320, 14321, 14322, 14323, 14324, 
11381, 11455, 11558, 11587, 12677, 12807, 12947, 12975, 13014, 13099, 13114, 13164, 13176, 13219, 13256, 13285, 13313, 13330, 13394, 13397, 13462, 13557, 13578, 13632, 13655, 13669, 13709, 13726, 13789, 13802, 13857, 13890, 13891, 13892, 13893, 13894, 13895, 13896, 13897, 13898, 13899, 13900, 13901, 13902, 13903, 13904, 13905, 13906, 13907, 13908, 13909, 13910, 13911, 13912, 13913, 13914, 13915, 13916, 13917, 13918, 13919, 13938, 13968, 13980, 13981, 13982, 13983, 13984, 13985, 13986, 13987, 13988, 13989, 13990, 13991, 13992, 13993, 13994, 14040, 14041, 14042, 14043, 14044, 14045, 14046, 14047, 14048, 14049, 14050, 14051, 14052, 14053, 14054, 14075, 14089, 14106, 
11381, 11455, 11558, 11587, 12677, 12807, 12947, 12975, 13014, 13035, 13036, 13037, 13038, 13039, 13040, 13041, 13042, 13043, 13044, 13045, 13046, 13047, 13048, 13049, 13099, 13114, 13164, 13176, 13219, 13256, 13285, 13290, 13291, 13292, 13293, 13294, 13295, 13296, 13297, 13298, 13299, 13300, 13301, 13302, 13303, 13304, 13313, 13330, 13394, 13397, 13462, 13557, 13560, 13561, 13562, 13563, 13564, 13565, 13566, 13567, 13568, 13569, 13570, 13571, 13572, 13573, 13574, 13578, 13632, 13655, 13669, 13680, 13681, 13682, 13683, 13684, 13685, 13686, 13687, 13688, 13689, 13690, 13691, 13692, 13693, 13694, 13709, 13726, 13789, 13802, 13857, 13938, 13968, 14075, 14089, 14106, 
11381, 11455, 11558, 11587, 12105, 12106, 12107, 12108, 12109, 12110, 12111, 12112, 12113, 12114, 12115, 12116, 12117, 12118, 12119, 12677, 12807, 12885, 12886, 12887, 12888, 12889, 12890, 12891, 12892, 12893, 12894, 12895, 12896, 12897, 12898, 12899, 12947, 12975, 13014, 13099, 13114, 13164, 13176, 13219, 13256, 13285, 13313, 13330, 13394, 13397, 13462, 13557, 13560, 13561, 13562, 13563, 13564, 13565, 13566, 13567, 13568, 13569, 13570, 13571, 13572, 13573, 13574, 13578, 13632, 13655, 13669, 13680, 13681, 13682, 13683, 13684, 13685, 13686, 13687, 13688, 13689, 13690, 13691, 13692, 13693, 13694, 13709, 13726, 13789, 13802, 13857, 13938, 13968, 14075, 14089, 14106, 
11381, 11455, 11460, 11461, 11462, 11463, 11464, 11465, 11466, 11467, 11468, 11469, 11470, 11471, 11472, 11473, 11474, 11558, 11587, 12677, 12807, 12885, 12886, 12887, 12888, 12889, 12890, 12891, 12892, 12893, 12894, 12895, 12896, 12897, 12898, 12899, 12947, 12975, 13014, 13099, 13114, 13164, 13176, 13219, 13256, 13285, 13313, 13330, 13394, 13397, 13462, 13557, 13560, 13561, 13562, 13563, 13564, 13565, 13566, 13567, 13568, 13569, 13570, 13571, 13572, 13573, 13574, 13578, 13632, 13655, 13669, 13680, 13681, 13682, 13683, 13684, 13685, 13686, 13687, 13688, 13689, 13690, 13691, 13692, 13693, 13694, 13709, 13726, 13789, 13802, 13857, 13938, 13968, 14075, 14089, 14106, 
9180, 9181, 9182, 9183, 9184, 9185, 9186, 9187, 9188, 9189, 9190, 9191, 9192, 9193, 9194, 11455, 11460, 11461, 11462, 11463, 11464, 11465, 11466, 11467, 11468, 11469, 11470, 11471, 11472, 11473, 11474, 11558, 11587, 12677, 12807, 12885, 12886, 12887, 12888, 12889, 12890, 12891, 12892, 12893, 12894, 12895, 12896, 12897, 12898, 12899, 12947, 12975, 13014, 13099, 13114, 13164, 13176, 13219, 13256, 13285, 13313, 13330, 13394, 13397, 13462, 13557, 13560, 13578, 13632, 13655, 13669, 13689, 13709, 13726, 13789, 13802, 13857, 13938, 13968, 14075, 14089, 14106, 
11381, 11455, 11460, 11461, 11462, 11463, 11464, 11465, 11466, 11467, 11468, 11469, 11470, 11471, 11472, 11473, 11474, 11558, 11587, 12677, 12807, 12892, 12947, 12975, 13014, 13099, 13114, 13164, 13176, 13219, 13256, 13285, 13313, 13330, 13394, 13397, 13462, 13557, 13560, 13578, 13632, 13655, 13669, 13689, 13709, 13726, 13789, 13802, 13857, 13938, 13968, 14075, 14089, 14106, 
11381, 11455, 11462, 11558, 11587, 12677, 12807, 12892, 12947, 12975, 13014, 13099, 13114, 13164, 13176, 13219, 13256, 13285, 13313, 13330, 13394, 13397, 13462, 13557, 13560, 13578, 13632, 13655, 13669, 13689, 13709, 13726, 13789, 13802, 13857, 13938, 13968, 14075, 14089, 14106, 
11381, 11455, 11462, 11558, 11587, 12677, 12807, 12892, 12947, 12975, 13014, 13099, 13114, 13164, 13176, 13219, 13256, 13285, 13313, 13330, 13394, 13397, 13462, 13557, 13560, 13578, 13632, 13655, 13669, 13689, 13709, 13726, 13789, 13802, 13857, 13938, 13968, 14075, 14089, 14106, 
11381, 11455, 11462, 11558, 11587, 12677, 12807, 12892, 12947, 12975, 13014, 13099, 13114, 13164, 13176, 13219, 13256, 13285, 13313, 13330, 13394, 13397, 13462, 13557, 13560, 13578, 13632, 13655, 13669, 13689, 13709, 13726, 13789, 13802, 13857, 13938, 13968, 14075, 14089, 14106, 
11381, 11455, 11462, 11558, 11587, 12677, 12807, 12892, 12947, 12975, 13014, 13099, 13114, 13164, 13176, 13219, 13256, 13285, 13313, 13330, 13394, 13397, 13462, 13557, 13560, 13578, 13632, 13655, 13669, 13689, 13709, 13726, 13789, 13802, 13857, 13938, 13968, 14075, 14089, 14106, 
11381, 11455, 11462, 11558, 11587, 12677, 12807, 12892, 12947, 12975, 13014, 13099, 13114, 13164, 13176, 13219, 13256, 13285, 13313, 13330, 13394, 13397, 13462, 13557, 13560, 13578, 13632, 13655, 13669, 13689, 13709, 13726, 13789, 13802, 13857, 13938, 13968, 14075, 14089, 14106, 
11381, 11455, 11462, 11558, 11587, 12677, 12807, 12892, 12947, 12975, 13014, 13099, 13114, 13164, 13176, 13219, 13256, 13285, 13313, 13330, 13394, 13397, 13462, 13557, 13560, 13578, 13632, 13655, 13669, 13689, 13709, 13726, 13789, 13802, 13857, 13938, 13968, 14075, 14089, 14106, 
11381, 11455, 11462, 11558, 11587, 12677, 12807, 12892, 12947, 12975, 13014, 13099, 13114, 13164, 13176, 13219, 13256, 13285, 13313, 13330, 13394, 13397, 13462, 13557, 13560, 13578, 13632, 13655, 13669, 13689, 13709, 13726, 13789, 13802, 13857, 13938, 13968, 14075, 14089, 14106, 
11381, 11455, 11462, 11558, 11587, 12677, 12807, 12892, 12947, 12975, 13014, 13099, 13114, 13164, 13176, 13219, 13256, 13285, 13313, 13330, 13394, 13397, 13462, 13557, 13560, 13578, 13632, 13655, 13669, 13689, 13709, 13726, 13789, 13802, 13857, 13938, 13968, 14075, 14089, 14106, 
11381, 11455, 11462, 11558, 11587, 12677, 12807, 12892, 12947, 12975, 13014, 13099, 13114, 13164, 13176, 13219, 13256, 13285, 13313, 13330, 13394, 13397, 13462, 13557, 13560, 13578, 13632, 13655, 13669, 13689, 13709, 13726, 13789, 13802, 13857, 13938, 13968, 14075, 14089, 14106, 
11381, 11455, 11462, 11558, 11587, 12677, 12807, 12892, 12947, 12975, 13014, 13099, 13114, 13164, 13176, 13219, 13256, 13285, 13313, 13330, 13394, 13397, 13462, 13557, 13560, 13578, 13632, 13655, 13669, 13689, 13709, 13726, 13789, 13802, 13857, 13938, 13968, 14075, 14089, 14106, 
11381, 11455, 11462, 11558, 11587, 12677, 12807, 12892, 12947, 12975, 13014, 13099, 13114, 13164, 13176, 13219, 13256, 13285, 13313, 13330, 13394, 13397, 13462, 13557, 13560, 13578, 13632, 13655, 13669, 13689, 13709, 13726, 13789, 13802, 13857, 13938, 13968, 14075, 14089, 14106, 
12780, 12781, 12782, 12783, 12784, 12785, 12786, 12787, 12788, 12789, 12790, 12791, 12792, 12793, 12794, 12892, 12947, 12975, 13014, 13099, 13114, 13164, 13176, 13219, 13256, 13285, 13313, 13330, 13394, 13397, 13462, 13557, 13560, 13578, 13632, 13655, 13669, 13689, 13709, 13726, 13789, 13802, 13857, 13938, 13968, 14075, 14089, 14106, 14505, 14506, 14507, 14508, 14509, 14510, 14511, 14512, 14513, 14514, 14515, 14516, 14517, 14518, 14519, 14895, 14896, 14897, 14898, 14899, 14900, 14901, 14902, 14903, 14904, 14905, 14906, 14907, 14908, 14909, 15030, 15031, 15032, 15033, 15034, 15035, 15036, 15037, 15038, 15039, 15040, 15041, 15042, 15043, 15044, 15090, 15091, 15092, 15093, 15094, 15095, 15096, 15097, 15098, 15099, 15100, 15101, 15102, 15103, 15104, 15645, 15646, 15647, 15648, 15649, 15650, 15651, 15652, 15653, 15654, 15655, 15656, 15657, 15658, 15659, 15885, 15886, 15887, 15888, 15889, 15890, 15891, 15892, 15893, 15894, 15895, 15896, 15897, 15898, 15899, 
11455, 11462, 11558, 11587, 12677, 12780, 12781, 12782, 12783, 12784, 12785, 12786, 12787, 12788, 12789, 12790, 12791, 12792, 12793, 12794, 12807, 12892, 12947, 12975, 13014, 13099, 13114, 13164, 13176, 13219, 13256, 13285, 13313, 13330, 13394, 13397, 13462, 13557, 13560, 13578, 13632, 13655, 13669, 13689, 13709, 13726, 13789, 13802, 13857, 13938, 13968, 14075, 14089, 14106, 
11455, 11462, 11558, 11587, 12677, 12780, 12781, 12782, 12783, 12784, 12785, 12786, 12787, 12788, 12789, 12790, 12791, 12792, 12793, 12794, 12807, 12892, 12947, 12975, 13014, 13099, 13114, 13164, 13176, 13219, 13256, 13285, 13313, 13330, 13394, 13397, 13462, 13557, 13560, 13578, 13632, 13655, 13669, 13689, 13709, 13726, 13789, 13802, 13857, 13938, 13968, 14075, 14089, 14106, 
11455, 11462, 11558, 11587, 12677, 12793, 12807, 12892, 12947, 12975, 13014, 13099, 13114, 13164, 13176, 13219, 13256, 13285, 13313, 13330, 13394, 13397, 13462, 13557, 13560, 13578, 13632, 13655, 13669, 13689, 13709, 13726, 13789, 13802, 13857, 13938, 13968, 14075, 14089, 14106, 
11455, 11462, 11558, 11587, 12677, 12793, 12807, 12892, 12947, 12975, 13014, 13099, 13114, 13164, 13176, 13219, 13256, 13285, 13313, 13330, 13394, 13397, 13462, 13557, 13560, 13578, 13632, 13655, 13669, 13689, 13709, 13726, 13789, 13802, 13857, 13938, 13968, 14075, 14089, 14106, 
11455, 11462, 11558, 11587, 12677, 12793, 12807, 12892, 12947, 12975, 13014, 13099, 13114, 13164, 13176, 13219, 13256, 13285, 13313, 13330, 13394, 13397, 13462, 13557, 13560, 13578, 13632, 13655, 13669, 13689, 13709, 13726, 13789, 13802, 13857, 13938, 13968, 14075, 14089, 14106, 
11455, 11462, 11558, 11587, 12677, 12793, 12807, 12892, 12947, 12975, 13014, 13099, 13114, 13164, 13176, 13219, 13256, 13285, 13313, 13330, 13394, 13397, 13462, 13557, 13560, 13578, 13632, 13655, 13669, 13689, 13709, 13726, 13789, 13802, 13857, 13938, 13968, 14075, 14089, 14106, 
11455, 11462, 11558, 11587, 12677, 12793, 12807, 12892, 12947, 12975, 13014, 13099, 13114, 13164, 13176, 13219, 13256, 13285, 13313, 13330, 13394, 13397, 13462, 13557, 13560, 13578, 13632, 13655, 13669, 13689, 13709, 13726, 13789, 13802, 13857, 13938, 13968, 14075, 14089, 14106, 
11455, 11462, 11558, 11587, 12677, 12793, 12807, 12892, 12947, 12975, 13014, 13099, 13114, 13164, 13176, 13219, 13256, 13285, 13313, 13330, 13394, 13397, 13462, 13557, 13560, 13578, 13632, 13655, 13669, 13689, 13709, 13726, 13789, 13802, 13857, 13938, 13968, 14075, 14089, 14106, 
11455, 11462, 11558, 11587, 12677, 12793, 12807, 12892, 12947, 12975, 13014, 13099, 13114, 13164, 13176, 13219, 13256, 13285, 13313, 13330, 13394, 13397, 13462, 13557, 13560, 13578, 13632, 13655, 13669, 13689, 13709, 13726, 13789, 13802, 13857, 13938, 13968, 14075, 14089, 14106, 
11455, 11462, 11558, 11587, 12677, 12793, 12807, 12892, 12947, 12975, 13014, 13099, 13114, 13164, 13176, 13219, 13256, 13285, 13313, 13330, 13394, 13397, 13462, 13557, 13560, 13578, 13632, 13655, 13669, 13689, 13709, 13726, 13789, 13802, 13857, 13938, 13968, 14075, 14089, 14106, 
12677, 12793, 12807, 12892, 12947, 12975, 13014, 13099, 13114, 13164, 13176, 13219, 13256, 13285, 13313, 13330, 13394, 13397, 13462, 13557, 13560, 13578, 13632, 13655, 13669, 13689, 13709, 13726, 13789, 13802, 13857, 13938, 13968, 14075, 14089, 14106, 14340, 14341, 14342, 14343, 14344, 14345, 14346, 14347, 14348, 14349, 14350, 14351, 14352, 14353, 14354, 14670, 14671, 14672, 14673, 14674, 14675, 14676, 14677, 14678, 14679, 14680, 14681, 14682, 14683, 14684, 15105, 15106, 15107, 15108, 15109, 15110, 15111, 15112, 15113, 15114, 15115, 15116, 15117, 15118, 15119, 15900, 15901, 15902, 15903, 15904, 15905, 15906, 15907, 15908, 15909, 15910, 15911, 15912, 15913, 15914, 
11455, 11462, 11558, 11587, 12677, 12793, 12807, 12892, 12947, 12975, 13014, 13099, 13114, 13164, 13176, 13219, 13256, 13285, 13313, 13330, 13394, 13397, 13462, 13557, 13560, 13578, 13632, 13655, 13669, 13689, 13709, 13726, 13789, 13802, 13857, 13938, 13968, 14075, 14089, 14106, 
11455, 11462, 11558, 11587, 12677, 12793, 12807, 12892, 12947, 12975, 13014, 13099, 13114, 13164, 13176, 13219, 13256, 13285, 13313, 13330, 13394, 13397, 13462, 13557, 13560, 13578, 13632, 13655, 13669, 13689, 13709, 13726, 13789, 13802, 13857, 13938, 13968, 14075, 14089, 14106, 
11455, 11462, 11558, 11587, 12677, 12793, 12807, 12892, 12947, 12975, 13014, 13099, 13114, 13164, 13176, 13219, 13256, 13285, 13313, 13330, 13394, 13397, 13462, 13557, 13560, 13578, 13632, 13655, 13669, 13689, 13709, 13726, 13789, 13802, 13857, 13938, 13968, 14075, 14089, 14106, 
11455, 11462, 11558, 11587, 12677, 12793, 12807, 12892, 12947, 12975, 13014, 13099, 13114, 13164, 13176, 13219, 13256, 13285, 13313, 13330, 13394, 13397, 13462, 13557, 13560, 13578, 13632, 13655, 13669, 13689, 13709, 13726, 13789, 13802, 13857, 13938, 13968, 14075, 14089, 14106, 
11455, 11462, 11558, 11587, 12677, 12793, 12807, 12892, 12947, 12975, 13014, 13099, 13114, 13164, 13176, 13219, 13256, 13285, 13313, 13330, 13394, 13397, 13462, 13557, 13560, 13578, 13632, 13655, 13669, 13689, 13709, 13726, 13789, 13802, 13857, 13938, 13968, 14075, 14089, 14106, 
11455, 11462, 11558, 11587, 12677, 12793, 12807, 12892, 12947, 12975, 13014, 13099, 13114, 13164, 13176, 13219, 13256, 13285, 13313, 13330, 13394, 13397, 13462, 13557, 13560, 13578, 13632, 13655, 13669, 13689, 13709, 13726, 13789, 13802, 13857, 13938, 13968, 14075, 14089, 14106, 
11455, 11462, 11558, 11587, 12677, 12793, 12807, 12892, 12947, 12975, 13014, 13099, 13114, 13164, 13176, 13219, 13256, 13285, 13313, 13330, 13394, 13397, 13462, 13557, 13560, 13578, 13632, 13655, 13669, 13689, 13709, 13726, 13789, 13802, 13857, 13938, 13968, 14075, 14089, 14106, 
11455, 11462, 11558, 11587, 12677, 12793, 12807, 12892, 12947, 12975, 13014, 13099, 13114, 13164, 13176, 13219, 13256, 13285, 13313, 13330, 13394, 13397, 13462, 13557, 13560, 13578, 13632, 13655, 13669, 13689, 13709, 13726, 13789, 13802, 13857, 13938, 13968, 14075, 14089, 14106, 
11455, 11462, 11558, 11587, 12677, 12793, 12807, 12892, 12947, 12975, 13014, 13099, 13114, 13164, 13176, 13219, 13256, 13285, 13313, 13330, 13394, 13397, 13462, 13557, 13560, 13578, 13632, 13655, 13669, 13689, 13709, 13726, 13789, 13802, 13857, 13938, 13968, 14075, 14089, 14106, 
11455, 11462, 11558, 11587, 12677, 12793, 12807, 12892, 12947, 12975, 13014, 13099, 13114, 13164, 13176, 13219, 13256, 13285, 13313, 13330, 13394, 13397, 13462, 13557, 13560, 13578, 13632, 13655, 13669, 13689, 13709, 13726, 13789, 13802, 13857, 13938, 13968, 14075, 14089, 14106, 
11455, 11462, 11558, 11587, 12677, 12793, 12807, 12892, 12947, 12975, 13014, 13099, 13114, 13164, 13176, 13219, 13256, 13285, 13313, 13330, 13394, 13397, 13462, 13557, 13560, 13578, 13632, 13655, 13669, 13689, 13709, 13726, 13789, 13802, 13857, 13938, 13968, 14075, 14089, 14106, 
